elapsed_seconds,present_gap_ms,frame_id,width,height,bitmap_allocations,native_crop_ms,generation2_collections
1.0058,14.482,58,570,819,2,3.004,1
1.0252,19.377,59,570,819,2,2.390,1
1.0511,25.841,60,571,819,2,4.130,1
1.0610,9.906,61,570,819,2,2.158,1
1.0701,9.105,62,570,819,2,2.247,1
1.0887,18.653,63,570,819,2,3.221,1
1.1038,15.056,64,571,819,2,2.306,1
1.1212,17.413,65,571,819,2,2.536,1
1.1346,13.397,66,571,819,2,2.133,1
1.1524,17.808,67,569,819,2,2.474,1
1.1661,13.733,68,567,819,2,2.092,1
1.1834,17.275,69,565,819,2,3.372,1
1.1985,15.121,70,563,819,2,2.243,1
1.2166,18.041,71,561,819,2,3.421,1
1.2315,14.922,72,559,819,2,2.113,1
1.2591,27.577,73,557,819,2,2.582,1
1.2750,15.974,74,554,819,2,3.397,1
1.2845,9.493,75,549,819,2,2.521,1
1.2982,13.708,76,549,819,2,2.112,1
1.3136,15.394,77,549,819,2,3.667,1
1.3306,16.993,78,550,819,2,2.337,1
1.3472,16.553,79,550,819,2,3.266,1
1.3732,26.053,80,550,819,2,3.546,1
1.3821,8.916,81,550,819,2,3.280,1
1.4065,24.394,82,550,819,2,3.035,1
1.4204,13.822,83,551,819,2,2.338,1
1.4295,9.167,84,552,819,2,2.089,1
1.4519,22.328,85,553,819,2,2.334,1
1.4757,23.835,86,554,819,2,3.339,1
1.4878,12.143,87,555,819,2,2.724,1
1.4988,10.972,88,555,819,2,2.163,1
1.5260,27.214,89,555,819,2,2.341,1
1.5423,16.274,90,556,819,2,2.652,1
1.5575,15.248,91,556,819,2,2.650,1
1.5744,16.831,92,557,819,2,3.282,1
1.5808,6.427,93,557,819,2,2.640,1
1.5970,16.195,94,558,819,2,2.464,1
1.6132,16.177,95,558,819,2,2.723,1
1.6303,17.147,96,558,819,2,2.122,1
1.6453,14.967,97,559,819,2,2.766,1
1.6611,15.816,98,559,819,2,2.815,1
1.6767,15.571,99,558,819,2,3.158,1
1.7014,24.681,100,558,819,2,2.511,1
1.7083,6.972,101,558,819,2,2.777,1
1.7247,16.381,102,558,819,2,2.275,1
1.7401,15.374,103,558,819,2,2.637,1
1.7563,16.185,104,558,819,2,2.539,1
1.7723,16.043,105,558,819,2,2.565,1
1.7890,16.678,106,558,819,2,2.531,1
1.8051,16.145,107,558,819,2,2.379,1
1.8224,17.255,108,557,819,2,2.428,1
1.8388,16.366,109,556,819,2,2.297,1
1.8555,16.755,110,556,819,2,2.555,1
1.8721,16.605,111,555,819,2,2.272,1
1.8904,18.283,112,554,819,2,2.441,1
1.9201,29.725,113,554,819,2,2.637,1
1.9264,6.304,114,554,819,2,2.236,1
1.9408,14.384,115,554,819,2,2.421,1
1.9706,29.763,116,553,819,2,2.538,1
1.9870,16.426,117,553,819,2,2.677,1
1.9944,7.395,118,552,819,2,2.361,1
2.0060,11.563,119,552,819,2,2.585,1
2.0235,17.542,120,551,819,2,2.510,1
2.0403,16.751,121,551,819,2,3.222,1
2.0576,17.378,122,550,819,2,2.708,1
2.0754,17.807,123,550,819,2,2.972,1
2.0905,15.062,124,549,819,2,2.906,1
2.1054,14.867,125,549,819,2,2.501,1
2.1218,16.460,126,549,819,2,2.343,1
2.1399,18.067,127,548,819,2,2.565,1
2.1704,30.551,128,547,819,2,3.389,1
2.1848,14.359,129,546,819,2,3.808,1
2.2033,18.453,130,545,819,2,2.653,1
2.2182,14.928,131,545,819,2,3.580,1
2.2255,7.321,132,545,819,2,2.292,1
2.2401,14.616,133,545,819,2,2.783,1
2.2549,14.735,134,545,819,2,2.169,1
2.2711,16.277,135,545,819,2,2.299,1
2.2896,18.493,136,546,819,2,2.389,1
2.3128,23.211,137,547,819,2,4.192,1
2.3248,11.927,138,548,819,2,2.684,1
2.3421,17.306,139,550,819,2,3.084,1
2.3575,15.402,140,551,819,2,2.355,1
2.3734,15.964,141,552,819,2,2.399,1
2.3890,15.584,142,554,819,2,2.416,1
2.4055,16.494,143,556,819,2,2.471,1
2.4235,17.963,144,557,819,2,2.479,1
2.4389,15.452,145,558,819,2,2.249,1
2.4556,16.699,146,559,819,2,2.267,1
2.4721,16.452,147,561,819,2,2.247,1
2.4890,16.966,148,562,819,2,2.152,1
2.5048,15.719,149,562,819,2,2.238,1
2.5292,24.480,150,562,819,2,2.697,1
2.5387,9.431,151,563,819,2,2.254,1
2.5584,19.745,152,564,819,2,2.610,1
2.5740,15.570,153,562,819,2,2.220,1
2.5908,16.808,154,559,819,2,2.188,1
2.6062,15.436,155,560,819,2,2.245,1
2.6224,16.127,156,559,819,2,2.441,1
2.6395,17.113,157,558,819,2,3.026,1
2.6573,17.820,158,556,819,2,2.935,1
2.6721,14.817,159,545,819,2,2.359,1
2.6898,17.663,160,545,819,2,2.507,1
2.7048,15.062,161,545,819,2,2.243,1
2.7221,17.257,162,545,819,2,2.767,1
2.7380,15.902,163,545,819,2,2.202,1
2.7557,17.716,164,545,819,2,2.186,1
2.7711,15.370,165,545,819,2,2.259,1
2.7886,17.484,166,545,819,2,2.267,1
2.8044,15.837,167,545,819,2,2.260,1
2.8222,17.756,168,545,819,2,2.189,1
2.8382,16.043,169,545,819,2,2.261,1
2.8574,19.232,170,545,819,2,2.410,1
2.8717,14.287,171,545,819,2,2.504,1
2.9011,29.407,172,545,819,2,2.251,1
2.9062,5.086,173,545,819,2,2.813,1
2.9219,15.723,174,545,819,2,2.168,1
2.9382,16.246,175,545,819,2,2.197,1
2.9652,27.052,176,545,819,2,2.173,1
2.9717,6.493,177,545,819,2,2.189,1
2.9881,16.391,178,545,819,2,2.193,1
3.0042,16.090,179,545,819,2,2.309,1
3.0218,17.598,180,545,819,2,2.197,1
3.0388,16.995,181,545,819,2,2.217,1
3.0556,16.762,182,545,819,2,2.380,1
3.0712,15.666,183,545,819,2,2.483,1
3.0890,17.770,184,545,819,2,2.322,1
3.1052,16.198,185,545,819,2,2.434,1
3.1245,19.322,186,545,819,2,2.955,1
3.1526,28.099,187,545,819,2,3.428,1
3.1595,6.928,188,545,819,2,2.884,1
3.1735,13.944,189,545,819,2,2.382,1
3.1896,16.138,190,545,819,2,2.246,1
3.2042,14.603,191,545,819,2,2.329,1
3.2245,20.229,192,545,819,2,3.206,1
3.2391,14.609,193,545,819,2,2.602,1
3.2734,34.309,194,545,819,2,2.893,1
3.2853,11.883,195,545,819,2,2.582,1
3.2986,13.288,196,545,819,2,2.391,1
3.3170,18.476,197,545,819,2,3.803,1
3.3322,15.206,198,545,819,2,2.132,1
3.3788,46.550,199,545,819,2,2.859,1
3.3850,6.262,200,545,819,2,2.168,1
3.4073,22.218,201,545,819,2,2.872,1
3.4248,17.552,202,545,819,2,2.933,1
3.4310,6.229,203,545,819,2,2.184,1
3.4511,20.072,204,565,819,2,3.588,1
3.4780,26.873,205,564,819,2,3.308,1
3.4862,8.179,206,564,819,2,3.663,1
3.5053,19.131,207,563,819,2,2.514,1
3.5334,28.116,208,563,819,2,2.682,1
3.5526,19.142,209,563,819,2,3.371,1
3.5596,7.025,210,563,819,2,2.579,1
3.5864,26.802,211,563,819,2,2.613,1
3.5968,10.405,212,562,819,2,2.138,1
3.6090,12.231,213,562,819,2,2.347,1
3.6266,17.627,214,562,819,2,2.887,1
3.6436,16.938,215,561,819,2,3.458,1
3.6598,16.219,216,561,819,2,3.354,1
3.6885,28.657,217,560,819,2,2.664,1
3.6947,6.235,218,560,819,2,2.240,1
3.7125,17.849,219,560,819,2,3.602,1
3.7274,14.832,220,560,819,2,2.293,1
3.7540,26.651,221,561,819,2,2.972,1
3.7640,9.992,222,561,819,2,2.211,1
3.7972,33.224,223,561,819,2,2.642,1
3.8144,17.120,224,561,819,2,3.603,1
3.8266,12.252,225,560,819,2,2.981,1
3.8342,7.610,226,560,819,2,2.125,1
3.8521,17.874,227,560,819,2,2.376,1
3.8732,21.058,228,560,819,2,2.591,1
3.8862,13.011,229,561,819,2,2.771,1
3.9019,15.718,230,563,819,2,2.154,1
3.9208,18.915,231,564,819,2,2.738,1
3.9521,31.333,232,565,819,2,4.538,1
3.9554,3.306,233,565,819,2,2.655,1
3.9697,14.244,234,566,819,2,2.390,1
3.9964,26.758,235,567,819,2,2.979,1
4.0051,8.632,236,567,819,2,2.353,1
4.0259,20.782,237,568,819,2,2.776,1
4.0401,14.271,238,569,819,2,2.460,1
4.0611,20.929,239,570,819,2,2.669,1
4.0723,11.194,240,570,819,2,2.438,1
4.0911,18.897,241,570,819,2,2.315,1
4.1063,15.171,242,571,819,2,2.334,1
4.1234,17.051,243,572,819,2,2.474,1
4.1371,13.733,244,572,819,2,2.266,1
4.1564,19.255,245,571,819,2,2.768,1
4.1703,13.916,246,571,819,2,2.287,1
4.1897,19.410,247,570,819,2,2.411,1
4.2047,15.026,248,569,819,2,2.452,1
4.2219,17.179,249,568,819,2,2.358,1
4.2495,27.642,250,566,819,2,4.711,1
4.2742,24.632,251,565,819,2,2.579,1
4.2874,13.265,252,556,819,2,3.517,1
4.2946,7.168,253,556,819,2,2.339,1
4.3103,15.674,254,555,819,2,2.786,1
4.3271,16.817,255,556,819,2,2.457,1
4.3527,25.587,256,556,819,2,2.722,1
4.3594,6.721,257,556,819,2,2.741,1
4.3858,26.359,258,556,819,2,2.572,1
4.3934,7.678,259,558,819,2,2.412,1
4.4064,12.948,260,570,819,2,2.197,1
4.4337,27.352,261,578,819,2,2.258,1
4.4532,19.441,262,587,819,2,2.791,1
4.4611,7.942,263,594,819,2,2.552,1
4.4732,12.068,264,600,819,2,2.445,1
4.4909,17.736,265,606,819,2,2.144,1
4.5050,14.126,266,610,819,2,2.332,1
4.5236,18.568,267,614,819,2,2.207,1
4.5345,10.863,268,616,819,2,2.190,1
4.5536,19.097,269,617,819,2,3.153,1
4.5685,14.943,270,618,819,2,2.289,1
4.5929,24.354,271,618,819,2,2.498,1
4.6031,10.229,272,618,819,2,2.611,1
4.6225,19.394,273,618,819,2,2.322,1
4.6509,28.358,274,618,819,2,4.096,1
4.6576,6.733,275,618,819,2,2.568,1
4.6773,19.722,276,618,819,2,2.982,1
4.6927,15.372,277,618,819,2,2.840,1
4.7084,15.771,278,618,819,2,2.298,1
4.7394,30.917,279,619,819,2,3.026,1
4.7506,11.257,280,618,819,2,3.628,1
4.7618,11.177,281,619,819,2,2.462,1
4.7873,25.467,282,619,819,2,3.089,1
4.7950,7.690,283,619,819,2,2.666,1
4.8164,21.399,284,619,819,2,2.677,1
4.8387,22.319,285,618,819,2,3.145,1
4.8522,13.536,286,618,819,2,4.343,1
4.8591,6.921,287,618,819,2,2.560,1
4.8740,14.908,288,618,819,2,2.214,1
4.8922,18.204,289,618,819,2,2.533,1
4.9113,19.083,290,617,819,2,2.462,1
4.9335,22.188,291,616,819,2,2.734,1
4.9496,16.121,292,615,819,2,3.704,1
4.9685,18.843,293,615,819,2,2.306,1
4.9877,19.175,294,615,819,2,2.312,1
5.0017,14.017,295,615,819,2,2.147,1
5.0207,19.030,296,614,819,2,2.422,1
5.0339,13.158,297,614,819,2,2.184,1
5.0520,18.103,298,614,819,2,2.399,1
5.0685,16.557,299,614,819,2,2.185,1
5.0952,26.689,300,614,819,2,3.579,1
5.1158,20.630,301,614,819,2,4.800,1
5.1324,16.579,302,614,819,2,3.040,1
5.1426,10.200,303,614,819,2,2.912,1
5.1656,23.009,304,613,819,2,2.543,1
5.1833,17.694,305,613,819,2,4.400,1
5.1990,15.694,306,613,819,2,2.924,1
5.2172,18.227,307,613,819,2,4.301,1
5.2340,16.715,308,617,819,2,2.636,1
5.2504,16.404,309,625,819,2,4.148,1
5.2691,18.782,310,634,819,2,2.483,1
5.2931,23.987,311,641,819,2,3.237,1
5.3062,13.050,312,649,819,2,4.012,1
5.3151,8.904,313,655,819,2,3.869,1
5.3314,16.346,314,661,819,2,2.286,1
5.3580,26.585,315,666,819,2,2.916,1
5.3682,10.197,316,670,819,2,2.755,1
5.3789,10.714,317,674,819,2,3.306,1
5.3943,15.401,318,684,819,2,2.625,1
5.4095,15.174,319,706,819,2,2.380,1
5.4291,19.592,320,725,819,2,2.211,1
5.4417,12.590,321,746,819,2,2.392,1
5.4609,19.182,322,767,819,2,2.634,1
5.4775,16.591,323,787,819,2,2.482,1
5.4962,18.777,324,806,819,2,3.368,1
5.5219,25.697,325,825,819,2,4.001,1
5.5301,8.147,326,844,819,2,3.737,1
5.5572,27.174,327,861,819,2,2.791,1
5.5753,18.021,328,876,819,2,2.587,1
5.5929,17.594,329,889,819,2,2.943,1
5.6167,23.791,330,901,819,2,4.146,1
5.6293,12.677,331,912,819,2,3.571,1
5.6406,11.314,332,920,819,2,2.397,1
5.6715,30.808,333,925,819,2,3.234,1
5.6789,7.427,334,926,819,2,3.282,1
5.6954,16.554,335,925,819,2,2.654,1
5.7223,26.890,336,924,819,2,3.790,1
5.7318,9.479,337,923,819,2,2.451,1
5.7585,26.681,338,922,819,2,2.820,1
5.7760,17.511,339,920,819,2,2.586,1
5.7859,9.870,340,911,819,2,3.349,1
5.8015,15.652,341,911,819,2,3.002,1
5.8359,34.384,342,910,819,2,2.823,1
5.8428,6.934,343,911,819,2,2.344,1
5.8626,19.794,344,911,819,2,2.653,1
5.8777,15.035,345,911,819,2,2.457,1
5.9076,29.938,346,913,819,2,2.886,1
5.9268,19.158,347,920,819,2,3.098,1
5.9333,6.492,348,922,819,2,2.294,1
5.9596,26.324,349,923,819,2,2.385,1
5.9767,17.109,350,924,819,2,2.624,1
5.9849,8.229,351,925,819,2,3.663,1
5.9998,14.844,352,926,819,2,2.311,1
6.0172,17.482,353,927,819,2,3.740,1
6.0323,15.022,354,928,819,2,2.346,1
6.0583,26.019,355,928,819,2,2.662,1
6.0645,6.250,356,928,819,2,2.477,1
6.0808,16.245,357,929,819,2,2.982,1
6.0956,14.830,358,929,819,2,2.623,1
6.1113,15.691,359,929,819,2,2.645,1
6.1273,15.995,360,929,819,2,2.370,1
6.1442,16.862,361,929,819,2,2.380,1
6.1725,28.384,362,929,819,2,3.403,1
6.1834,10.889,363,929,819,2,3.476,1
6.1937,10.276,364,929,819,2,2.546,1
6.2098,16.139,365,930,819,2,2.313,1
6.2344,24.582,366,930,819,2,3.192,1
6.2515,17.097,367,930,819,2,4.033,1
6.2712,19.713,368,930,819,2,2.986,1
6.2859,14.623,369,930,819,2,2.770,1
6.3044,18.571,370,930,819,2,3.006,1
6.3138,9.413,371,930,819,2,3.621,1
6.3311,17.265,372,929,819,2,2.495,1
6.3462,15.107,373,929,819,2,2.802,1
6.3649,18.713,374,968,819,2,3.572,1
6.3934,28.479,375,967,819,2,3.910,1
6.4083,14.939,376,967,819,2,2.643,1
6.4202,11.841,377,967,819,2,5.014,1
6.4330,12.795,378,966,819,2,2.499,1
6.4542,21.252,379,966,819,2,3.875,1
6.4737,19.501,380,965,819,2,3.184,1
6.5078,34.017,381,965,819,2,5.094,1
6.5320,24.211,382,927,819,2,4.265,1
6.5515,19.508,383,927,819,2,6.048,1
6.5725,21.026,384,927,819,2,4.896,1
6.5885,15.954,385,927,819,2,4.212,1
6.6107,22.225,386,926,819,2,2.508,1
6.6350,24.372,387,925,819,2,3.732,1
6.6546,19.505,388,925,819,2,5.014,1
6.6878,33.261,389,925,819,2,4.104,1
6.7016,13.820,390,926,819,2,4.390,1
6.7258,24.125,391,925,819,2,3.177,1
6.7430,17.195,392,925,819,2,2.972,1
6.7674,24.423,393,925,819,2,3.682,1
6.8004,33.024,394,924,819,2,6.315,1
6.8097,9.265,395,925,819,2,4.040,1
6.8464,36.691,396,925,819,2,3.824,1
6.8609,14.555,397,924,819,2,5.424,1
6.8877,26.818,398,925,819,2,4.574,1
6.9126,24.886,399,925,819,2,3.182,1
6.9571,44.505,400,927,819,2,6.021,1
6.9690,11.867,401,928,819,2,4.412,1
6.9961,27.124,402,929,819,2,3.461,1
7.0167,20.630,403,931,819,2,3.944,1
7.0379,21.111,404,931,819,2,4.811,1
7.0494,11.501,405,933,819,2,4.146,1
7.0921,42.708,406,934,819,2,7.142,1
7.1054,13.300,407,934,819,2,5.711,1
7.1218,16.470,408,934,819,2,4.282,1
7.1464,24.537,409,935,819,2,3.878,1
7.1920,45.659,410,936,819,2,4.067,1
7.2054,13.336,411,935,819,2,3.384,1
7.2267,21.305,412,934,819,2,3.476,1
7.2532,26.535,413,933,819,2,4.844,1
7.2629,9.686,414,932,819,2,2.941,1
7.2819,18.987,415,930,819,2,3.501,1
7.3076,25.688,416,924,819,2,4.293,1
7.3318,24.208,417,920,819,2,4.062,1
7.3517,19.878,418,920,819,2,3.758,1
7.3744,22.728,419,920,819,2,3.905,1
7.3937,19.298,420,920,819,2,2.786,1
7.4124,18.688,421,922,819,2,2.360,1
7.4321,19.738,422,923,819,2,3.042,1
7.4540,21.904,423,924,819,2,4.165,1
7.6510,196.961,424,925,819,2,2.384,1
7.6692,18.273,425,926,819,2,2.393,1
7.6887,19.422,426,927,819,2,3.687,1
7.7056,16.945,427,929,819,2,2.625,1
7.7258,20.169,428,929,819,2,2.615,1
7.7424,16.608,429,930,819,2,2.426,1
7.7616,19.214,430,922,819,2,2.471,1
7.7815,19.886,431,922,819,2,2.706,1
7.7982,16.742,432,921,819,2,2.964,1
7.8167,18.485,433,921,819,2,3.581,1
7.8338,17.089,434,921,819,2,2.482,1
7.8555,21.702,435,921,819,2,4.008,1
7.8761,20.561,436,920,819,2,2.528,1
7.8967,20.680,437,919,819,2,3.070,1
7.9219,25.143,438,919,819,2,3.501,1
7.9416,19.681,439,918,819,2,2.989,1
7.9607,19.088,440,916,819,2,2.564,1
7.9753,14.601,441,915,819,2,2.356,1
7.9930,17.735,442,914,819,2,2.272,1
8.0094,16.388,443,914,819,2,2.403,1
8.0292,19.860,444,914,819,2,2.670,1
8.0480,18.739,445,913,819,2,2.654,1
8.0645,16.540,446,913,819,2,3.010,1
8.0820,17.503,447,913,819,2,3.834,1
8.0976,15.573,448,913,819,2,2.547,1
8.1170,19.412,449,912,819,2,3.467,1
8.1321,15.099,450,911,819,2,2.686,1
8.1511,18.993,451,911,819,2,3.638,1
8.1673,16.177,452,911,819,2,2.266,1
8.1848,17.556,453,911,819,2,3.332,1
8.2022,17.409,454,911,819,2,2.334,1
8.2232,20.914,455,911,819,2,2.585,1
8.2387,15.518,456,911,819,2,2.521,1
8.2559,17.181,457,911,819,2,2.652,1
8.2719,16.086,458,911,819,2,3.095,1
8.2901,18.121,459,911,819,2,3.088,1
8.3050,14.945,460,911,819,2,2.874,1
8.3240,18.998,461,911,819,2,2.892,1
8.3413,17.335,462,911,819,2,2.499,1
8.3601,18.776,463,911,819,2,2.456,1
8.3774,17.313,464,911,819,2,2.578,1
8.3956,18.148,465,911,819,2,2.410,1
8.4147,19.091,466,911,819,2,3.748,1
8.4353,20.661,467,911,819,2,2.690,1
8.4605,25.169,468,911,819,2,2.967,1
8.4837,23.211,469,911,819,2,4.135,1
8.5118,28.105,470,911,819,2,3.896,1
8.5371,25.284,471,911,819,2,3.620,1
8.5630,25.852,472,911,819,2,3.704,1
8.5847,21.700,473,911,819,2,4.316,1
8.6019,17.231,474,911,819,2,2.456,1
8.6196,17.715,475,911,819,2,3.602,1
8.6344,14.822,476,911,819,2,2.390,1
8.6537,19.314,477,911,819,2,3.674,1
8.6688,15.104,478,911,819,2,2.415,1
8.6865,17.617,479,911,819,2,3.408,1
8.7065,20.013,480,911,819,2,2.559,1
8.7288,22.282,481,911,819,2,3.213,1
8.7451,16.306,482,911,819,2,2.545,1
8.7634,18.310,483,911,819,2,2.574,1
8.7802,16.810,484,911,819,2,3.278,1
8.8002,20.009,485,911,819,2,2.727,1
8.8205,20.319,486,911,819,2,4.345,1
8.8373,16.765,487,911,819,2,2.717,1
8.8598,22.524,488,911,819,2,2.322,1
8.8863,26.460,489,911,819,2,4.828,1
8.9045,18.214,490,911,819,2,3.061,1
8.9263,21.866,491,911,819,2,2.712,1
8.9448,18.453,492,911,819,2,2.518,1
8.9628,18.020,493,911,819,2,2.301,1
8.9788,15.997,494,911,819,2,2.263,1
8.9967,17.857,495,911,819,2,2.626,1
9.0124,15.732,496,911,819,2,2.772,1
9.0286,16.171,497,911,819,2,2.503,1
9.0441,15.534,498,911,819,2,2.419,1
9.0647,20.597,499,911,819,2,2.636,1
9.0838,19.060,500,911,819,2,3.676,1
9.1012,17.491,501,911,819,2,2.339,1
9.1220,20.735,502,911,819,2,2.783,1
9.1373,15.268,503,911,819,2,2.557,1
9.1549,17.664,504,911,819,2,3.002,1
9.1719,16.936,505,911,819,2,2.381,1
9.1933,21.460,506,911,819,2,3.043,1
9.2078,14.471,507,911,819,2,2.294,1
9.2250,17.188,508,911,819,2,2.278,1
9.2405,15.487,509,911,819,2,2.251,1
9.2580,17.569,510,911,819,2,2.248,1
9.2739,15.856,511,911,819,2,2.351,1
9.2949,21.049,512,911,819,2,2.446,1
9.3095,14.610,513,911,819,2,2.493,1
9.3285,18.954,514,911,819,2,2.283,1
9.3439,15.429,515,911,819,2,2.505,1
9.3614,17.492,516,911,819,2,2.210,1
9.3801,18.708,517,911,819,2,2.765,1
9.4001,19.986,518,911,819,2,2.523,1
9.4190,18.852,519,911,819,2,4.042,1
9.4357,16.756,520,911,819,2,2.513,1
9.4547,18.991,521,911,819,2,4.022,1
9.4701,15.387,522,911,819,2,2.624,1
9.4898,19.684,523,911,819,2,2.981,1
9.5100,20.221,524,911,819,2,3.321,1
9.5294,19.399,525,911,819,2,2.458,1
9.5460,16.632,526,911,819,2,2.557,1
9.5635,17.455,527,911,819,2,2.357,1
9.5799,16.402,528,911,819,2,2.602,1
9.5970,17.080,529,911,819,2,2.409,1
9.6133,16.349,530,911,819,2,2.738,1
9.6294,16.064,531,911,819,2,2.735,1
9.6458,16.460,532,911,819,2,2.710,1
9.6617,15.832,533,911,819,2,2.234,1
9.6779,16.181,534,911,819,2,2.320,1
9.6986,20.746,535,911,819,2,2.565,1
9.7140,15.441,536,911,819,2,2.775,1
9.7291,15.091,537,911,819,2,2.239,1
9.8871,157.921,538,911,819,2,2.403,1
9.9060,18.956,539,911,819,2,2.935,1
9.9328,26.795,540,935,826,2,2.541,1
9.9510,18.159,541,935,823,2,3.349,1
9.9710,20.044,542,934,821,2,3.567,1
9.9964,25.390,543,934,819,2,2.746,1
10.0121,15.684,544,934,819,2,2.263,1
10.0301,18.032,545,934,819,2,2.371,1
10.0499,19.784,546,934,819,2,3.222,1
10.0661,16.184,547,934,819,2,2.644,1
10.0883,22.209,548,933,819,2,4.355,1
10.1056,17.320,549,933,819,2,3.230,1
10.1265,20.913,550,933,819,2,2.266,1
10.1450,18.511,551,932,819,2,2.232,1
10.1635,18.502,552,932,819,2,2.223,1
10.1821,18.566,553,932,819,2,2.773,1
10.1996,17.466,554,931,819,2,2.480,1
10.2192,19.639,555,931,819,2,4.011,1
10.2377,18.475,556,930,819,2,2.393,1
10.2580,20.278,557,930,819,2,2.566,1
10.2776,19.609,558,930,819,2,2.282,1
10.2969,19.300,559,929,819,2,2.234,1
10.3128,15.880,560,929,819,2,2.547,1
10.3332,20.474,561,928,819,2,2.540,1
10.3513,18.033,562,928,819,2,3.448,1
10.3705,19.282,563,927,819,2,2.843,1
10.3906,20.039,564,927,819,2,2.808,1
10.4102,19.597,565,926,819,2,2.513,1
10.4288,18.617,566,926,819,2,2.288,1
10.4523,23.551,567,925,819,2,3.859,1
10.4708,18.418,568,925,819,2,3.235,1
10.4959,25.183,569,924,819,2,3.528,1
10.5176,21.615,570,924,819,2,3.675,1
10.5369,19.363,571,923,819,2,3.383,1
10.5568,19.833,572,923,819,2,2.509,1
10.5771,20.302,573,922,819,2,2.469,1
10.6010,23.956,574,922,819,2,2.932,1
10.6237,22.657,575,921,819,2,3.396,1
10.6441,20.446,576,921,819,2,2.391,1
10.6636,19.465,577,920,819,2,2.273,1
10.6814,17.832,578,919,819,2,2.517,1
10.6978,16.418,579,919,819,2,2.239,1
10.7187,20.841,580,918,819,2,2.982,1
10.7330,14.293,581,918,819,2,2.699,1
10.7558,22.875,582,917,819,2,3.679,1
10.7729,17.017,583,917,819,2,2.381,1
10.7937,20.847,584,916,819,2,2.391,1
10.8132,19.524,585,916,819,2,2.360,1
10.8315,18.272,586,915,819,2,2.435,1
10.8493,17.752,587,914,819,2,2.975,1
10.8675,18.229,588,914,819,2,2.655,1
10.8851,17.569,589,914,819,2,3.593,1
10.9048,19.739,590,913,819,2,2.403,1
10.9260,21.188,591,913,819,2,2.771,1
10.9430,17.024,592,912,819,2,2.522,1
10.9618,18.782,593,912,819,2,2.653,1
10.9810,19.226,594,912,819,2,2.865,1
11.0008,19.811,595,911,819,2,2.839,1
11.0194,18.548,596,911,819,2,3.690,1
11.0370,17.672,597,911,819,2,2.609,1
11.0570,19.993,598,911,819,2,2.381,1
11.0753,18.279,599,911,819,2,2.480,1
11.1006,25.269,600,911,819,2,2.664,1
11.1244,23.830,601,911,819,2,3.823,1
11.1437,19.301,602,911,819,2,2.390,1
11.1681,24.422,603,911,819,2,2.606,1
11.1925,24.389,604,911,819,2,2.557,1
11.2100,17.477,605,911,819,2,2.280,1
11.2302,20.171,606,911,819,2,2.252,1
11.2523,22.157,607,911,819,2,3.658,1
11.2683,15.932,608,911,819,2,2.879,1
11.2896,21.382,609,911,819,2,2.892,1
11.3064,16.726,610,911,819,2,2.416,1
11.3278,21.477,611,908,819,2,2.545,1
11.3480,20.122,612,907,818,2,2.709,1
11.3670,19.011,613,907,779,2,2.755,1
11.3865,19.473,614,906,779,2,3.977,1
11.4190,32.517,615,906,779,2,3.550,1
11.4341,15.097,616,906,779,2,3.120,1
11.4500,15.981,617,926,741,2,2.767,1
11.4644,14.346,618,926,741,2,2.176,1
11.4816,17.239,619,926,741,2,2.935,1
11.5031,21.461,620,926,741,2,3.393,1
11.5208,17.697,621,926,741,2,2.552,1
11.5341,13.276,622,926,741,2,2.584,1
11.5494,15.312,623,926,741,2,2.553,1
11.5640,14.618,624,926,741,2,2.149,1
11.5779,13.951,625,926,741,2,2.242,1
11.5937,15.757,626,927,741,2,2.232,1
11.6077,13.960,627,927,741,2,2.239,1
11.6247,17.054,628,927,741,2,2.171,1
11.6391,14.426,629,927,741,2,2.732,1
11.6568,17.649,630,927,741,2,2.549,1
11.6728,16.034,631,927,741,2,2.353,1
11.6921,19.309,632,927,741,2,3.190,1
11.7070,14.871,633,927,741,2,2.363,1
11.7232,16.239,634,927,741,2,2.355,1
11.7369,13.662,635,927,741,2,2.316,1
11.7552,18.321,636,927,741,2,2.638,1
11.7682,12.969,637,927,741,2,2.683,1
11.7877,19.533,638,927,741,2,2.500,1
11.8018,14.091,639,927,741,2,3.288,1
11.8213,19.454,640,927,741,2,2.576,1
11.8345,13.178,641,927,741,2,2.556,1
11.8585,24.091,642,927,741,2,3.785,1
11.8810,22.495,643,927,741,2,3.268,1
11.8987,17.706,644,927,741,2,2.322,1
11.9171,18.330,645,927,741,2,3.385,1
11.9306,13.486,646,927,741,2,2.129,1
11.9459,15.341,647,927,741,2,2.472,1
11.9617,15.807,648,927,741,2,2.145,1
11.9763,14.587,649,927,741,2,2.180,1
11.9934,17.059,650,927,741,2,2.316,1
12.0095,16.183,651,927,741,2,2.208,1
12.0253,15.792,652,927,741,2,2.197,1
12.0398,14.432,653,927,741,2,2.205,1
12.0579,18.087,654,927,741,2,2.359,1
12.0730,15.189,655,927,741,2,2.235,1
12.0952,22.205,656,927,741,2,2.517,1
12.1093,14.089,657,927,741,2,2.193,1
12.1257,16.380,658,927,741,2,2.242,1
12.1404,14.648,659,927,741,2,2.204,1
12.1566,16.212,660,927,741,2,2.257,1
12.1717,15.172,661,927,741,2,2.266,1
12.1890,17.211,662,927,741,2,2.242,1
12.2029,13.938,663,927,741,2,3.022,1
12.2227,19.836,664,926,741,2,3.136,1
12.2378,15.099,665,925,741,2,2.581,1
12.2547,16.879,666,927,741,2,2.812,1
12.2681,13.373,667,927,741,2,2.446,1
12.2880,19.915,668,927,741,2,3.193,1
12.3014,13.370,669,927,741,2,2.507,1
12.3204,19.040,670,927,741,2,2.350,1
12.3336,13.226,671,927,741,2,2.479,1
12.3551,21.474,672,927,741,2,3.184,1
12.3738,18.733,673,927,741,2,2.215,1
12.3909,17.085,674,927,741,2,2.330,1
12.4043,13.401,675,927,741,2,2.351,1
12.4212,16.886,676,927,741,2,2.242,1
12.4361,14.899,677,927,741,2,2.613,1
12.4536,17.470,678,927,741,2,2.561,1
12.4669,13.358,679,927,741,2,2.418,1
12.4881,21.200,680,927,741,2,3.248,1
12.5062,18.071,681,927,741,2,3.123,1
12.5219,15.684,682,927,741,2,2.587,1
12.5355,13.647,683,927,741,2,2.853,1
12.5534,17.817,684,927,741,2,3.323,1
12.5675,14.091,685,927,741,2,2.327,1
12.5857,18.230,686,927,741,2,3.258,1
12.6005,14.831,687,927,741,2,2.488,1
12.6209,20.418,688,927,741,2,2.872,1
12.6353,14.328,689,927,741,2,2.400,1
12.6544,19.172,690,927,741,2,2.944,1
12.6725,18.106,691,927,741,2,2.203,1
12.6890,16.465,692,927,741,2,2.226,1
12.7042,15.244,693,927,741,2,2.607,1
12.7211,16.876,694,927,741,2,2.291,1
12.7345,13.427,695,927,741,2,2.473,1
12.7549,20.307,696,927,741,2,3.446,1
12.7705,15.630,697,927,741,2,2.847,1
12.7880,17.507,698,928,741,2,2.869,1
12.8005,12.496,699,928,741,2,2.126,1
12.8202,19.710,700,928,741,2,2.617,1
12.8357,15.536,701,929,741,2,2.715,1
12.8540,18.238,702,929,741,2,2.593,1
12.8679,13.953,703,929,741,2,2.926,1
12.8874,19.492,704,929,741,2,2.603,1
12.9031,15.712,705,930,741,2,2.567,1
12.9212,18.054,706,930,741,2,2.513,1
12.9368,15.626,707,930,741,2,3.195,1
12.9594,22.558,708,930,744,2,3.524,1
12.9798,20.406,709,931,748,2,2.941,1
12.9946,14.869,710,931,751,2,2.126,1
13.0091,14.496,711,931,755,2,2.399,1
13.0283,19.206,712,931,759,2,2.151,1
13.0429,14.568,713,931,762,2,2.178,1
13.0596,16.718,714,931,765,2,2.229,1
13.0750,15.388,715,932,768,2,2.250,1
13.0938,18.759,716,932,770,2,2.344,1
13.1088,15.019,717,932,773,2,2.715,1
13.1259,17.136,718,932,775,2,2.236,1
13.1415,15.598,719,932,777,2,2.218,1
13.1640,22.502,720,932,779,2,2.793,1
13.1787,14.716,721,932,780,2,2.276,1
13.1953,16.557,722,933,782,2,2.285,1
13.2109,15.561,723,932,783,2,2.531,1
13.2284,17.511,724,932,784,2,2.416,1
13.2442,15.871,725,933,784,2,2.988,1
13.2637,19.459,726,933,785,2,2.168,1
13.2816,17.911,727,933,785,2,2.633,1
13.2976,16.024,728,927,741,2,2.193,1
13.3120,14.379,729,927,741,2,2.978,1
13.3311,19.085,730,927,741,2,2.911,1
13.3438,12.697,731,927,741,2,2.429,1
13.3585,14.662,732,927,741,2,2.134,1
13.3724,13.911,733,925,741,2,2.772,1
13.3906,18.271,734,919,741,2,3.604,1
13.4028,12.201,735,918,741,2,2.597,1
13.4199,17.090,736,918,741,2,3.805,1
13.4338,13.817,737,918,741,2,2.122,1
13.4560,22.268,738,918,741,2,3.312,1
13.4689,12.840,739,918,741,2,2.614,1
13.4863,17.399,740,918,741,2,3.944,1
13.5038,17.559,741,918,741,2,3.263,1
13.5201,16.318,742,918,741,2,3.156,1
13.5357,15.521,743,918,741,2,2.532,1
13.5539,18.244,744,918,741,2,3.511,1
13.5746,20.674,745,918,741,2,2.395,1
13.5924,17.863,746,918,741,2,2.233,1
13.6059,13.502,747,918,741,2,2.299,1
13.6231,17.172,748,917,741,2,2.961,1
13.6445,21.358,749,913,741,2,2.443,1
13.6608,16.339,750,907,741,2,2.321,1
13.6742,13.344,751,899,741,2,3.297,1
13.6923,18.145,752,889,741,2,3.269,1
13.7083,16.023,753,876,741,2,2.798,1
13.7253,16.947,754,862,741,2,2.480,1
13.7402,14.897,755,846,741,2,3.356,1
13.7571,16.890,756,829,741,2,3.383,1
13.7708,13.775,757,812,741,2,3.225,1
13.7885,17.717,758,793,741,2,3.228,1
13.8016,13.095,759,774,741,2,2.236,1
13.8231,21.469,760,754,741,2,4.511,1
13.8408,17.732,761,735,741,2,2.416,1
13.8587,17.883,762,716,741,2,2.326,1
13.8753,16.613,763,696,741,2,2.167,1
13.8947,19.341,764,678,741,2,2.269,1
13.9099,15.258,765,675,741,2,2.658,1
13.9270,17.014,766,672,741,2,2.327,1
13.9439,16.949,767,668,741,2,2.245,1
13.9628,18.928,768,663,741,2,2.854,1
13.9785,15.699,769,658,741,2,2.612,1
13.9936,15.083,770,651,741,2,2.113,1
14.0083,14.721,771,644,741,2,2.181,1
14.0242,15.909,772,636,741,2,2.115,1
14.0396,15.370,773,628,741,2,3.673,1
14.0568,17.220,774,619,741,2,2.270,1
14.0701,13.292,775,616,741,2,2.587,1
14.0907,20.620,776,616,741,2,3.283,1
14.1048,14.020,777,616,741,2,3.095,1
14.1233,18.497,778,616,741,2,2.904,1
14.1371,13.838,779,616,741,2,3.075,1
14.1537,16.634,780,616,741,2,2.639,1
14.1694,15.714,781,616,741,2,2.793,1
14.1911,21.689,782,616,741,2,2.110,1
14.2069,15.749,783,616,741,2,3.035,1
14.2237,16.828,784,616,741,2,2.186,1
14.2381,14.399,785,616,741,2,3.107,1
14.2541,15.995,786,616,741,2,2.852,1
14.2690,14.935,787,616,741,2,2.113,1
14.2865,17.425,788,616,741,2,3.348,1
14.3009,14.475,789,616,741,2,2.197,1
14.3227,21.733,790,616,741,2,2.847,1
14.3374,14.711,791,616,741,2,2.404,1
14.3540,16.661,792,616,741,2,3.238,1
14.3668,12.777,793,616,741,2,2.097,1
14.3870,20.138,794,616,741,2,2.843,1
14.4072,20.286,795,616,741,2,3.599,1
14.4229,15.697,796,616,741,2,2.283,1
14.4358,12.832,797,616,741,2,2.446,1
14.4523,16.541,798,616,741,2,3.615,1
14.4659,13.552,799,616,741,2,2.097,1
14.4880,22.128,800,616,741,2,3.296,1
14.5044,16.438,801,616,741,2,4.025,1
14.5245,20.022,802,616,741,2,3.166,1
14.5395,15.062,803,616,741,2,2.229,1
14.5595,19.982,804,616,741,2,2.215,1
14.5743,14.798,805,616,741,2,2.211,1
14.5900,15.668,806,616,741,2,2.135,1
14.6041,14.094,807,616,741,2,2.993,1
14.6233,19.247,808,616,741,2,2.852,1
14.6375,14.170,809,616,741,2,3.422,1
14.6554,17.937,810,616,741,2,3.595,1
14.6682,12.779,811,616,741,2,2.246,1
14.6863,18.075,812,616,741,2,2.915,1
14.7002,13.943,813,616,741,2,2.123,1
14.7209,20.672,814,615,741,2,2.915,1
14.7335,12.652,815,614,741,2,2.136,1
14.7552,21.621,816,612,741,2,3.515,1
14.7697,14.591,817,609,741,2,3.157,1
14.7907,20.971,818,605,741,2,2.974,1
14.8053,14.580,819,601,741,2,3.531,1
14.8228,17.518,820,595,741,2,2.509,1
14.8368,13.975,821,588,741,2,2.397,1
14.8547,17.938,822,580,741,2,3.611,1
14.8687,13.922,823,572,741,2,2.140,1
14.8872,18.560,824,563,741,2,3.133,1
14.9009,13.731,825,563,741,2,2.153,1
14.9199,18.998,826,563,741,2,3.136,1
14.9328,12.898,827,563,741,2,2.148,1
14.9531,20.266,828,563,741,2,2.943,1
14.9658,12.741,829,563,741,2,2.062,1
14.9850,19.162,830,563,741,2,2.866,1
14.9999,14.885,831,563,741,2,2.176,1
15.0199,19.996,832,563,741,2,2.843,1
15.0330,13.123,833,563,741,2,2.604,1
15.0534,20.430,834,563,741,2,2.948,1
15.0699,16.473,835,563,741,2,2.685,1
15.0866,16.713,836,563,741,2,3.073,1
15.0990,12.361,837,563,741,2,2.054,1
15.1182,19.186,838,563,741,2,2.318,1
15.1323,14.083,839,563,741,2,2.062,1
15.1528,20.545,840,563,741,2,3.029,1
15.1654,12.626,841,563,741,2,2.046,1
15.1847,19.296,842,563,741,2,2.235,1
15.1988,14.051,843,563,741,2,2.037,1
15.2195,20.735,844,563,741,2,2.199,1
15.2321,12.622,845,563,741,2,2.057,1
15.2521,20.004,846,563,741,2,2.480,1
15.2670,14.843,847,563,741,2,2.096,1
15.2864,19.405,848,563,741,2,3.085,1
15.2990,12.577,849,563,741,2,2.186,1
15.3192,20.224,850,563,741,2,2.394,1
15.3324,13.167,851,563,741,2,2.061,1
15.3519,19.496,852,563,741,2,2.200,1
15.3659,14.036,853,563,741,2,2.054,1
15.3858,19.893,854,563,741,2,2.380,1
15.3989,13.148,855,563,741,2,2.054,1
15.4196,20.635,856,563,741,2,2.673,1
15.4325,12.937,857,563,741,2,2.093,1
15.4511,18.615,858,563,741,2,2.168,1
15.4654,14.280,859,563,741,2,2.056,1
15.4871,21.666,860,563,741,2,2.479,1
15.5050,17.956,861,563,741,2,4.412,1
15.5235,18.457,862,563,741,2,2.238,1
15.5366,13.157,863,563,741,2,2.626,1
15.5543,17.661,864,563,741,2,2.831,1
15.5661,11.823,865,563,741,2,2.080,1
15.5843,18.147,866,563,741,2,2.210,1
15.5989,14.687,867,563,741,2,2.062,1
15.6173,18.373,868,563,741,2,2.159,1
15.6323,14.955,869,563,741,2,2.061,1
15.6515,19.255,870,563,741,2,2.216,1
15.6682,16.685,871,563,741,2,2.130,1
15.6855,17.315,872,563,741,2,2.770,1
15.6994,13.833,873,563,741,2,2.542,1
15.7182,18.801,874,563,741,2,2.222,1
15.7321,13.898,875,563,741,2,2.052,1
15.7506,18.498,876,563,741,2,2.158,1
15.7654,14.882,877,563,741,2,2.045,1
15.7850,19.548,878,563,741,2,2.263,1
15.7987,13.707,879,563,741,2,2.041,1
15.8189,20.238,880,563,741,2,2.796,1
15.8331,14.162,881,563,741,2,2.551,1
15.8546,21.550,882,563,741,2,2.387,1
15.8655,10.871,883,563,741,2,2.183,1
15.8849,19.373,884,563,741,2,2.154,1
15.8989,14.022,885,563,741,2,2.081,1
15.9188,19.916,886,563,741,2,2.692,1
15.9323,13.449,887,563,741,2,2.057,1
15.9518,19.543,888,563,741,2,2.562,1
15.9655,13.650,889,563,741,2,2.034,1
15.9853,19.873,890,563,741,2,2.220,1
15.9988,13.432,891,563,741,2,2.035,1
16.0178,19.020,892,563,741,2,2.167,1
16.0326,14.773,893,563,741,2,2.570,1
16.0507,18.129,894,563,741,2,2.276,1
16.0657,14.952,895,563,741,2,2.034,1
16.0855,19.872,896,563,741,2,2.603,1
16.0996,14.028,897,563,741,2,2.077,1
16.1176,18.017,898,563,741,2,2.310,1
16.1330,15.460,899,563,741,2,2.150,1
16.1515,18.459,900,563,741,2,2.177,1
16.1657,14.221,901,563,741,2,2.125,1
16.1840,18.306,902,563,741,2,2.176,1
16.1993,15.245,903,563,741,2,2.274,1
16.2198,20.555,904,563,741,2,2.716,1
16.2322,12.412,905,563,741,2,2.065,1
16.2519,19.657,906,563,741,2,2.227,1
16.2653,13.462,907,563,741,2,2.048,1
16.2852,19.868,908,563,741,2,2.213,1
16.2987,13.502,909,563,741,2,2.049,1
16.3190,20.243,910,563,741,2,2.212,1
16.3320,13.060,911,563,741,2,2.033,1
16.3527,20.655,912,563,741,2,2.935,1
16.3674,14.705,913,563,741,2,2.066,1
16.3848,17.408,914,563,741,2,2.307,1
16.4005,15.684,915,563,741,2,2.241,1
16.4194,18.943,916,563,741,2,2.367,1
16.4328,13.374,917,563,741,2,2.127,1
16.4528,19.972,918,563,741,2,2.324,1
16.4658,12.993,919,563,741,2,2.047,1
16.4857,19.989,920,563,741,2,2.623,1
16.5013,15.550,921,563,741,2,2.386,1
16.5184,17.057,922,563,741,2,2.254,1
16.5323,13.903,923,563,741,2,2.073,1
16.5508,18.581,924,563,741,2,2.213,1
16.5653,14.470,925,563,741,2,2.056,1
16.5857,20.369,926,563,741,2,2.252,1
16.5987,13.024,927,563,741,2,2.043,1
16.6184,19.728,928,563,741,2,2.667,1
16.6329,14.423,929,563,741,2,2.200,1
16.6571,24.262,930,563,741,2,3.453,1
16.6669,9.773,931,563,741,2,2.152,1
16.6871,20.207,932,563,741,2,2.430,1
16.6999,12.772,933,563,741,2,2.053,1
16.7172,17.370,934,563,741,2,2.144,1
16.7323,15.064,935,563,741,2,2.074,1
16.7516,19.299,936,563,741,2,2.391,1
16.7656,14.042,937,563,741,2,2.057,1
16.7850,19.393,938,563,741,2,2.812,1
16.7994,14.382,939,563,741,2,2.128,1
16.8198,20.340,940,563,741,2,2.823,1
16.8322,12.479,941,563,741,2,2.063,1
16.8542,21.931,942,563,741,2,2.668,1
16.8655,11.301,943,563,741,2,2.047,1
16.8858,20.353,944,563,741,2,2.648,1
16.9006,14.745,945,563,741,2,2.093,1
16.9177,17.130,946,563,741,2,2.488,1
16.9333,15.598,947,563,741,2,2.164,1
16.9516,18.292,948,563,741,2,2.165,1
16.9655,13.881,949,563,741,2,2.084,1
16.9851,19.656,950,563,741,2,2.206,1
16.9989,13.742,951,563,741,2,2.044,1
17.0185,19.680,952,563,741,2,2.266,1
17.0328,14.250,953,563,741,2,2.061,1
17.0521,19.341,954,563,741,2,2.703,1
17.0654,13.254,955,563,741,2,2.043,1
17.0850,19.589,956,563,741,2,2.700,1
17.0987,13.693,957,563,741,2,2.044,1
17.1189,20.208,958,563,741,2,2.148,1
17.1320,13.137,959,563,741,2,2.044,1
17.1565,24.446,960,563,741,2,2.555,1
17.1661,9.637,961,563,741,2,2.057,1
17.1839,17.847,962,563,741,2,2.196,1
17.1993,15.321,963,563,741,2,2.607,1
17.2186,19.327,964,563,741,2,2.361,1
17.2324,13.829,965,563,741,2,2.097,1
17.2518,19.425,966,563,741,2,2.328,1
17.2654,13.588,967,563,741,2,2.035,1
17.2850,19.556,968,563,741,2,2.184,1
17.2995,14.550,969,563,741,2,2.172,1
17.3229,23.398,970,563,741,2,2.576,1
17.3338,10.815,971,563,741,2,2.096,1
17.3521,18.385,972,563,741,2,2.449,1
17.3654,13.239,973,563,741,2,2.053,1
17.3854,20.004,974,563,741,2,2.413,1
17.4010,15.605,975,564,741,2,2.692,1
17.4189,17.948,976,564,741,2,2.371,1
17.4328,13.900,977,564,741,2,2.416,1
17.4514,18.579,978,564,741,2,2.168,1
17.4664,15.006,979,565,741,2,2.065,1
17.4853,18.872,980,565,741,2,2.380,1
17.5009,15.620,981,565,741,2,2.219,1
17.5191,18.158,982,566,741,2,2.300,1
17.5321,13.034,983,566,741,2,2.089,1
17.5518,19.733,984,566,741,2,2.827,1
17.5659,14.090,985,567,741,2,2.063,1
17.5845,18.574,986,567,741,2,2.266,1
17.5988,14.260,987,567,741,2,2.053,1
17.6206,21.825,988,568,741,2,2.844,1
17.6327,12.068,989,568,741,2,2.060,1
17.6522,19.552,990,569,741,2,2.318,1
17.6660,13.743,991,569,741,2,2.057,1
17.6847,18.781,992,569,741,2,2.190,1
17.6995,14.719,993,570,741,2,2.102,1
17.7177,18.229,994,570,741,2,2.240,1
17.7330,15.301,995,571,741,2,2.081,1
17.7521,19.136,996,571,741,2,2.649,1
17.7667,14.543,997,572,741,2,2.068,1
17.7852,18.579,998,572,741,2,2.791,1
17.7994,14.212,999,573,741,2,2.148,1
17.8179,18.482,1000,573,741,2,2.202,1
17.8327,14.738,1001,574,741,2,2.108,1
17.8532,20.575,1002,574,741,2,2.740,1
17.8686,15.397,1003,575,741,2,2.572,1
17.8862,17.514,1004,575,741,2,2.626,1
17.9006,14.456,1005,576,741,2,2.103,1
17.9192,18.638,1006,576,741,2,2.615,1
17.9329,13.611,1007,577,741,2,2.339,1
17.9518,18.967,1008,577,741,2,2.282,1
17.9663,14.466,1009,578,741,2,2.069,1
17.9853,19.018,1010,578,741,2,2.456,1
17.9996,14.286,1011,579,741,2,2.064,1
18.0187,19.099,1012,579,741,2,2.666,1
18.0330,14.291,1013,580,741,2,2.047,1
18.0515,18.555,1014,580,741,2,2.167,1
18.0659,14.390,1015,581,741,2,2.050,1
18.0851,19.133,1016,581,741,2,2.166,1
18.0993,14.247,1017,582,741,2,2.036,1
18.1191,19.796,1018,582,741,2,2.168,1
18.1335,14.416,1019,583,741,2,2.201,1
18.1524,18.868,1020,583,741,2,2.553,1
18.1672,14.795,1021,584,741,2,2.144,1
18.1855,18.291,1022,584,741,2,2.186,1
18.1994,13.872,1023,585,741,2,2.117,1
18.2189,19.515,1024,585,741,2,2.686,1
18.2330,14.165,1025,586,741,2,2.061,1
18.2517,18.698,1026,586,741,2,2.202,1
18.2672,15.501,1027,587,741,2,2.149,1
18.2873,20.045,1028,587,741,2,2.849,1
18.3015,14.245,1029,587,741,2,2.270,1
18.3192,17.699,1030,588,741,2,2.257,1
18.3338,14.551,1031,588,741,2,2.115,1
18.3530,19.275,1032,589,741,2,2.199,1
18.3662,13.152,1033,589,741,2,2.564,1
18.3846,18.430,1034,589,741,2,2.366,1
18.4003,15.641,1035,590,741,2,2.121,1
18.4203,20.043,1036,590,741,2,2.616,1
18.4401,19.751,1037,590,741,2,2.501,1
18.4567,16.680,1038,591,741,2,2.349,1
18.4708,14.074,1039,591,741,2,2.307,1
18.4894,18.547,1040,591,741,2,2.645,1
18.5114,22.012,1041,592,741,2,3.537,1
18.5278,16.396,1042,592,741,2,2.201,1
18.5461,18.305,1043,592,741,2,2.836,1
18.5628,16.718,1044,592,741,2,2.238,1
18.5827,19.894,1045,593,741,2,3.032,1
18.5994,16.677,1046,593,741,2,2.212,1
18.6179,18.565,1047,593,741,2,2.351,1
18.6318,13.830,1048,593,741,2,2.064,1
18.6513,19.508,1049,594,741,2,2.399,1
18.6642,12.916,1050,594,741,2,2.042,1
18.6810,16.782,1051,594,741,2,3.283,1
18.6957,14.728,1052,594,741,2,2.062,1
18.7127,16.964,1053,594,741,2,2.581,1
18.7284,15.785,1054,595,741,2,2.183,1
18.7438,15.404,1055,595,741,2,2.858,1
18.7594,15.548,1056,595,741,2,2.186,1
18.7736,14.241,1057,595,741,2,2.420,1
18.7899,16.294,1058,595,741,2,2.134,1
18.8026,12.692,1059,595,741,2,2.154,1
18.8202,17.602,1060,595,741,2,2.690,1
18.8358,15.533,1061,595,741,2,2.153,1
18.8541,18.341,1062,596,741,2,2.217,1
18.8666,12.510,1063,596,741,2,2.071,1
18.8854,18.787,1064,596,741,2,2.210,1
18.8986,13.213,1065,596,741,2,2.032,1
18.9188,20.197,1066,596,741,2,2.348,1
18.9320,13.243,1067,596,741,2,2.085,1
18.9525,20.487,1068,596,741,2,2.745,1
18.9667,14.205,1069,596,741,2,2.197,1
18.9852,18.442,1070,596,741,2,2.172,1
18.9988,13.592,1071,596,741,2,2.085,1
19.0186,19.865,1072,596,741,2,2.274,1
19.0330,14.374,1073,596,741,2,2.070,1
19.0515,18.534,1074,596,741,2,2.183,1
19.0653,13.781,1075,596,741,2,2.043,1
19.0856,20.302,1076,596,741,2,2.843,1
19.1002,14.600,1077,596,741,2,2.044,1
19.1189,18.659,1078,596,741,2,2.722,1
19.1323,13.393,1079,596,741,2,2.056,1
19.1506,18.317,1080,596,741,2,2.154,1
19.1653,14.723,1081,596,741,2,2.048,1
19.1843,18.953,1082,596,741,2,2.357,1
19.2001,15.836,1083,596,741,2,2.069,1
19.2191,18.981,1084,596,741,2,2.793,1
19.2333,14.164,1085,596,741,2,2.330,1
19.2521,18.825,1086,596,741,2,2.428,1
19.2658,13.720,1087,596,741,2,2.306,1
19.2853,19.452,1088,596,741,2,2.689,1
19.2990,13.715,1089,596,741,2,2.045,1
19.3184,19.455,1090,596,741,2,2.183,1
19.3322,13.754,1091,596,741,2,2.059,1
19.3521,19.908,1092,596,741,2,2.522,1
19.3669,14.848,1093,596,741,2,2.043,1
19.3854,18.510,1094,596,741,2,2.177,1
19.3987,13.220,1095,596,741,2,2.046,1
19.4189,20.216,1096,596,741,2,2.445,1
19.4346,15.735,1097,596,741,2,2.559,1
19.4516,17.020,1098,596,741,2,2.461,1
19.4668,15.213,1099,596,741,2,2.191,1
19.4864,19.546,1100,595,741,2,2.335,1
19.5050,18.605,1101,595,741,2,2.754,1
19.5213,16.285,1102,595,741,2,2.167,1
19.5349,13.572,1103,595,741,2,2.106,1
19.5515,16.624,1104,595,741,2,2.295,1
19.5659,14.393,1105,595,741,2,2.053,1
19.5852,19.346,1106,595,741,2,2.736,1
19.5990,13.823,1107,595,741,2,2.039,1
19.6184,19.401,1108,595,741,2,2.886,1
19.6333,14.855,1109,595,741,2,2.068,1
19.6512,17.950,1110,595,741,2,2.169,1
19.6653,14.091,1111,595,741,2,2.042,1
19.6843,19.009,1112,595,741,2,2.198,1
19.6987,14.354,1113,595,741,2,2.050,1
19.7180,19.318,1114,595,741,2,2.486,1
19.7336,15.566,1115,595,741,2,2.717,1
19.7528,19.210,1116,594,741,2,2.757,1
19.7668,13.966,1117,594,741,2,2.585,1
19.7849,18.102,1118,594,741,2,2.253,1
19.7990,14.172,1119,594,741,2,2.075,1
19.8189,19.908,1120,593,741,2,2.262,1
19.8330,14.100,1121,593,741,2,2.069,1
19.8514,18.398,1122,593,741,2,2.242,1
19.8657,14.243,1123,593,741,2,2.033,1
19.8861,20.390,1124,594,741,2,2.553,1
19.9012,15.093,1125,594,741,2,2.147,1
19.9183,17.133,1126,594,741,2,2.230,1
19.9324,14.138,1127,594,741,2,2.084,1
19.9518,19.326,1128,594,741,2,2.195,1
19.9663,14.558,1129,593,741,2,2.066,1
19.9856,19.310,1130,593,741,2,2.755,1
19.9988,13.192,1131,593,741,2,2.048,1
20.0199,21.069,1132,592,741,2,3.007,1
20.0344,14.542,1133,591,741,2,2.191,1
20.0525,18.026,1134,590,741,2,2.358,1
20.0667,14.198,1135,589,741,2,2.209,1
20.0855,18.885,1136,588,741,2,2.314,1
20.1010,15.423,1137,587,741,2,2.597,1
20.1193,18.376,1138,586,741,2,2.448,1
20.1338,14.501,1139,584,741,2,2.060,1
20.1523,18.444,1140,584,741,2,2.580,1
20.1670,14.729,1141,584,741,2,2.028,1
20.1850,17.971,1142,584,741,2,2.263,1
20.1993,14.267,1143,584,741,2,2.042,1
20.2187,19.466,1144,583,741,2,2.198,1
20.2329,14.170,1145,583,741,2,2.059,1
20.2515,18.589,1146,583,741,2,2.230,1
20.2658,14.351,1147,583,741,2,2.032,1
20.2852,19.375,1148,583,741,2,2.694,1
20.3012,15.951,1149,583,741,2,2.067,1
20.3188,17.692,1150,583,741,2,2.720,1
20.3328,13.918,1151,583,741,2,2.267,1
20.3515,18.750,1152,583,741,2,2.202,1
20.3660,14.469,1153,583,741,2,2.054,1
20.3851,19.128,1154,583,741,2,2.235,1
20.3988,13.705,1155,583,741,2,2.066,1
20.4196,20.747,1156,583,741,2,2.425,1
20.4338,14.219,1157,583,741,2,2.048,1
20.4519,18.069,1158,583,741,2,2.211,1
20.4662,14.382,1159,583,741,2,2.045,1
20.4847,18.510,1160,583,741,2,2.286,1
20.5029,18.162,1161,583,741,2,2.278,1
20.5206,17.652,1162,584,741,2,2.403,1
20.5347,14.104,1163,584,741,2,2.225,1
20.5519,17.202,1164,584,741,2,2.794,1
20.5667,14.820,1165,584,741,2,2.178,1
20.5855,18.768,1166,585,741,2,2.493,1
20.5999,14.467,1167,585,741,2,2.574,1
20.6180,18.038,1168,585,741,2,2.194,1
20.6335,15.586,1169,586,741,2,2.053,1
20.6518,18.245,1170,586,741,2,2.324,1
20.6669,15.145,1171,587,741,2,2.054,1
20.6861,19.175,1172,587,741,2,2.652,1
20.6993,13.231,1173,587,741,2,2.044,1
20.7184,19.104,1174,588,741,2,2.238,1
20.7320,13.584,1175,588,741,2,2.036,1
20.7532,21.222,1176,589,741,2,2.726,1
20.7655,12.242,1177,589,741,2,2.039,1
20.7858,20.273,1178,589,741,2,2.465,1
20.7997,13.980,1179,590,741,2,2.061,1
20.8197,19.966,1180,592,741,2,3.087,1
20.8336,13.841,1181,593,741,2,2.141,1
20.8532,19.638,1182,595,741,2,2.503,1
20.8663,13.075,1183,596,741,2,2.153,1
20.8859,19.671,1184,597,741,2,2.219,1
20.9002,14.259,1185,599,741,2,2.076,1
20.9190,18.846,1186,600,741,2,2.163,1
20.9336,14.564,1187,600,741,2,2.182,1
20.9526,19.026,1188,601,741,2,2.584,1
20.9674,14.785,1189,602,741,2,2.113,1
20.9849,17.444,1190,602,741,2,2.229,1
20.9995,14.672,1191,603,741,2,2.115,1
21.0198,20.253,1192,603,741,2,2.724,1
21.0410,21.169,1193,603,741,2,2.952,1
21.0613,20.363,1194,603,741,2,3.285,1
21.0814,20.075,1195,603,741,2,3.241,1
21.0983,16.871,1196,603,741,2,2.317,1
21.1167,18.393,1197,602,741,2,3.583,1
21.1331,16.493,1198,602,741,2,2.454,1
21.1524,19.212,1199,601,741,2,3.225,1
21.1654,12.994,1200,601,741,2,2.246,1
21.1829,17.554,1201,600,741,2,3.446,1
21.1988,15.899,1202,599,741,2,2.639,1
21.2157,16.903,1203,598,741,2,3.372,1
21.2303,14.636,1204,597,741,2,2.245,1
21.2454,15.080,1205,596,741,2,3.657,1
21.2613,15.891,1206,595,741,2,2.962,1
21.2747,13.428,1207,594,741,2,2.175,1
21.2900,15.282,1208,593,741,2,2.482,1
21.3019,11.868,1209,593,741,2,2.219,1
21.3218,19.942,1210,592,741,2,3.285,1
21.3339,12.077,1211,592,741,2,2.134,1
21.3529,19.000,1212,592,741,2,2.997,1
21.3681,15.144,1213,591,741,2,2.081,1
21.3861,18.066,1214,591,741,2,2.936,1
21.4001,14.019,1215,590,741,2,2.077,1
21.4193,19.153,1216,590,741,2,2.304,1
21.4351,15.835,1217,589,741,2,2.184,1
21.4538,18.668,1218,589,741,2,2.860,1
21.4674,13.561,1219,588,741,2,2.203,1
21.4865,19.112,1220,588,741,2,2.515,1
21.5043,17.846,1221,587,741,2,2.501,1
21.5217,17.366,1222,587,741,2,2.261,1
21.5351,13.373,1223,586,741,2,2.092,1
21.5514,16.312,1224,586,741,2,2.264,1
21.5659,14.580,1225,585,741,2,2.031,1
21.5846,18.680,1226,585,741,2,2.167,1
21.5994,14.806,1227,584,741,2,2.045,1
21.6187,19.257,1228,584,741,2,2.498,1
21.6320,13.343,1229,584,741,2,2.056,1
21.6519,19.853,1230,583,741,2,2.446,1
21.6660,14.154,1231,583,741,2,2.062,1
21.6856,19.584,1232,582,741,2,2.514,1
21.6992,13.546,1233,582,741,2,2.274,1
21.7186,19.392,1234,582,741,2,2.124,1
21.7331,14.535,1235,581,741,2,2.109,1
21.7529,19.779,1236,581,741,2,2.458,1
21.7658,12.887,1237,581,741,2,2.041,1
21.7852,19.459,1238,581,741,2,2.215,1
21.7988,13.543,1239,581,741,2,2.019,1
21.8195,20.763,1240,580,741,2,2.727,1
21.8327,13.139,1241,580,741,2,2.532,1
21.8528,20.098,1242,580,741,2,2.277,1
21.8654,12.620,1243,580,741,2,2.021,1
21.8858,20.376,1244,580,741,2,3.000,1
21.9002,14.449,1245,580,741,2,2.146,1
21.9197,19.485,1246,580,741,2,2.473,1
21.9336,13.880,1247,580,741,2,2.155,1
21.9535,19.935,1248,580,741,2,2.495,1
21.9683,14.815,1249,581,741,2,2.167,1
21.9869,18.542,1250,581,741,2,2.677,1
22.0007,13.785,1251,581,741,2,2.175,1
22.0200,19.389,1252,581,741,2,2.847,1
22.0343,14.248,1253,581,741,2,2.209,1
22.0549,20.564,1254,582,741,2,3.029,1
22.0675,12.622,1255,582,741,2,2.186,1
22.0873,19.841,1256,582,741,2,2.355,1
22.1005,13.173,1257,582,741,2,2.146,1
22.1204,19.915,1258,583,741,2,2.668,1
22.1341,13.679,1259,583,741,2,2.185,1
22.1527,18.663,1260,583,741,2,3.407,1
22.1681,15.331,1261,584,741,2,2.372,1
22.1864,18.289,1262,584,741,2,2.446,1
22.2005,14.103,1263,584,741,2,2.158,1
22.2216,21.108,1264,585,741,2,2.846,1
22.2348,13.265,1265,585,741,2,2.208,1
22.2568,21.969,1266,585,741,2,2.274,1
22.2727,15.882,1267,586,741,2,2.359,1
22.2916,18.881,1268,586,741,2,2.797,1
22.3064,14.868,1269,587,741,2,2.274,1
22.3248,18.324,1270,587,741,2,2.572,1
22.3401,15.304,1271,587,741,2,3.369,1
22.3578,17.686,1272,588,741,2,2.879,1
22.3758,18.024,1273,588,741,2,2.916,1
22.3940,18.194,1274,588,741,2,2.601,1
22.4096,15.578,1275,589,741,2,2.283,1
22.4238,14.254,1276,589,741,2,2.058,1
22.4378,14.022,1277,589,741,2,2.184,1
22.4548,16.921,1278,590,741,2,2.211,1
22.4674,12.606,1279,590,741,2,2.256,1
22.4853,17.936,1280,590,741,2,2.194,1
22.5018,16.471,1281,591,741,2,2.324,1
22.5180,16.239,1282,591,741,2,2.193,1
22.5333,15.313,1283,592,741,2,2.081,1
22.5533,20.018,1284,593,741,2,2.665,1
22.5673,14.005,1285,593,741,2,2.039,1
22.5863,18.992,1286,594,741,2,2.866,1
22.5997,13.346,1287,594,741,2,2.080,1
22.6187,18.977,1288,594,741,2,2.706,1
22.6331,14.437,1289,595,741,2,2.096,1
22.6515,18.373,1290,595,741,2,2.208,1
22.6658,14.317,1291,595,741,2,2.033,1
22.6856,19.841,1292,595,741,2,2.770,1
22.6997,14.039,1293,595,741,2,2.066,1
22.7210,21.374,1294,595,741,2,2.294,1
22.7327,11.705,1295,595,741,2,2.248,1
22.7519,19.203,1296,595,741,2,2.177,1
22.7663,14.391,1297,595,741,2,2.064,1
22.7864,20.067,1298,594,741,2,2.188,1
22.7996,13.157,1299,594,741,2,2.040,1
22.8194,19.879,1300,593,741,2,2.545,1
22.8331,13.657,1301,593,741,2,2.066,1
22.8536,20.551,1302,592,741,2,2.855,1
22.8661,12.486,1303,592,741,2,2.053,1
22.8862,20.118,1304,591,741,2,2.743,1
22.9003,14.099,1305,590,741,2,2.054,1
22.9184,18.063,1306,590,741,2,2.684,1
22.9328,14.363,1307,590,741,2,2.070,1
22.9534,20.594,1308,589,741,2,2.740,1
22.9668,13.417,1309,589,741,2,2.063,1
22.9866,19.841,1310,589,741,2,2.882,1
22.9992,12.614,1311,589,741,2,2.057,1
23.0206,21.401,1312,588,741,2,3.149,1
23.0355,14.872,1313,588,741,2,2.967,1
23.0526,17.123,1314,588,741,2,2.237,1
23.0669,14.263,1315,587,741,2,2.139,1
23.0866,19.675,1316,587,741,2,2.812,1
23.1003,13.703,1317,587,741,2,2.090,1
23.1184,18.111,1318,587,741,2,2.185,1
23.1335,15.149,1319,586,741,2,2.064,1
23.1526,19.071,1320,586,741,2,2.699,1
23.1661,13.492,1321,586,741,2,2.061,1
23.1853,19.205,1322,586,741,2,2.184,1
23.1996,14.274,1323,586,741,2,2.044,1
23.2205,20.932,1324,585,741,2,2.641,1
23.2339,13.353,1325,585,741,2,2.081,1
23.2532,19.354,1326,585,741,2,2.200,1
23.2662,12.950,1327,585,741,2,2.045,1
23.2854,19.215,1328,585,741,2,2.327,1
23.2995,14.155,1329,585,741,2,2.137,1
23.3185,18.933,1330,585,741,2,2.122,1
23.3330,14.537,1331,585,741,2,2.083,1
23.3522,19.144,1332,585,741,2,2.680,1
23.3663,14.179,1333,585,741,2,2.069,1
23.3858,19.459,1334,585,741,2,2.269,1
23.3993,13.533,1335,585,741,2,2.041,1
23.4191,19.732,1336,585,741,2,2.647,1
23.4329,13.826,1337,585,741,2,2.058,1
23.4530,20.139,1338,585,741,2,2.311,1
23.4659,12.923,1339,585,741,2,2.054,1
23.4859,19.976,1340,585,741,2,2.683,1
23.5034,17.435,1341,585,741,2,3.271,1
23.5248,21.418,1342,585,741,2,2.797,1
23.5338,8.988,1343,586,741,2,2.267,1
23.5529,19.112,1344,586,741,2,2.848,1
23.5668,13.885,1345,586,741,2,2.579,1
23.5850,18.242,1346,586,741,2,2.173,1
23.5995,14.508,1347,586,741,2,2.046,1
23.6197,20.169,1348,587,741,2,2.529,1
23.6338,14.154,1349,587,741,2,2.078,1
23.6515,17.703,1350,587,741,2,2.193,1
23.6661,14.581,1351,587,741,2,2.061,1
23.6878,21.653,1352,588,741,2,2.930,1
23.7009,13.103,1353,588,741,2,2.099,1
23.7192,18.325,1354,588,741,2,2.287,1
23.7336,14.414,1355,588,741,2,2.084,1
23.7532,19.595,1356,589,741,2,2.670,1
23.7672,13.963,1357,589,741,2,2.241,1
23.7857,18.513,1358,589,741,2,2.182,1
23.7993,13.623,1359,589,741,2,2.122,1
23.8196,20.320,1360,590,741,2,2.245,1
23.8338,14.213,1361,590,741,2,2.095,1
23.8521,18.257,1362,590,741,2,2.231,1
23.8668,14.726,1363,591,741,2,2.069,1
23.8859,19.043,1364,591,741,2,2.557,1
23.9007,14.843,1365,592,741,2,2.081,1
23.9189,18.210,1366,592,741,2,2.228,1
23.9324,13.477,1367,592,741,2,2.075,1
23.9540,21.647,1368,593,741,2,2.362,1
23.9682,14.120,1369,593,741,2,2.072,1
23.9854,17.244,1370,593,741,2,2.289,1
23.9996,14.162,1371,593,741,2,2.078,1
24.0222,22.626,1372,593,741,2,2.688,1
24.0348,12.631,1373,593,741,2,2.140,1
24.0523,17.460,1374,593,741,2,2.207,1
24.0664,14.089,1375,593,741,2,2.070,1
24.0854,19.022,1376,593,741,2,2.194,1
24.0994,13.988,1377,593,741,2,2.071,1
24.1189,19.557,1378,593,741,2,2.278,1
24.1337,14.733,1379,592,741,2,2.089,1
24.1526,18.930,1380,592,741,2,2.594,1
24.1682,15.631,1381,591,741,2,2.068,1
24.1891,20.888,1382,591,741,2,2.202,1
24.2019,12.825,1383,590,741,2,2.172,1
24.2203,18.309,1384,590,741,2,2.674,1
24.2334,13.107,1385,590,741,2,2.065,1
24.2533,19.970,1386,590,741,2,2.184,1
24.2670,13.616,1387,589,741,2,2.067,1
24.2862,19.273,1388,589,741,2,2.572,1
24.3069,20.666,1389,589,741,2,2.300,1
24.3194,12.499,1390,589,741,2,2.609,1
24.3333,13.950,1391,588,741,2,2.397,1
24.3523,19.009,1392,588,741,2,2.167,1
24.3662,13.864,1393,588,741,2,2.058,1
24.3861,19.911,1394,588,741,2,2.873,1
24.4000,13.905,1395,587,741,2,2.060,1
24.4191,19.069,1396,587,741,2,2.554,1
24.4330,13.877,1397,587,741,2,2.094,1
24.4528,19.809,1398,587,741,2,2.228,1
24.4685,15.721,1399,586,741,2,2.078,1
24.4852,16.673,1400,586,741,2,2.204,1
24.5027,17.524,1401,586,741,2,2.406,1
24.5190,16.264,1402,586,741,2,2.194,1
24.5344,15.466,1403,585,741,2,2.060,1
24.5523,17.885,1404,585,741,2,2.876,1
24.5661,13.801,1405,585,741,2,2.466,1
24.5892,23.100,1406,585,741,2,2.583,1
24.5993,10.119,1407,585,741,2,2.098,1
24.6178,18.488,1408,585,741,2,2.141,1
24.6339,16.076,1409,584,741,2,2.059,1
24.6519,18.037,1410,584,741,2,2.152,1
24.6660,14.042,1411,584,741,2,2.036,1
24.6860,20.046,1412,584,741,2,3.203,1
24.6991,13.121,1413,584,741,2,2.058,1
24.7184,19.248,1414,584,741,2,2.193,1
24.7328,14.397,1415,584,741,2,2.102,1
24.7535,20.684,1416,584,741,2,2.286,1
24.7667,13.243,1417,584,741,2,2.045,1
24.7870,20.254,1418,584,741,2,2.157,1
24.7999,12.933,1419,584,741,2,2.059,1
24.8188,18.912,1420,584,741,2,2.532,1
24.8329,14.093,1421,584,741,2,2.235,1
24.8522,19.327,1422,584,741,2,2.170,1
24.8662,13.918,1423,584,741,2,2.075,1
24.8866,20.480,1424,584,741,2,2.976,1
24.9007,14.040,1425,585,741,2,2.044,1
24.9186,17.938,1426,585,741,2,2.153,1
24.9325,13.912,1427,585,741,2,2.073,1
24.9525,19.956,1428,585,741,2,2.523,1
24.9663,13.766,1429,585,741,2,2.061,1
24.9865,20.271,1430,586,741,2,2.171,1
24.9992,12.722,1431,586,741,2,2.058,1
25.0192,19.964,1432,586,741,2,2.803,1
25.0355,16.253,1433,587,741,2,2.091,1
25.0536,18.093,1434,587,741,2,2.281,1
25.0663,12.759,1435,587,741,2,2.186,1
25.0860,19.665,1436,587,741,2,2.273,1
25.1004,14.378,1437,588,741,2,2.121,1
25.1198,19.435,1438,588,741,2,2.882,1
25.1332,13.416,1439,588,741,2,2.073,1
25.1527,19.483,1440,589,741,2,2.210,1
25.1666,13.942,1441,589,741,2,2.052,1
25.1853,18.641,1442,589,741,2,2.190,1
25.1993,14.070,1443,589,741,2,2.078,1
25.2194,20.083,1444,590,741,2,2.749,1
25.2332,13.823,1445,590,741,2,2.086,1
25.2534,20.166,1446,590,741,2,2.288,1
25.2664,13.036,1447,591,741,2,2.076,1
25.2853,18.877,1448,591,741,2,2.302,1
25.3004,15.035,1449,591,741,2,2.215,1
25.3196,19.195,1450,591,741,2,2.944,1
25.3325,12.962,1451,591,741,2,2.209,1
25.3535,20.983,1452,592,741,2,2.454,1
25.3672,13.741,1453,592,741,2,2.068,1
25.3862,18.997,1454,592,741,2,2.497,1
25.3993,13.062,1455,592,741,2,2.344,1
25.4185,19.186,1456,592,741,2,2.163,1
25.4328,14.360,1457,592,741,2,2.088,1
25.4524,19.595,1458,593,741,2,2.183,1
25.4662,13.725,1459,593,741,2,2.154,1
25.4852,19.066,1460,593,741,2,2.249,1
25.5026,17.355,1461,593,741,2,3.008,1
25.5178,15.179,1462,593,741,2,2.151,1
25.5330,15.282,1463,594,741,2,2.121,1
25.5527,19.685,1464,594,741,2,2.868,1
25.5689,16.144,1465,594,741,2,2.220,1
25.5850,16.167,1466,594,741,2,2.198,1
25.5996,14.563,1467,593,741,2,2.194,1
25.6188,19.206,1468,593,741,2,2.161,1
25.6364,17.607,1469,593,741,2,2.231,1
25.6530,16.587,1470,593,741,2,2.154,1
25.6680,15.012,1471,593,741,2,2.163,1
25.6866,18.597,1472,592,741,2,2.785,1
25.7007,14.066,1473,592,741,2,2.081,1
25.7185,17.831,1474,592,741,2,2.143,1
25.7329,14.395,1475,592,741,2,2.705,1
25.7520,19.067,1476,591,741,2,2.177,1
25.7657,13.716,1477,591,741,2,2.198,1
25.7864,20.721,1478,591,741,2,2.440,1
25.7992,12.832,1479,591,741,2,2.150,1
25.8197,20.435,1480,591,741,2,2.317,1
25.8345,14.840,1481,590,741,2,2.345,1
25.8524,17.887,1482,590,741,2,2.177,1
25.8659,13.449,1483,590,741,2,2.208,1
25.8865,20.633,1484,590,741,2,3.032,1
25.8993,12.785,1485,590,741,2,2.094,1
25.9196,20.312,1486,589,741,2,2.169,1
25.9357,16.109,1487,589,741,2,2.174,1
25.9527,17.003,1488,589,741,2,2.584,1
25.9664,13.743,1489,589,741,2,2.095,1
25.9866,20.212,1490,588,741,2,2.205,1
25.9990,12.336,1491,588,741,2,2.368,1
26.0185,19.551,1492,588,741,2,2.155,1
26.0321,13.611,1493,588,741,2,2.315,1
26.0521,19.924,1494,588,741,2,2.360,1
26.0662,14.171,1495,588,741,2,2.295,1
26.0868,20.525,1496,587,741,2,2.411,1
26.1004,13.651,1497,587,741,2,2.397,1
26.1191,18.654,1498,587,741,2,2.213,1
26.1330,13.950,1499,587,741,2,2.654,1
26.1522,19.152,1500,587,741,2,2.210,1
26.1661,13.962,1501,587,741,2,2.157,1
26.1853,19.168,1502,587,741,2,2.187,1
26.1990,13.673,1503,587,741,2,2.291,1
26.2214,22.377,1504,587,741,2,2.726,1
26.2389,17.576,1505,586,741,2,2.365,1
26.2547,15.737,1506,586,741,2,2.226,1
26.2681,13.386,1507,586,741,2,2.144,1
26.2848,16.715,1508,586,741,2,2.283,1
26.2998,15.072,1509,586,741,2,2.329,1
26.3190,19.157,1510,586,741,2,2.267,1
26.3325,13.496,1511,586,741,2,2.871,1
26.3537,21.231,1512,587,741,2,2.441,1
26.3676,13.872,1513,587,741,2,2.103,1
26.3853,17.684,1514,587,741,2,2.172,1
26.3995,14.171,1515,587,741,2,2.747,1
26.4186,19.185,1516,587,741,2,2.174,1
26.4320,13.377,1517,587,741,2,2.281,1
26.4520,19.942,1518,587,741,2,2.191,1
26.4653,13.337,1519,587,741,2,2.293,1
26.4863,21.041,1520,587,741,2,2.811,1
26.5044,18.109,1521,587,741,2,2.891,1
26.5208,16.391,1522,588,741,2,2.360,1
26.5355,14.675,1523,588,741,2,2.323,1
26.5522,16.733,1524,588,741,2,2.781,1
26.5661,13.822,1525,588,741,2,2.428,1
26.5851,19.054,1526,588,741,2,2.247,1
26.5988,13.710,1527,588,741,2,2.444,1
26.6196,20.741,1528,589,741,2,2.435,1
26.6331,13.481,1529,589,741,2,2.245,1
26.6513,18.233,1530,589,741,2,2.180,1
26.6657,14.453,1531,589,741,2,2.345,1
26.6858,20.054,1532,589,741,2,2.254,1
26.6997,13.893,1533,589,741,2,2.183,1
26.7192,19.480,1534,590,741,2,2.175,1
26.7320,12.884,1535,590,741,2,2.413,1
26.7528,20.718,1536,590,741,2,2.583,1
26.7658,13.053,1537,590,741,2,2.261,1
26.7858,19.973,1538,590,741,2,2.537,1
26.7994,13.585,1539,590,741,2,2.370,1
26.8194,19.985,1540,591,741,2,2.249,1
26.8369,17.503,1541,591,741,2,2.205,1
26.8534,16.522,1542,591,741,2,2.182,1
26.8657,12.333,1543,591,741,2,2.389,1
26.8858,20.124,1544,591,741,2,2.585,1
26.8992,13.361,1545,591,741,2,2.303,1
26.9187,19.534,1546,591,741,2,2.206,1
26.9321,13.389,1547,591,741,2,2.310,1
26.9520,19.825,1548,591,741,2,2.225,1
26.9656,13.667,1549,591,741,2,2.334,1
26.9851,19.461,1550,591,741,2,2.379,1
26.9991,14.051,1551,591,741,2,2.722,1
27.0198,20.700,1552,591,741,2,2.220,1
27.0327,12.890,1553,591,741,2,2.314,1
27.0522,19.516,1554,591,741,2,2.326,1
27.0660,13.753,1555,591,741,2,2.653,1
27.0851,19.074,1556,591,741,2,2.288,1
27.1000,14.915,1557,591,741,2,2.537,1
27.1201,20.150,1558,591,741,2,2.360,1
27.1378,17.718,1559,591,741,2,2.192,1
27.1540,16.132,1560,591,741,2,2.200,1
27.1681,14.128,1561,591,741,2,2.150,1
27.1856,17.474,1562,591,741,2,2.179,1
27.1989,13.304,1563,591,741,2,2.409,1
27.2188,19.884,1564,591,741,2,2.184,1
27.2332,14.472,1565,590,741,2,2.669,1
27.2531,19.886,1566,590,741,2,2.550,1
27.2653,12.170,1567,590,741,2,2.353,1
27.2859,20.634,1568,590,741,2,2.642,1
27.2996,13.671,1569,590,741,2,2.325,1
27.3186,18.989,1570,590,741,2,2.413,1
27.3335,14.904,1571,590,741,2,2.494,1
27.3529,19.374,1572,590,741,2,2.762,1
27.3676,14.685,1573,589,741,2,2.687,1
27.3858,18.246,1574,589,741,2,2.361,1
27.3993,13.546,1575,589,741,2,2.331,1
27.4198,20.497,1576,589,741,2,2.203,1
27.4351,15.264,1577,589,741,2,2.396,1
27.4520,16.847,1578,589,741,2,2.216,1
27.4655,13.552,1579,589,741,2,2.311,1
27.4854,19.899,1580,589,741,2,2.203,1
27.5027,17.289,1581,589,741,2,2.528,1
27.5213,18.601,1582,588,741,2,2.753,1
27.5323,10.981,1583,588,741,2,2.531,1
27.5531,20.813,1584,588,741,2,2.952,1
27.5657,12.657,1585,588,741,2,2.447,1
27.5850,19.218,1586,588,741,2,2.394,1
27.6007,15.724,1587,588,741,2,2.277,1
27.6185,17.845,1588,588,741,2,2.374,1
27.6341,15.592,1589,588,741,2,2.627,1
27.6524,18.238,1590,588,741,2,2.567,1
27.6655,13.182,1591,588,741,2,2.385,1
27.6852,19.694,1592,588,741,2,2.372,1
27.6993,14.054,1593,588,741,2,2.401,1
27.7193,20.001,1594,588,741,2,2.763,1
27.7358,16.455,1595,588,741,2,2.233,1
27.7515,15.746,1596,588,741,2,2.294,1
27.7655,13.984,1597,588,741,2,2.270,1
27.7856,20.144,1598,588,741,2,2.483,1
27.7988,13.193,1599,588,741,2,2.283,1
27.8183,19.440,1600,588,741,2,2.201,1
27.8323,14.025,1601,588,741,2,2.239,1
27.8525,20.235,1602,588,741,2,2.419,1
27.8652,12.726,1603,588,741,2,2.186,1
27.8852,19.973,1604,588,741,2,2.416,1
27.8995,14.306,1605,588,741,2,2.201,1
27.9202,20.645,1606,588,741,2,3.323,1
27.9324,12.191,1607,588,741,2,2.511,1
27.9527,20.361,1608,588,741,2,2.268,1
27.9661,13.391,1609,588,741,2,2.334,1
27.9853,19.156,1610,588,741,2,2.242,1
27.9991,13.865,1611,588,741,2,2.243,1
28.0189,19.762,1612,589,741,2,2.451,1
28.0366,17.702,1613,589,741,2,2.278,1
28.0536,16.973,1614,589,741,2,2.591,1
28.0661,12.548,1615,589,741,2,2.452,1
28.0852,19.083,1616,589,741,2,2.344,1
28.0988,13.555,1617,589,741,2,2.144,1
28.1200,21.269,1618,589,741,2,2.312,1
28.1318,11.796,1619,589,741,2,2.074,1
28.1516,19.827,1620,589,741,2,2.531,1
28.1671,15.465,1621,589,741,2,2.237,1
28.1853,18.146,1622,589,741,2,3.252,1
28.1990,13.741,1623,589,741,2,2.450,1
28.2192,20.248,1624,590,741,2,2.408,1
28.2352,15.947,1625,590,741,2,2.444,1
28.2525,17.328,1626,590,741,2,2.758,1
28.2658,13.248,1627,590,741,2,2.270,1
28.2850,19.277,1628,590,741,2,2.303,1
28.2990,13.941,1629,590,741,2,2.178,1
28.3193,20.333,1630,590,741,2,2.929,1
28.3321,12.828,1631,590,741,2,2.255,1
28.3521,19.997,1632,590,741,2,2.394,1
28.3653,13.129,1633,590,741,2,2.059,1
28.3867,21.416,1634,590,741,2,2.624,1
28.3987,11.976,1635,590,741,2,2.077,1
28.4184,19.754,1636,590,741,2,2.690,1
28.4332,14.733,1637,590,741,2,2.038,1
28.4519,18.720,1638,590,741,2,3.097,1
28.4663,14.470,1639,590,741,2,2.571,1
28.4855,19.153,1640,590,741,2,2.644,1
28.5015,15.984,1641,590,741,2,2.901,1
28.5175,16.047,1642,590,741,2,2.515,1
28.5331,15.618,1643,590,741,2,2.382,1
28.5519,18.732,1644,590,741,2,2.818,1
28.5662,14.312,1645,590,741,2,2.782,1
28.5853,19.065,1646,590,741,2,3.108,1
28.5996,14.338,1647,590,741,2,2.716,1
28.6183,18.677,1648,590,741,2,2.663,1
28.6325,14.276,1649,590,741,2,2.274,1
28.6532,20.680,1650,590,741,2,3.345,1
28.6672,13.954,1651,590,741,2,2.408,1
28.6858,18.614,1652,590,741,2,2.814,1
28.7010,15.215,1653,590,741,2,2.735,1
28.7212,20.194,1654,590,741,2,4.018,1
28.7345,13.327,1655,590,741,2,2.665,1
28.7529,18.335,1656,590,741,2,2.727,1
28.7668,13.909,1657,590,741,2,2.395,1
28.7853,18.513,1658,590,741,2,2.903,1
28.7991,13.860,1659,589,741,2,2.028,1
28.8186,19.484,1660,589,741,2,2.989,1
28.8318,13.144,1661,589,741,2,2.053,1
28.8517,19.960,1662,589,741,2,2.779,1
28.8651,13.408,1663,589,741,2,2.052,1
28.8863,21.108,1664,589,741,2,2.891,1
28.8988,12.579,1665,589,741,2,2.034,1
28.9208,21.960,1666,589,741,2,3.406,1
28.9338,12.962,1667,589,741,2,2.188,1
28.9512,17.467,1668,589,741,2,2.660,1
28.9656,14.384,1669,589,741,2,2.140,1
28.9858,20.203,1670,589,741,2,2.522,1
28.9992,13.372,1671,589,741,2,2.641,1
29.0189,19.683,1672,589,741,2,2.512,1
29.0334,14.571,1673,589,741,2,2.362,1
29.0536,20.129,1674,589,741,2,3.150,1
29.0670,13.423,1675,589,741,2,2.530,1
29.0850,18.028,1676,589,741,2,2.883,1
29.0987,13.714,1677,589,741,2,2.042,1
29.1194,20.666,1678,589,741,2,3.176,1
29.1318,12.401,1679,589,741,2,2.050,1
29.1527,20.947,1680,589,741,2,2.649,1
29.1651,12.321,1681,589,741,2,2.041,1
29.1853,20.280,1682,589,741,2,2.799,1
29.1985,13.148,1683,589,741,2,2.047,1
29.2190,20.524,1684,589,741,2,2.756,1
29.2329,13.904,1685,589,741,2,2.127,1
29.2522,19.277,1686,589,741,2,2.917,1
29.2664,14.240,1687,589,741,2,2.158,1
29.2852,18.738,1688,589,741,2,2.574,1
29.2992,14.065,1689,589,741,2,2.701,1
29.3184,19.115,1690,589,741,2,2.757,1
29.3325,14.114,1691,589,741,2,2.085,1
29.3518,19.331,1692,589,741,2,2.666,1
29.3653,13.466,1693,589,741,2,2.051,1
29.3862,20.905,1694,589,741,2,3.304,1
29.3990,12.850,1695,589,741,2,2.068,1
29.4185,19.526,1696,589,741,2,2.754,1
29.4360,17.439,1697,589,741,2,2.568,1
29.4517,15.756,1698,589,741,2,2.729,1
29.4650,13.279,1699,589,741,2,2.051,1
29.4857,20.720,1700,589,741,2,2.944,1
29.5023,16.515,1701,589,741,2,3.256,1
29.5186,16.395,1702,589,741,2,3.164,1
29.5324,13.742,1703,589,741,2,2.340,1
29.5520,19.586,1704,589,741,2,2.792,1
29.5652,13.248,1705,589,741,2,2.205,1
29.5850,19.742,1706,589,741,2,3.218,1
29.5985,13.557,1707,589,741,2,2.050,1
29.6185,20.006,1708,589,741,2,3.109,1
29.6316,13.061,1709,589,741,2,2.038,1
29.6517,20.097,1710,589,741,2,2.982,1
29.6653,13.626,1711,589,741,2,2.053,1
29.6854,20.126,1712,589,741,2,3.129,1
29.6984,12.979,1713,589,741,2,2.053,1
29.7185,20.060,1714,589,741,2,2.832,1
29.7329,14.464,1715,589,741,2,2.128,1
29.7521,19.195,1716,589,741,2,3.107,1
29.7664,14.225,1717,590,741,2,2.454,1
29.7857,19.355,1718,590,741,2,3.105,1
29.7983,12.627,1719,590,741,2,2.103,1
29.8183,19.944,1720,590,741,2,2.527,1
29.8341,15.836,1721,590,741,2,2.245,1
29.8519,17.757,1722,590,741,2,2.613,1
29.8651,13.209,1723,590,741,2,2.049,1
29.8849,19.818,1724,590,741,2,2.524,1
29.8983,13.384,1725,590,741,2,2.041,1
29.9189,20.597,1726,590,741,2,3.071,1
29.9316,12.699,1727,590,741,2,2.058,1
29.9525,20.916,1728,590,741,2,2.524,1
29.9649,12.382,1729,590,741,2,2.045,1
29.9864,21.481,1730,590,741,2,2.773,1
29.9984,12.006,1731,590,741,2,2.076,1
30.0186,20.205,1732,590,741,2,2.766,1
30.0339,15.342,1733,589,741,2,2.170,1
30.0526,18.723,1734,589,741,2,3.324,1
30.0651,12.438,1735,589,741,2,2.118,1
30.0855,20.367,1736,589,741,2,2.777,1
30.0988,13.363,1737,589,741,2,2.063,1
30.1182,19.362,1738,589,741,2,2.560,1
30.1317,13.502,1739,589,741,2,2.058,1
30.1515,19.826,1740,589,741,2,2.488,1
30.1649,13.422,1741,589,741,2,2.054,1
30.1864,21.448,1742,589,741,2,3.147,1
30.1982,11.861,1743,589,741,2,2.048,1
30.2195,21.257,1744,589,741,2,3.107,1
30.2329,13.371,1745,589,741,2,2.075,1
30.2519,19.048,1746,589,741,2,2.977,1
30.2670,15.090,1747,589,741,2,2.476,1
30.2857,18.740,1748,589,741,2,2.562,1
30.3027,16.977,1749,589,741,2,2.549,1
30.3188,16.068,1750,589,741,2,2.925,1
30.3318,13.010,1751,589,741,2,2.069,1
30.3517,19.939,1752,589,741,2,2.449,1
30.3654,13.639,1753,589,741,2,2.043,1
30.3853,19.910,1754,589,741,2,2.632,1
30.3983,12.996,1755,589,741,2,2.051,1
30.4184,20.156,1756,589,741,2,2.489,1
30.4316,13.135,1757,589,741,2,2.046,1
30.4527,21.089,1758,589,741,2,3.029,1
30.4650,12.347,1759,589,741,2,2.045,1
30.4852,20.160,1760,589,741,2,2.657,1
30.5010,15.866,1761,589,741,2,2.473,1
30.5179,16.825,1762,589,741,2,2.596,1
30.5320,14.151,1763,589,741,2,2.342,1
30.5514,19.435,1764,589,741,2,2.283,1
30.5652,13.764,1765,589,741,2,2.055,1
30.5855,20.339,1766,589,741,2,3.030,1
30.6025,16.986,1767,589,741,2,3.051,1
30.6180,15.504,1768,589,741,2,2.483,1
30.6321,14.072,1769,589,741,2,2.583,1
30.6512,19.094,1770,589,741,2,2.227,1
30.6652,13.979,1771,589,741,2,2.048,1
30.6857,20.554,1772,589,741,2,2.994,1
30.6988,13.037,1773,589,741,2,2.575,1
30.7192,20.473,1774,589,741,2,3.097,1
30.7323,13.103,1775,589,741,2,2.070,1
30.7521,19.730,1776,589,741,2,2.489,1
30.7652,13.120,1777,589,741,2,2.307,1
30.7849,19.743,1778,589,741,2,2.644,1
30.7984,13.428,1779,589,741,2,2.253,1
30.8180,19.676,1780,589,741,2,2.764,1
30.8328,14.783,1781,589,741,2,2.165,1
30.8520,19.219,1782,589,741,2,2.866,1
30.8659,13.872,1783,589,741,2,2.136,1
30.8854,19.493,1784,589,741,2,2.272,1
30.9004,14.939,1785,589,741,2,2.007,1
30.9205,20.149,1786,589,741,2,2.591,1
30.9318,11.260,1787,589,741,2,2.064,1
30.9516,19.862,1788,589,741,2,2.373,1
30.9663,14.689,1789,589,741,2,2.050,1
30.9856,19.298,1790,589,741,2,2.650,1
30.9991,13.463,1791,589,741,2,2.132,1
31.0189,19.790,1792,589,741,2,2.433,1
31.0317,12.852,1793,589,741,2,2.119,1
31.0524,20.722,1794,589,741,2,2.638,1
31.0658,13.327,1795,589,741,2,2.070,1
31.0850,19.273,1796,589,741,2,2.520,1
31.0983,13.306,1797,589,741,2,2.018,1
31.1189,20.598,1798,589,741,2,2.987,1
31.1316,12.610,1799,589,741,2,2.062,1
31.1515,19.938,1800,589,741,2,2.270,1
31.1649,13.367,1801,589,741,2,2.035,1
31.1862,21.325,1802,589,741,2,2.299,1
31.2009,14.761,1803,589,741,2,2.099,1
31.2201,19.182,1804,589,741,2,2.575,1
31.2327,12.572,1805,589,741,2,2.077,1
31.2525,19.843,1806,589,741,2,3.516,1
31.2652,12.629,1807,589,741,2,2.270,1
31.2852,19.995,1808,589,741,2,2.200,1
31.2983,13.157,1809,589,741,2,2.054,1
31.3185,20.148,1810,589,741,2,2.223,1
31.3319,13.416,1811,589,741,2,2.060,1
31.3513,19.380,1812,589,741,2,2.204,1
31.3649,13.596,1813,589,741,2,2.046,1
31.3858,20.949,1814,589,741,2,2.560,1
31.3983,12.445,1815,589,741,2,2.060,1
31.4192,20.977,1816,589,741,2,2.299,1
31.4315,12.300,1817,589,741,2,2.047,1
31.4526,21.116,1818,589,741,2,3.345,1
31.4657,13.088,1819,589,741,2,2.049,1
31.4848,19.052,1820,589,741,2,2.264,1
31.5051,20.313,1821,589,741,2,3.172,1
31.5206,15.468,1822,589,741,2,2.658,1
31.5336,13.010,1823,589,741,2,2.138,1
31.5520,18.403,1824,589,741,2,2.983,1
31.5651,13.138,1825,589,741,2,2.066,1
31.5846,19.519,1826,589,741,2,2.217,1
31.5984,13.723,1827,589,741,2,2.068,1
31.6176,19.202,1828,589,741,2,2.171,1
31.6316,13.987,1829,589,741,2,2.040,1
31.6517,20.177,1830,589,741,2,2.729,1
31.6654,13.679,1831,589,741,2,2.604,1
31.6859,20.481,1832,589,741,2,2.734,1
31.6981,12.256,1833,589,741,2,2.033,1
31.7203,22.140,1834,589,741,2,2.456,1
31.7323,12.032,1835,589,741,2,2.075,1
31.7518,19.477,1836,589,741,2,2.335,1
31.7660,14.182,1837,589,741,2,2.412,1
31.7862,20.179,1838,589,741,2,2.775,1
31.8029,16.735,1839,589,741,2,2.472,1
31.8184,15.501,1840,589,741,2,2.232,1
31.8319,13.474,1841,589,741,2,2.066,1
31.8515,19.595,1842,589,741,2,2.185,1
31.8649,13.486,1843,589,741,2,2.047,1
31.8846,19.679,1844,589,741,2,2.241,1
31.8988,14.148,1845,589,741,2,2.042,1
31.9179,19.112,1846,589,741,2,3.306,1
31.9316,13.721,1847,589,741,2,2.056,1
31.9518,20.218,1848,589,741,2,2.259,1
31.9649,13.041,1849,589,741,2,2.057,1
31.9843,19.393,1850,589,741,2,2.287,1
31.9992,14.969,1851,589,741,2,2.079,1
32.0186,19.421,1852,589,741,2,2.213,1
32.0319,13.247,1853,589,741,2,2.181,1
32.0528,20.918,1854,589,741,2,3.119,1
32.0658,12.981,1855,589,741,2,2.413,1
32.0853,19.501,1856,589,741,2,2.742,1
32.1027,17.421,1857,589,741,2,2.714,1
32.1176,14.924,1858,589,741,2,2.284,1
32.1320,14.405,1859,589,741,2,2.598,1
32.1509,18.883,1860,589,741,2,2.238,1
32.1648,13.889,1861,589,741,2,2.048,1
32.1855,20.690,1862,589,741,2,2.699,1
32.1981,12.588,1863,589,741,2,2.033,1
32.2183,20.159,1864,589,741,2,2.429,1
32.2330,14.744,1865,589,741,2,2.445,1
32.2521,19.116,1866,589,741,2,2.658,1
32.2650,12.918,1867,589,741,2,2.204,1
32.2846,19.593,1868,589,741,2,2.264,1
32.2986,13.948,1869,589,741,2,2.083,1
32.3194,20.850,1870,589,741,2,2.571,1
32.3320,12.556,1871,589,741,2,2.062,1
32.3514,19.431,1872,589,741,2,2.328,1
32.3656,14.162,1873,589,741,2,2.580,1
32.3844,18.805,1874,589,741,2,2.207,1
32.3982,13.847,1875,589,741,2,2.052,1
32.4187,20.495,1876,589,741,2,2.797,1
32.4314,12.721,1877,589,741,2,2.047,1
32.4521,20.609,1878,589,741,2,2.603,1
32.4654,13.381,1879,589,741,2,2.050,1
32.4851,19.622,1880,589,741,2,2.297,1
32.5023,17.252,1881,589,741,2,2.815,1
32.5179,15.598,1882,589,741,2,2.646,1
32.5316,13.723,1883,589,741,2,2.088,1
32.5510,19.397,1884,589,741,2,2.328,1
32.5655,14.507,1885,589,741,2,2.077,1
32.5859,20.364,1886,589,741,2,2.902,1
32.5982,12.325,1887,589,741,2,2.045,1
32.6176,19.417,1888,589,741,2,2.244,1
32.6315,13.882,1889,589,741,2,2.066,1
32.6511,19.568,1890,589,741,2,2.742,1
32.6649,13.862,1891,589,741,2,2.046,1
32.6849,19.990,1892,589,741,2,2.324,1
32.6981,13.179,1893,589,741,2,2.035,1
32.7181,20.006,1894,589,741,2,2.780,1
32.7325,14.333,1895,589,741,2,2.078,1
32.7511,18.597,1896,589,741,2,2.454,1
32.7650,13.960,1897,589,741,2,2.295,1
32.7849,19.879,1898,589,741,2,2.294,1
32.7984,13.499,1899,589,741,2,2.061,1
32.8179,19.479,1900,589,741,2,2.170,1
32.8316,13.775,1901,589,741,2,2.057,1
32.8521,20.485,1902,589,741,2,2.752,1
32.8651,13.004,1903,589,741,2,2.190,1
32.8844,19.225,1904,589,741,2,2.234,1
32.8981,13.764,1905,589,741,2,2.046,1
32.9180,19.860,1906,589,741,2,2.799,1
32.9320,14.030,1907,589,741,2,2.586,1
32.9532,21.187,1908,589,741,2,2.436,1
32.9656,12.428,1909,589,741,2,2.037,1
32.9851,19.464,1910,589,741,2,2.928,1
32.9981,13.046,1911,589,741,2,2.035,1
33.0226,24.420,1912,589,741,2,3.464,1
33.0411,18.537,1913,589,741,2,2.808,1
33.0561,15.032,1914,589,741,2,2.370,1
33.0697,13.536,1915,589,741,2,2.356,1
33.0868,17.169,1916,589,741,2,2.268,1
33.1002,13.370,1917,589,741,2,2.125,1
33.1203,20.116,1918,589,741,2,2.767,1
33.1331,12.769,1919,589,741,2,2.071,1
33.1556,22.496,1920,589,741,2,2.547,1
33.1700,14.441,1921,589,741,2,2.496,1
33.1884,18.393,1922,589,741,2,2.634,1
33.1998,11.350,1923,589,741,2,2.051,1
33.2184,18.592,1924,589,741,2,2.318,1
33.2334,15.076,1925,589,741,2,2.600,1
33.2520,18.610,1926,589,741,2,2.662,1
33.2648,12.712,1927,589,741,2,2.057,1
33.2846,19.860,1928,589,741,2,2.495,1
33.2988,14.177,1929,589,741,2,2.043,1
33.3177,18.911,1930,589,741,2,2.312,1
33.3324,14.727,1931,589,741,2,2.110,1
33.3519,19.455,1932,589,741,2,2.711,1
33.3651,13.180,1933,589,741,2,2.103,1
33.3855,20.452,1934,589,741,2,2.759,1
33.3997,14.183,1935,589,741,2,2.054,1
33.4179,18.186,1936,589,741,2,2.208,1
33.4320,14.081,1937,589,741,2,2.084,1
33.4514,19.408,1938,589,741,2,2.265,1
33.4648,13.378,1939,589,741,2,2.040,1
33.4844,19.693,1940,589,741,2,2.182,1
33.5003,15.904,1941,589,741,2,2.222,1
33.5181,17.799,1942,589,741,2,2.810,1
33.5316,13.449,1943,589,741,2,2.086,1
33.5520,20.395,1944,589,741,2,2.349,1
33.5670,14.963,1945,589,741,2,2.108,1
33.5844,17.442,1946,589,741,2,2.199,1
33.5982,13.834,1947,589,741,2,2.135,1
33.6179,19.654,1948,590,741,2,2.196,1
33.6316,13.738,1949,590,741,2,2.061,1
33.6513,19.684,1950,590,741,2,2.556,1
33.6648,13.490,1951,590,741,2,2.054,1
33.6841,19.303,1952,590,741,2,2.243,1
33.6981,13.975,1953,590,741,2,2.061,1
33.7185,20.445,1954,590,741,2,2.513,1
33.7316,13.049,1955,590,741,2,2.140,1
33.7522,20.588,1956,591,741,2,2.453,1
33.7656,13.459,1957,591,741,2,2.048,1
33.7847,19.051,1958,591,741,2,2.268,1
33.7982,13.546,1959,591,741,2,2.167,1
33.8179,19.703,1960,591,741,2,2.210,1
33.8316,13.715,1961,591,741,2,2.066,1
33.8518,20.130,1962,592,741,2,2.185,1
33.8652,13.422,1963,592,741,2,2.065,1
33.8851,19.873,1964,592,741,2,2.688,1
33.8982,13.131,1965,592,741,2,2.046,1
33.9177,19.468,1966,592,741,2,2.233,1
33.9321,14.471,1967,593,741,2,2.054,1
33.9511,19.012,1968,593,741,2,2.287,1
33.9648,13.618,1969,593,741,2,2.087,1
33.9858,21.080,1970,593,741,2,2.262,1
33.9998,13.944,1971,593,741,2,2.046,1
34.0197,19.963,1972,594,741,2,2.588,1
34.0329,13.116,1973,594,741,2,2.214,1
34.0533,20.480,1974,594,741,2,2.307,1
34.0656,12.260,1975,594,741,2,2.183,1
34.0843,18.706,1976,594,741,2,2.147,1
34.0988,14.518,1977,595,741,2,2.052,1
34.1175,18.680,1978,595,741,2,2.198,1
34.1315,13.969,1979,595,741,2,2.041,1
34.1515,20.051,1980,595,741,2,2.656,1
34.1655,13.985,1981,595,741,2,2.574,1
34.1844,18.921,1982,595,741,2,2.287,1
34.1982,13.749,1983,595,741,2,2.095,1
34.2190,20.787,1984,595,741,2,2.191,1
34.2328,13.878,1985,596,741,2,2.036,1
34.2510,18.150,1986,596,741,2,2.266,1
34.2656,14.652,1987,596,741,2,2.055,1
34.2854,19.723,1988,596,741,2,2.804,1
34.2989,13.522,1989,596,741,2,2.064,1
34.3184,19.472,1990,596,741,2,2.198,1
34.3345,16.101,1991,596,741,2,2.208,1
34.3511,16.664,1992,596,741,2,2.184,1
34.3648,13.632,1993,596,741,2,2.045,1
34.3848,20.075,1994,596,741,2,2.764,1
34.3982,13.320,1995,596,741,2,2.040,1
34.4190,20.843,1996,596,741,2,2.815,1
34.4318,12.766,1997,596,741,2,2.055,1
34.4513,19.492,1998,596,741,2,2.219,1
34.4653,14.027,1999,596,741,2,2.052,1
34.4844,19.082,2000,596,741,2,2.323,1
34.5011,16.730,2001,596,741,2,2.489,1
34.5171,16.037,2002,596,741,2,2.333,1
34.5325,15.321,2003,595,741,2,2.331,1
34.5514,18.897,2004,595,741,2,2.448,1
34.5659,14.556,2005,595,741,2,2.704,1
34.5846,18.683,2006,595,741,2,2.416,1
34.5982,13.609,2007,595,741,2,2.041,1
34.6176,19.366,2008,595,741,2,2.307,1
34.6349,17.374,2009,594,741,2,2.128,1
34.6506,15.648,2010,594,741,2,2.291,1
34.6648,14.240,2011,594,741,2,2.061,1
34.6856,20.820,2012,594,741,2,2.421,1
34.6992,13.506,2013,593,741,2,2.048,1
34.7184,19.205,2014,593,741,2,2.324,1
34.7319,13.546,2015,593,741,2,2.049,1
34.7511,19.156,2016,593,741,2,2.342,1
34.7664,15.387,2017,592,741,2,2.259,1
34.7845,18.037,2018,592,741,2,2.173,1
34.7982,13.751,2019,592,741,2,2.224,1
34.8191,20.843,2020,591,741,2,2.790,1
34.8326,13.542,2021,591,741,2,2.621,1
34.8524,19.815,2022,590,741,2,2.766,1
34.8650,12.522,2023,590,741,2,2.063,1
34.8845,19.509,2024,590,741,2,2.303,1
34.8987,14.222,2025,589,741,2,2.050,1
34.9175,18.794,2026,589,741,2,2.270,1
34.9342,16.696,2027,588,741,2,2.089,1
34.9514,17.261,2028,588,741,2,2.538,1
34.9653,13.819,2029,587,741,2,2.051,1
34.9856,20.325,2030,587,741,2,2.410,1
34.9994,13.784,2031,586,741,2,2.056,1
35.0185,19.139,2032,586,741,2,3.153,1
35.0325,13.998,2033,585,741,2,2.220,1
35.0513,18.749,2034,585,741,2,2.166,1
35.0656,14.375,2035,584,741,2,2.057,1
35.0857,20.026,2036,583,741,2,2.625,1
35.1002,14.534,2037,583,741,2,2.124,1
35.1182,17.974,2038,582,741,2,2.243,1
35.1321,13.901,2039,582,741,2,2.581,1
35.1517,19.655,2040,581,741,2,2.207,1
35.1653,13.562,2041,581,741,2,2.062,1
35.1870,21.749,2042,580,741,2,2.252,1
35.1988,11.723,2043,579,741,2,2.048,1
35.2186,19.817,2044,579,741,2,2.799,1
35.2364,17.790,2045,578,741,2,2.321,1
35.2518,15.431,2046,578,741,2,2.262,1
35.2664,14.610,2047,577,741,2,2.207,1
35.2856,19.198,2048,576,741,2,2.547,1
35.2993,13.656,2049,576,741,2,2.612,1
35.3179,18.664,2050,575,741,2,2.268,1
35.3320,14.053,2051,575,741,2,2.059,1
35.3526,20.601,2052,574,741,2,2.488,1
35.3663,13.768,2053,573,741,2,2.043,1
35.3843,17.938,2054,573,741,2,2.277,1
35.3987,14.370,2055,572,741,2,2.061,1
35.4175,18.833,2056,572,741,2,2.227,1
35.4320,14.528,2057,571,741,2,2.054,1
35.4509,18.881,2058,571,741,2,2.255,1
35.4654,14.498,2059,570,741,2,2.026,1
35.4864,21.036,2060,570,741,2,3.215,1
35.5025,16.091,2061,569,741,2,2.462,1
35.5185,16.002,2062,569,741,2,2.344,1
35.5357,17.155,2063,568,741,2,2.289,1
35.5507,15.056,2064,568,741,2,2.431,1
35.5656,14.882,2065,567,741,2,2.071,1
35.5840,18.340,2066,567,741,2,2.278,1
35.5988,14.846,2067,566,741,2,2.302,1
35.6180,19.161,2068,566,741,2,2.521,1
35.6321,14.093,2069,565,741,2,2.099,1
35.6508,18.778,2070,565,741,2,2.172,1
35.6649,14.095,2071,565,741,2,2.050,1
35.6850,20.028,2072,564,741,2,2.306,1
35.6992,14.265,2073,564,741,2,2.040,1
35.7176,18.418,2074,564,741,2,2.182,1
35.7314,13.748,2075,564,741,2,2.025,1
35.7522,20.861,2076,563,741,2,2.432,1
35.7655,13.264,2077,563,741,2,2.045,1
35.7842,18.659,2078,563,741,2,2.219,1
35.7981,13.951,2079,563,741,2,2.037,1
35.8194,21.239,2080,563,741,2,2.772,1
35.8350,15.690,2081,563,741,2,2.212,1
35.8512,16.114,2082,563,741,2,2.372,1
35.8647,13.569,2083,563,741,2,2.107,1
35.8849,20.187,2084,563,741,2,3.002,1
35.8981,13.229,2085,563,741,2,2.159,1
35.9185,20.335,2086,563,741,2,2.791,1
35.9323,13.859,2087,563,741,2,2.617,1
35.9522,19.831,2088,563,741,2,2.534,1
35.9656,13.467,2089,563,741,2,2.056,1
35.9854,19.760,2090,563,741,2,2.332,1
35.9982,12.767,2091,563,741,2,2.043,1
36.0213,23.096,2092,563,741,2,3.523,1
36.0413,20.038,2093,563,741,2,3.664,1
36.0599,18.556,2094,563,741,2,3.669,1
36.0776,17.732,2095,563,741,2,3.035,1
36.0975,19.863,2096,563,741,2,3.411,1
36.1161,18.606,2097,563,741,2,3.222,1
36.1333,17.263,2098,563,741,2,3.247,1
36.1495,16.190,2099,563,741,2,3.347,1
36.1703,20.828,2100,563,741,2,3.027,1
36.1907,20.345,2101,563,741,2,3.803,1
36.2030,12.364,2102,563,741,2,2.196,1
36.2187,15.677,2103,563,741,2,2.237,1
36.2298,11.101,2104,563,741,2,2.043,1
36.2424,12.597,2105,563,741,2,2.771,1
36.2548,12.369,2106,563,741,2,2.116,1
36.2694,14.649,2107,563,741,2,2.192,1
36.2878,18.314,2108,563,741,2,2.078,1
36.3026,14.846,2109,563,741,2,2.186,1
36.3219,19.286,2110,563,741,2,2.602,1
36.3366,14.734,2111,563,741,2,2.184,1
36.3540,17.392,2112,563,741,2,2.205,1
36.3699,15.878,2113,563,741,2,2.394,1
36.3873,17.456,2114,563,741,2,2.090,1
36.4028,15.498,2115,563,741,2,2.288,1
36.4214,18.566,2116,563,741,2,2.104,1
36.4361,14.697,2117,563,741,2,2.205,1
36.4543,18.215,2118,563,741,2,2.146,1
36.4697,15.360,2119,563,741,2,2.196,1
36.4871,17.393,2120,563,741,2,2.077,1
36.5037,16.599,2121,563,741,2,2.165,1
36.5201,16.444,2122,563,741,2,2.149,1
36.5361,15.960,2123,563,741,2,2.177,1
36.5546,18.496,2124,563,741,2,2.142,1
36.5692,14.636,2125,563,741,2,2.176,1
36.5877,18.454,2126,563,741,2,2.172,1
36.6031,15.413,2127,563,741,2,2.206,1
36.6213,18.195,2128,563,741,2,2.384,1
36.6369,15.606,2129,563,741,2,2.754,1
36.6537,16.789,2130,563,741,2,2.176,1
36.6693,15.631,2131,563,741,2,2.298,1
36.6884,19.136,2132,564,741,2,2.278,1
36.7027,14.307,2133,564,741,2,2.189,1
36.7210,18.244,2134,564,741,2,2.097,1
36.7362,15.246,2135,564,741,2,2.197,1
36.7539,17.675,2136,564,741,2,2.136,1
36.7699,15.995,2137,565,741,2,2.183,1
36.7871,17.215,2138,565,741,2,2.074,1
36.8026,15.440,2139,565,741,2,2.164,1
36.8219,19.350,2140,566,741,2,2.143,1
36.8361,14.153,2141,566,741,2,2.199,1
36.8540,17.894,2142,566,741,2,2.163,1
36.8693,15.302,2143,566,741,2,2.157,1
36.8886,19.388,2144,567,741,2,2.235,1
36.9033,14.618,2145,567,741,2,2.319,1
36.9212,17.947,2146,568,741,2,2.185,1
36.9367,15.528,2147,568,741,2,3.009,1
36.9549,18.167,2148,568,741,2,2.344,1
36.9702,15.273,2149,569,741,2,2.224,1
36.9875,17.359,2150,569,741,2,2.151,1
37.0028,15.281,2151,569,741,2,2.208,1
37.0214,18.580,2152,570,741,2,2.078,1
37.0362,14.752,2153,570,741,2,2.216,1
37.0550,18.879,2154,571,741,2,2.213,1
37.0698,14.766,2155,571,741,2,2.303,1
37.0886,18.764,2156,571,741,2,2.701,1
37.1033,14.705,2157,572,741,2,2.219,1
37.1209,17.601,2158,572,741,2,2.197,1
37.1365,15.642,2159,573,741,2,2.105,1
37.1544,17.924,2160,573,741,2,2.136,1
37.1702,15.757,2161,573,741,2,2.202,1
37.1886,18.382,2162,574,741,2,2.249,1
37.2039,15.327,2163,574,741,2,2.238,1
37.2220,18.087,2164,575,741,2,2.241,1
37.2362,14.264,2165,575,741,2,2.358,1
37.2549,18.647,2166,576,741,2,2.172,1
37.2696,14.727,2167,576,741,2,2.227,1
37.2875,17.880,2168,576,741,2,2.096,1
37.3035,16.036,2169,577,741,2,2.217,1
37.3204,16.884,2170,577,741,2,2.147,1
37.3359,15.504,2171,577,741,2,2.159,1
37.3554,19.511,2172,578,741,2,2.215,1
37.3692,13.733,2173,578,741,2,2.133,1
37.3880,18.818,2174,579,741,2,2.165,1
37.4027,14.672,2175,579,741,2,2.227,1
37.4216,18.930,2176,579,741,2,2.662,1
37.4373,15.729,2177,580,741,2,2.152,1
37.4544,17.105,2178,580,741,2,2.337,1
37.4697,15.237,2179,580,741,2,2.275,1
37.4894,19.729,2180,581,741,2,2.480,1
37.5056,16.177,2181,581,741,2,2.172,1
37.5209,15.353,2182,581,741,2,2.141,1
37.5362,15.268,2183,581,741,2,2.197,1
37.5542,18.002,2184,582,741,2,2.156,1
37.5692,15.018,2185,582,741,2,2.146,1
37.5872,17.950,2186,582,741,2,2.285,1
37.6027,15.552,2187,582,741,2,2.118,1
37.6218,19.122,2188,583,741,2,2.567,1
37.6359,14.040,2189,583,741,2,2.164,1
37.6535,17.672,2190,583,741,2,2.185,1
37.6707,17.112,2191,583,741,2,2.182,1
37.6870,16.295,2192,583,741,2,2.235,1
37.7040,17.052,2193,584,741,2,2.252,1
37.7208,16.757,2194,584,741,2,2.156,1
37.7364,15.661,2195,584,741,2,2.191,1
37.7548,18.336,2196,584,741,2,2.267,1
37.7695,14.715,2197,584,741,2,2.179,1
37.7874,17.940,2198,584,741,2,2.216,1
37.8027,15.319,2199,584,741,2,2.189,1
37.8212,18.479,2200,584,740,2,2.105,1
37.8359,14.730,2201,584,740,2,2.176,1
37.8539,17.912,2202,584,740,2,2.105,1
37.8699,16.057,2203,585,740,2,2.190,1
37.8882,18.246,2204,585,740,2,2.502,1
37.9029,14.745,2205,585,740,2,2.162,1
37.9208,17.910,2206,585,740,2,2.328,1
37.9362,15.395,2207,585,740,2,2.397,1
37.9542,17.974,2208,585,740,2,2.179,1
37.9701,15.917,2209,584,740,2,2.201,1
37.9875,17.362,2210,584,740,2,2.098,1
38.0038,16.301,2211,584,740,2,2.240,1
38.0222,18.396,2212,584,740,2,2.159,1
38.0364,14.243,2213,584,740,2,2.194,1
38.0551,18.734,2214,584,740,2,2.594,1
38.0703,15.131,2215,584,740,2,2.179,1
38.0874,17.163,2216,584,740,2,2.154,1
38.1026,15.128,2217,584,740,2,2.209,1
38.1204,17.847,2218,584,740,2,2.101,1
38.1360,15.645,2219,584,740,2,2.189,1
38.1555,19.467,2220,583,740,2,2.450,1
38.1704,14.865,2221,583,740,2,2.333,1
38.1877,17.362,2222,583,740,2,2.747,1
38.2040,16.259,2223,583,740,2,2.865,1
38.2212,17.203,2224,583,740,2,2.187,1
38.2363,15.089,2225,583,740,2,2.177,1
38.2551,18.845,2226,582,740,2,2.645,1
38.2696,14.480,2227,582,740,2,2.175,1
38.2880,18.426,2228,582,740,2,2.411,1
38.3026,14.585,2229,582,740,2,2.159,1
38.3205,17.915,2230,582,740,2,2.143,1
38.3365,15.985,2231,581,740,2,2.167,1
38.3537,17.195,2232,581,740,2,2.149,1
38.3692,15.508,2233,581,740,2,2.108,1
38.3882,18.949,2234,581,740,2,2.220,1
38.4041,15.900,2235,580,740,2,2.534,1
38.4216,17.560,2236,580,740,2,2.371,1
38.4361,14.482,2237,580,740,2,2.286,1
38.4551,18.944,2238,579,740,2,2.144,1
38.4696,14.488,2239,579,740,2,2.212,1
38.4874,17.863,2240,579,740,2,2.058,1
38.5049,17.445,2241,579,740,2,2.176,1
38.5210,16.123,2242,578,740,2,2.197,1
38.5359,14.917,2243,578,740,2,2.197,1
38.5541,18.164,2244,578,740,2,2.407,1
38.5698,15.769,2245,577,740,2,2.178,1
38.5869,17.051,2246,577,740,2,2.145,1
38.6026,15.714,2247,577,740,2,2.198,1
38.6206,17.965,2248,576,740,2,2.118,1
38.6359,15.350,2249,576,740,2,2.183,1
38.6548,18.925,2250,576,740,2,2.749,1
38.6705,15.649,2251,576,740,2,2.204,1
38.6883,17.836,2252,575,740,2,2.546,1
38.7025,14.213,2253,575,740,2,2.254,1
38.7234,20.879,2254,575,740,2,2.807,1
38.7370,13.561,2255,574,740,2,2.235,1
38.7539,16.921,2256,574,740,2,2.150,1
38.7693,15.391,2257,574,740,2,2.150,1
38.7887,19.464,2258,573,740,2,2.274,1
38.8036,14.891,2259,573,740,2,2.331,1
38.8235,19.885,2260,573,740,2,3.402,1
38.8377,14.158,2261,572,740,2,2.416,1
38.8558,18.097,2262,572,740,2,2.298,1
38.8730,17.204,2263,572,740,2,2.317,1
38.8908,17.785,2264,571,740,2,2.848,1
38.9039,13.169,2265,571,740,2,2.402,1
38.9225,18.545,2266,571,740,2,2.430,1
38.9374,14.894,2267,570,740,2,2.276,1
38.9548,17.429,2268,570,740,2,2.251,1
38.9693,14.535,2269,570,740,2,2.265,1
38.9875,18.203,2270,570,740,2,2.203,1
39.0029,15.312,2271,570,740,2,2.224,1
39.0216,18.727,2272,569,740,2,2.096,1
39.0361,14.498,2273,569,740,2,2.184,1
39.0537,17.631,2274,569,740,2,2.212,1
39.0692,15.449,2275,569,740,2,2.137,1
39.0883,19.128,2276,569,740,2,2.112,1
39.1066,18.288,2277,569,740,2,2.499,1
39.1250,18.438,2278,570,740,2,2.221,1
39.1412,16.149,2279,570,740,2,2.169,1
39.1585,17.294,2280,570,740,2,2.230,1
39.1724,13.907,2281,570,740,2,2.153,1
39.1892,16.848,2282,570,740,2,2.941,1
39.2032,13.938,2283,570,740,2,2.281,1
39.2221,18.909,2284,570,740,2,2.487,1
39.2369,14.854,2285,570,740,2,2.484,1
39.2558,18.843,2286,569,740,2,2.269,1
39.2706,14.840,2287,569,740,2,2.211,1
39.2891,18.487,2288,568,740,2,2.238,1
39.3036,14.499,2289,567,740,2,2.253,1
39.3222,18.653,2290,566,740,2,2.192,1
39.3366,14.401,2291,565,740,2,2.254,1
39.3562,19.604,2292,564,740,2,2.686,1
39.3708,14.521,2293,563,740,2,2.434,1
39.3886,17.810,2294,562,740,2,2.320,1
39.4039,15.303,2295,560,740,2,2.517,1
39.4218,17.882,2296,559,740,2,2.177,1
39.4373,15.545,2297,557,740,2,2.350,1
39.4566,19.309,2298,555,740,2,2.224,1
39.4706,13.972,2299,554,740,2,2.203,1
39.4894,18.811,2300,552,740,2,2.238,1
39.5064,16.956,2301,551,740,2,2.158,1
39.5218,15.485,2302,550,740,2,2.132,1
39.5358,13.944,2303,550,740,2,2.135,1
39.5538,18.008,2304,549,740,2,2.183,1
39.5690,15.258,2305,549,740,2,2.142,1
39.5879,18.811,2306,548,740,2,2.139,1
39.6035,15.673,2307,548,740,2,2.140,1
39.6217,18.175,2308,547,740,2,2.766,1
39.6366,14.898,2309,546,740,2,2.394,1
39.6536,17.024,2310,546,740,2,2.171,1
39.6701,16.464,2311,545,740,2,2.200,1
39.6874,17.276,2312,545,740,2,2.109,1
39.7029,15.560,2313,545,740,2,2.303,1
39.7208,17.852,2314,545,740,2,2.640,1
39.7358,15.049,2315,545,740,2,2.150,1
39.7553,19.432,2316,545,740,2,2.974,1
39.7692,13.919,2317,545,740,2,2.148,1
39.7871,17.903,2318,545,740,2,2.143,1
39.8025,15.368,2319,545,740,2,2.156,1
39.8207,18.215,2320,545,740,2,2.676,1
39.8358,15.109,2321,545,740,2,2.145,1
39.8544,18.618,2322,545,740,2,2.182,1
39.8704,16.011,2323,545,740,2,2.247,1
39.8882,17.758,2324,545,740,2,2.449,1
39.9028,14.638,2325,545,740,2,2.300,1
39.9207,17.918,2326,545,740,2,2.150,1
39.9365,15.762,2327,545,740,2,2.742,1
39.9542,17.747,2328,545,740,2,2.677,1
39.9694,15.165,2329,545,740,2,2.173,1
39.9872,17.797,2330,545,740,2,2.126,1
40.0025,15.275,2331,545,740,2,2.227,1
40.0208,18.375,2332,545,740,2,2.349,1
40.0357,14.894,2333,545,740,2,2.131,1
40.0536,17.866,2334,545,740,2,2.170,1
40.0691,15.470,2335,545,740,2,2.189,1
40.0893,20.215,2336,545,740,2,2.717,1
40.1031,13.824,2337,545,740,2,2.180,1
40.1206,17.541,2338,545,740,2,2.173,1
40.1373,16.643,2339,545,740,2,2.240,1
40.1549,17.598,2340,545,740,2,2.439,1
40.1694,14.519,2341,545,740,2,2.168,1
40.1873,17.904,2342,545,740,2,2.134,1
40.2027,15.405,2343,545,740,2,2.200,1
40.2214,18.642,2344,545,740,2,2.133,1
40.2359,14.555,2345,545,740,2,2.170,1
40.2537,17.746,2346,545,740,2,2.155,1
40.2692,15.510,2347,545,740,2,2.142,1
40.2883,19.164,2348,545,740,2,2.193,1
40.3031,14.756,2349,546,740,2,2.153,1
40.3204,17.332,2350,546,740,2,2.172,1
40.3363,15.896,2351,546,740,2,2.726,1
40.3542,17.897,2352,546,740,2,2.376,1
40.3699,15.710,2353,546,740,2,2.162,1
40.3881,18.149,2354,545,740,2,2.136,1
40.4032,15.167,2355,545,740,2,2.858,1
40.4214,18.111,2356,545,740,2,2.358,1
40.4360,14.667,2357,545,740,2,2.166,1
40.4539,17.865,2358,545,740,2,2.174,1
40.4693,15.449,2359,545,740,2,2.187,1
40.4871,17.776,2360,545,740,2,2.142,1
40.5050,17.902,2361,545,740,2,2.234,1
40.5207,15.693,2362,545,740,2,2.139,1
40.5357,15.008,2363,545,740,2,2.168,1
40.5546,18.920,2364,545,740,2,2.693,1
40.5691,14.461,2365,545,740,2,2.169,1
40.5878,18.698,2366,545,740,2,2.239,1
40.6028,14.984,2367,545,740,2,2.261,1
40.6205,17.700,2368,545,740,2,2.307,1
40.6360,15.509,2369,545,740,2,2.219,1
40.6536,17.583,2370,545,740,2,2.120,1
40.6693,15.690,2371,545,740,2,2.190,1
40.6876,18.352,2372,545,740,2,2.306,1
40.7026,14.954,2373,545,740,2,2.190,1
40.7202,17.615,2374,545,740,2,2.162,1
40.7358,15.600,2375,545,740,2,2.160,1
40.7538,18.053,2376,545,740,2,2.151,1
40.7691,15.256,2377,545,740,2,2.195,1
40.7869,17.784,2378,545,740,2,2.120,1
40.8026,15.720,2379,545,740,2,2.142,1
40.8223,19.670,2380,545,739,2,2.224,1
40.8378,15.559,2381,545,739,2,2.411,1
40.8560,18.225,2382,545,739,2,2.535,1
40.8715,15.446,2383,545,739,2,2.479,1
40.8882,16.755,2384,545,739,2,2.297,1
40.9031,14.881,2385,545,739,2,2.587,1
40.9213,18.131,2386,545,739,2,2.247,1
40.9367,15.454,2387,545,739,2,2.404,1
40.9564,19.700,2388,545,739,2,2.475,1
40.9749,18.478,2389,545,739,2,2.219,1
40.9920,17.138,2390,545,739,2,2.241,1
41.0098,17.753,2391,545,739,2,3.516,1
41.0311,21.291,2392,545,739,2,3.273,1
41.0495,18.382,2393,545,739,2,4.270,1
41.0650,15.571,2394,545,739,2,2.186,1
41.0820,16.938,2395,545,739,2,3.763,1
41.0974,15.403,2396,545,739,2,2.764,1
41.1198,22.416,2397,545,739,2,3.396,1
41.1331,13.289,2398,545,739,2,2.104,1
41.1495,16.410,2399,545,739,2,4.011,1
41.1628,13.344,2400,545,739,2,2.409,1
41.1760,13.223,2401,545,739,2,2.439,1
41.1905,14.450,2402,545,739,2,2.049,1
41.2036,13.115,2403,545,739,2,2.248,1
41.2217,18.052,2404,545,739,2,2.415,1
41.2365,14.854,2405,545,739,2,2.212,1
41.2542,17.714,2406,545,739,2,2.178,1
41.2690,14.807,2407,545,739,2,2.115,1
41.2873,18.268,2408,545,739,2,2.142,1
41.3025,15.188,2409,545,739,2,2.179,1
41.3206,18.128,2410,545,739,2,2.277,1
41.3359,15.320,2411,545,739,2,2.193,1
41.3553,19.365,2412,545,739,2,2.883,1
41.3695,14.167,2413,545,739,2,2.157,1
41.3874,17.885,2414,545,739,2,2.326,1
41.4028,15.463,2415,545,739,2,2.356,1
41.4211,18.240,2416,545,739,2,2.164,1
41.4367,15.644,2417,545,739,2,2.235,1
41.4544,17.698,2418,545,739,2,2.114,1
41.4695,15.132,2419,545,739,2,2.220,1
41.4887,19.128,2420,545,739,2,2.737,1
41.5045,15.840,2421,545,739,2,2.155,1
41.5201,15.604,2422,545,739,2,2.183,1
41.5361,16.035,2423,545,739,2,2.265,1
41.5545,18.398,2424,545,739,2,2.301,1
41.5692,14.659,2425,545,739,2,2.182,1
41.5869,17.711,2426,545,739,2,2.176,1
41.6045,17.596,2427,545,739,2,2.395,1
41.6216,17.102,2428,545,739,2,2.955,1
41.6366,14.954,2429,545,739,2,2.509,1
41.6541,17.491,2430,545,739,2,2.194,1
41.6694,15.356,2431,545,739,2,2.240,1
41.6878,18.364,2432,545,739,2,2.137,1
41.7029,15.158,2433,545,739,2,2.240,1
41.7209,18.001,2434,545,739,2,2.165,1
41.7362,15.288,2435,545,739,2,2.214,1
41.7554,19.158,2436,545,739,2,2.289,1
41.7706,15.244,2437,545,739,2,2.205,1
41.7878,17.141,2438,545,739,2,2.272,1
41.8027,14.947,2439,545,739,2,2.239,1
41.8211,18.420,2440,545,739,2,2.673,1
41.8361,14.969,2441,545,739,2,2.194,1
41.8543,18.218,2442,545,739,2,2.205,1
41.8704,16.123,2443,545,739,2,2.264,1
41.8885,18.009,2444,545,739,2,2.392,1
41.9032,14.793,2445,545,739,2,2.290,1
41.9212,18.001,2446,545,739,2,2.223,1
41.9366,15.360,2447,545,739,2,2.208,1
41.9547,18.084,2448,545,739,2,2.667,1
41.9699,15.252,2449,545,739,2,2.773,1
41.9872,17.230,2450,545,739,2,2.155,1
42.0027,15.512,2451,545,739,2,2.228,1
42.0214,18.681,2452,545,739,2,2.416,1
42.0360,14.643,2453,545,739,2,2.193,1
42.0556,19.553,2454,545,739,2,2.808,1
42.0698,14.206,2455,545,739,2,2.410,1
42.0879,18.161,2456,545,739,2,2.210,1
42.1040,16.018,2457,545,739,2,2.830,1
42.1210,17.039,2458,545,739,2,2.133,1
42.1369,15.925,2459,545,739,2,2.425,1
42.1544,17.531,2460,545,739,2,2.148,1
42.1697,15.272,2461,545,739,2,2.283,1
42.1875,17.800,2462,545,739,2,2.132,1
42.2031,15.561,2463,545,739,2,2.226,1
42.2213,18.248,2464,545,739,2,2.288,1
42.2365,15.149,2465,545,739,2,2.197,1
42.2546,18.154,2466,545,739,2,2.163,1
42.2699,15.239,2467,545,739,2,2.219,1
42.2873,17.450,2468,545,739,2,2.151,1
42.3029,15.582,2469,545,739,2,2.238,1
42.3215,18.619,2470,545,739,2,2.102,1
42.3385,16.997,2471,545,739,2,2.711,1
42.3556,17.124,2472,545,739,2,2.600,1
42.3703,14.658,2473,545,739,2,2.421,1
42.3879,17.594,2474,545,739,2,2.265,1
42.4032,15.331,2475,545,739,2,2.304,1
42.4213,18.080,2476,545,739,2,2.189,1
42.4366,15.309,2477,545,739,2,2.195,1
42.4545,17.870,2478,545,739,2,2.144,1
42.4702,15.686,2479,545,739,2,2.259,1
42.4881,17.947,2480,545,739,2,2.379,1
42.5053,17.151,2481,545,739,2,2.149,1
42.5205,15.244,2482,545,739,2,2.189,1
42.5362,15.640,2483,545,739,2,2.217,1
42.5538,17.655,2484,545,739,2,2.207,1
42.5695,15.730,2485,545,739,2,2.185,1
42.5881,18.605,2486,545,739,2,2.149,1
42.6036,15.423,2487,545,739,2,2.300,1
42.6215,17.894,2488,545,739,2,2.631,1
42.6365,15.047,2489,545,739,2,2.408,1
42.6548,18.334,2490,545,739,2,2.734,1
42.6700,15.140,2491,545,739,2,2.278,1
42.6877,17.754,2492,545,739,2,2.154,1
42.7033,15.586,2493,545,739,2,2.273,1
42.7207,17.377,2494,545,739,2,2.166,1
42.7364,15.679,2495,545,739,2,2.235,1
42.7558,19.389,2496,545,739,2,2.293,1
42.7704,14.648,2497,545,739,2,2.241,1
42.7876,17.182,2498,545,739,2,2.186,1
42.8030,15.444,2499,545,739,2,2.257,1
42.8212,18.113,2500,545,739,2,2.155,1
42.8368,15.691,2501,545,739,2,2.200,1
42.8546,17.766,2502,545,739,2,2.589,1
42.8698,15.222,2503,545,739,2,2.438,1
42.8889,19.091,2504,545,739,2,2.597,1
42.9034,14.501,2505,545,739,2,2.283,1
42.9212,17.756,2506,545,739,2,2.185,1
42.9372,16.042,2507,545,739,2,2.220,1
42.9542,16.971,2508,545,739,2,2.122,1
42.9698,15.592,2509,545,739,2,2.240,1
42.9874,17.600,2510,545,739,2,2.176,1
43.0030,15.636,2511,545,739,2,2.272,1
43.0219,18.841,2512,545,739,2,2.756,1
43.0366,14.694,2513,545,739,2,2.234,1
43.0543,17.722,2514,545,739,2,2.209,1
43.0698,15.504,2515,545,739,2,2.240,1
43.0885,18.765,2516,545,739,2,2.310,1
43.1038,15.215,2517,545,739,2,2.410,1
43.1213,17.546,2518,545,739,2,2.180,1
43.1364,15.131,2519,545,739,2,2.269,1
43.1555,19.018,2520,545,739,2,2.369,1
43.1699,14.436,2521,545,739,2,2.245,1
43.1880,18.128,2522,545,739,2,2.196,1
43.2034,15.427,2523,545,739,2,2.227,1
43.2218,18.347,2524,545,739,2,2.174,1
43.2365,14.728,2525,545,739,2,2.201,1
43.2542,17.630,2526,545,739,2,2.167,1
43.2698,15.688,2527,545,739,2,2.197,1
43.2893,19.466,2528,545,739,2,2.477,1
43.3031,13.801,2529,545,739,2,2.291,1
43.3217,18.609,2530,545,739,2,2.421,1
43.3377,15.996,2531,545,739,2,2.449,1
43.3546,16.860,2532,545,739,2,2.274,1
43.3698,15.204,2533,545,739,2,2.406,1
43.3878,17.994,2534,545,739,2,2.113,1
43.4030,15.238,2535,545,739,2,2.268,1
43.4219,18.876,2536,545,739,2,2.306,1
43.4370,15.137,2537,545,739,2,2.216,1
43.4547,17.638,2538,545,739,2,2.249,1
43.4696,14.958,2539,545,739,2,2.217,1
43.4879,18.321,2540,545,739,2,2.208,1
43.5051,17.172,2541,545,739,2,2.342,1
43.5205,15.417,2542,545,739,2,2.154,1
43.5361,15.584,2543,545,739,2,2.244,1
43.5561,19.945,2544,545,739,2,2.962,1
43.5701,14.076,2545,545,739,2,2.807,1
43.5872,17.095,2546,545,739,2,2.300,1
43.6033,16.033,2547,545,739,2,2.307,1
43.6209,17.593,2548,545,739,2,2.170,1
43.6367,15.878,2549,545,739,2,2.318,1
43.6543,17.553,2550,545,739,2,2.174,1
43.6702,15.901,2551,545,739,2,2.220,1
43.6880,17.862,2552,545,739,2,2.284,1
43.7033,15.233,2553,545,739,2,2.281,1
43.7208,17.563,2554,545,739,2,2.217,1
43.7361,15.284,2555,545,739,2,2.263,1
43.7543,18.200,2556,545,739,2,2.183,1
43.7697,15.351,2557,545,739,2,2.183,1
43.7884,18.684,2558,545,739,2,2.122,1
43.8049,16.537,2559,545,738,2,2.671,1
43.8222,17.251,2560,545,738,2,2.828,1
43.8370,14.882,2561,545,738,2,2.707,1
43.8553,18.277,2562,545,738,2,2.263,1
43.8696,14.328,2563,545,738,2,2.431,1
43.8874,17.739,2564,545,738,2,2.128,1
43.9031,15.741,2565,545,738,2,2.253,1
43.9212,18.077,2566,545,738,2,2.149,1
43.9368,15.601,2567,545,738,2,2.270,1
43.9553,18.477,2568,545,738,2,2.566,1
43.9696,14.310,2569,545,738,2,2.243,1
43.9876,18.041,2570,545,738,2,2.241,1
44.0030,15.360,2571,545,738,2,2.270,1
44.0211,18.134,2572,545,738,2,2.182,1
44.0367,15.592,2573,545,738,2,2.271,1
44.0560,19.317,2574,545,738,2,2.278,1
44.0703,14.303,2575,545,738,2,2.380,1
44.0888,18.508,2576,545,738,2,2.533,1
44.1044,15.569,2577,545,738,2,2.730,1
44.1225,18.118,2578,545,738,2,2.316,1
44.1365,14.018,2579,545,738,2,2.242,1
44.1563,19.790,2580,545,738,2,2.339,1
44.1701,13.814,2581,545,738,2,2.317,1
44.1891,18.966,2582,545,738,2,2.749,1
44.2035,14.415,2583,545,738,2,2.335,1
44.2227,19.182,2584,545,738,2,2.750,1
44.2369,14.139,2585,545,738,2,2.274,1
44.2552,18.378,2586,545,738,2,2.178,1
44.2702,14.984,2587,545,738,2,3.051,1
44.2886,18.411,2588,545,738,2,2.197,1
44.3046,15.940,2589,545,738,2,3.075,1
44.3222,17.631,2590,545,738,2,2.280,1
44.3366,14.383,2591,545,738,2,2.216,1
44.3559,19.276,2592,545,738,2,2.544,1
44.3699,14.084,2593,545,738,2,2.519,1
44.3884,18.457,2594,545,738,2,2.287,1
44.4038,15.385,2595,545,738,2,3.394,1
44.4216,17.846,2596,545,738,2,2.172,1
44.4392,17.591,2597,545,738,2,3.302,1
44.4607,21.445,2598,545,738,2,3.268,1
44.4810,20.361,2599,545,738,2,3.346,1
44.5107,29.646,2600,545,738,2,3.708,1
44.5361,25.412,2601,545,738,2,3.359,1
44.5662,30.097,2602,545,738,2,3.734,1
44.5917,25.487,2603,545,738,2,3.914,1
44.6175,25.876,2604,545,738,2,3.952,1
44.6462,28.687,2605,545,738,2,2.917,1
44.6693,23.074,2606,545,738,2,3.118,1
44.6898,20.530,2607,545,738,2,3.692,1
44.7130,23.181,2608,545,738,2,3.801,1
44.7387,25.674,2609,545,738,2,3.318,1
44.7669,28.203,2610,545,738,2,3.408,1
44.7904,23.463,2611,545,738,2,4.526,1
44.8100,19.674,2612,545,738,2,3.423,1
44.8298,19.740,2613,545,738,2,4.255,1
44.8485,18.773,2614,545,738,2,2.984,1
44.8682,19.620,2615,545,738,2,2.659,1
44.8912,23.083,2616,545,738,2,3.377,1
44.9111,19.861,2617,545,738,2,5.105,1
44.9333,22.168,2618,545,738,2,3.118,1
44.9546,21.282,2619,545,738,2,3.106,1
44.9759,21.302,2620,545,738,2,3.058,1
44.9973,21.489,2621,545,738,2,2.378,1
45.0212,23.823,2622,545,738,2,3.405,1
45.0426,21.469,2623,545,738,2,2.731,1
45.0682,25.544,2624,545,738,2,3.180,1
45.0899,21.762,2625,545,738,2,3.398,1
45.1108,20.863,2626,545,738,2,3.479,1
45.1311,20.326,2627,545,738,2,3.050,1
45.1519,20.743,2628,545,738,2,4.031,1
45.1692,17.333,2629,545,738,2,3.321,1
45.1925,23.264,2630,545,738,2,3.854,1
45.2161,23.627,2631,545,738,2,3.940,1
45.2360,19.951,2632,545,738,2,3.512,1
45.2622,26.118,2633,545,738,2,3.389,1
45.2842,22.029,2634,545,738,2,4.343,1
45.3057,21.460,2635,545,738,2,2.843,1
45.3255,19.836,2636,545,738,2,2.508,1
45.3432,17.670,2637,545,738,2,3.181,1
45.3600,16.809,2638,545,738,2,2.358,1
45.3778,17.857,2639,545,738,2,2.973,1
45.3950,17.188,2640,545,738,2,2.295,1
45.4133,18.292,2641,545,738,2,2.979,1
45.4356,22.253,2642,545,738,2,2.932,1
45.4620,26.423,2643,545,738,2,7.517,1
45.4878,25.814,2644,545,738,2,5.420,1
45.5190,31.216,2645,545,738,2,5.848,1
45.5408,21.800,2646,545,738,2,2.411,1
45.5611,20.300,2647,545,738,2,2.166,1
45.5776,16.460,2648,545,738,2,3.574,1
45.5934,15.844,2649,545,738,2,2.393,1
45.6095,16.131,2650,545,738,2,2.923,1
45.6245,14.914,2651,545,738,2,2.421,1
45.6391,14.638,2652,545,738,2,2.267,1
45.6564,17.290,2653,545,738,2,2.813,1
45.6727,16.320,2654,545,738,2,2.528,1
45.6928,20.071,2655,545,738,2,2.192,1
45.7066,13.850,2656,545,738,2,2.197,1
45.7234,16.769,2657,545,738,2,2.143,1
45.7362,12.791,2658,545,738,2,2.732,1
45.7526,16.397,2659,545,738,2,2.601,1
45.7654,12.819,2660,545,738,2,2.127,1
45.7824,17.003,2661,545,738,2,3.483,1
45.7944,11.988,2662,545,738,2,2.669,1
45.8101,15.662,2663,545,738,2,2.583,1
45.8281,18.065,2664,545,738,2,2.121,1
45.8448,16.711,2665,545,738,2,2.605,1
45.8608,15.969,2666,545,738,2,2.671,1
45.8776,16.810,2667,545,738,2,2.871,1
45.8931,15.453,2668,545,738,2,2.696,1
45.9105,17.419,2669,545,738,2,2.579,1
45.9263,15.813,2670,545,738,2,2.126,1
45.9441,17.791,2671,545,738,2,2.611,1
45.9597,15.643,2672,545,738,2,2.288,1
45.9821,22.354,2673,545,738,2,3.092,1
45.9956,13.510,2674,545,738,2,2.667,1
46.0100,14.424,2675,545,738,2,2.539,1
46.0259,15.900,2676,545,738,2,2.139,1
46.0440,18.056,2677,545,738,2,2.625,1
46.0593,15.299,2678,545,738,2,2.134,1
46.0786,19.305,2679,545,738,2,2.742,1
46.0927,14.121,2680,545,738,2,2.354,1
46.1105,17.819,2681,545,738,2,3.116,1
46.1263,15.752,2682,545,738,2,2.350,1
46.1437,17.461,2683,545,738,2,2.545,2
46.1593,15.603,2684,545,738,2,2.381,2
46.1772,17.857,2685,545,738,2,2.721,2
46.1933,16.071,2686,545,738,2,2.718,2
46.2109,17.632,2687,545,738,2,2.639,2
46.2262,15.297,2688,545,738,2,2.140,2
46.2441,17.927,2689,545,738,2,2.155,2
46.2614,17.310,2690,545,738,2,2.644,2
46.2767,15.230,2691,545,738,2,2.552,2
46.2943,17.634,2692,545,738,2,2.185,2
46.3102,15.901,2693,545,738,2,2.640,2
46.3260,15.791,2694,545,738,2,2.131,2
46.3441,18.133,2695,545,738,2,2.562,2
46.3591,14.972,2696,545,738,2,2.123,2
46.3789,19.801,2697,545,738,2,2.636,2
46.3939,14.999,2698,545,738,2,2.335,2
46.4108,16.897,2699,545,738,2,2.840,2
46.4259,15.087,2700,545,738,2,2.170,2
46.4449,19.051,2701,545,738,2,2.568,2
46.4597,14.744,2702,545,738,2,2.129,2
46.4778,18.156,2703,545,738,2,2.614,2
46.4927,14.825,2704,545,738,2,2.220,2
46.5124,19.713,2705,545,738,2,2.850,2
46.5263,13.912,2706,545,738,2,2.654,2
46.5448,18.497,2707,545,738,2,3.213,2
46.5591,14.359,2708,545,738,2,2.117,2
46.5782,19.112,2709,545,738,2,2.683,2
46.5930,14.768,2710,545,738,2,2.669,2
46.6105,17.514,2711,545,738,2,2.532,2
46.6281,17.547,2712,545,738,2,2.717,2
46.6447,16.592,2713,545,738,2,3.089,2
46.6607,16.032,2714,545,738,2,2.207,2
46.6771,16.381,2715,545,738,2,2.750,2
46.6926,15.471,2716,545,738,2,2.269,2
46.7116,19.072,2717,545,738,2,3.114,2
46.7260,14.387,2718,545,738,2,2.132,2
46.7441,18.120,2719,545,738,2,2.657,2
46.7594,15.298,2720,545,738,2,2.128,2
46.7771,17.721,2721,545,738,2,2.626,2
46.7927,15.592,2722,545,738,2,2.119,2
46.8102,17.483,2723,545,738,2,2.509,2
46.8259,15.666,2724,545,738,2,2.117,2
46.8434,17.536,2725,545,738,2,2.586,2
46.8597,16.273,2726,545,738,2,2.624,2
46.8787,18.979,2727,545,738,2,3.135,2
46.8933,14.628,2728,545,738,2,2.618,2
46.9125,19.208,2729,545,738,2,2.558,2
46.9275,14.946,2730,545,738,2,2.689,2
46.9439,16.400,2731,545,738,2,2.748,2
46.9594,15.506,2732,545,738,2,2.297,2
46.9786,19.198,2733,545,738,2,3.204,2
46.9932,14.673,2734,545,738,2,2.361,2
47.0116,18.349,2735,545,738,2,3.427,2
47.0263,14.716,2736,545,738,2,2.131,2
47.0435,17.149,2737,545,738,2,2.578,2
47.0593,15.887,2738,545,738,2,2.124,2
47.0783,18.998,2739,545,738,2,3.088,2
47.0924,14.096,2740,545,738,2,2.147,2
47.1099,17.513,2741,545,738,2,2.591,2
47.1271,17.160,2742,545,738,2,2.821,2
47.1436,16.541,2743,545,738,2,2.536,2
47.1622,18.602,2744,545,738,2,2.627,2
47.1777,15.433,2745,545,738,2,2.906,2
47.1944,16.749,2746,545,738,2,2.178,2
47.2104,15.948,2747,545,738,2,2.403,2
47.2261,15.722,2748,545,738,2,2.136,2
47.2437,17.580,2749,545,738,2,2.546,2
47.2595,15.844,2750,545,738,2,2.130,2
47.2776,18.101,2751,545,738,2,2.575,2
47.2926,14.956,2752,545,738,2,2.140,2
47.3118,19.259,2753,545,738,2,3.104,2
47.3264,14.521,2754,545,738,2,2.639,2
47.3439,17.581,2755,545,738,2,2.565,2
47.3590,15.093,2756,545,738,2,2.135,2
47.3773,18.289,2757,545,738,2,2.610,2
47.3931,15.794,2758,545,738,2,2.631,2
47.4121,18.993,2759,545,738,2,2.730,2
47.4260,13.865,2760,545,738,2,2.225,2
47.4449,18.935,2761,545,738,2,3.463,2
47.4617,16.809,2762,545,738,2,2.149,2
47.4777,16.006,2763,545,738,2,2.638,2
47.4931,15.350,2764,545,738,2,2.322,2
47.5121,19.019,2765,545,738,2,2.832,2
47.5259,13.770,2766,545,738,2,2.121,2
47.5439,18.073,2767,545,738,2,2.127,2
47.5615,17.515,2768,545,738,2,2.397,2
47.5773,15.820,2769,545,738,2,2.639,2
47.5927,15.460,2770,545,738,2,2.156,2
47.6118,19.026,2771,545,738,2,3.105,2
47.6262,14.469,2772,545,738,2,2.626,2
47.6456,19.392,2773,545,738,2,3.195,2
47.6613,15.635,2774,545,738,2,2.701,2
47.6777,16.412,2775,545,738,2,2.700,2
47.6929,15.194,2776,545,738,2,2.314,2
47.7116,18.700,2777,545,738,2,2.577,2
47.7267,15.136,2778,545,738,2,2.679,2
47.7445,17.799,2779,545,738,2,2.637,2
47.7620,17.505,2780,545,738,2,2.629,2
47.7780,16.020,2781,545,738,2,3.169,2
47.7925,14.457,2782,545,738,2,2.107,2
47.8110,18.486,2783,545,738,2,2.600,2
47.8260,15.016,2784,545,738,2,2.143,2
47.8451,19.123,2785,545,738,2,2.687,2
47.8592,14.112,2786,545,738,2,2.137,2
47.8775,18.275,2787,545,738,2,2.667,2
47.8954,17.913,2788,545,738,2,2.737,2
47.9118,16.360,2789,545,738,2,2.735,2
47.9266,14.854,2790,545,738,2,2.493,2
47.9442,17.564,2791,545,738,2,2.886,2
47.9593,15.164,2792,545,738,2,2.156,2
47.9783,18.938,2793,545,738,2,2.634,2
47.9928,14.532,2794,545,738,2,2.134,2
48.0109,18.119,2795,545,738,2,2.657,2
48.0264,15.510,2796,545,738,2,2.132,2
48.0458,19.376,2797,545,738,2,3.845,2
48.0620,16.188,2798,545,738,2,2.122,2
48.0781,16.118,2799,545,738,2,3.138,2
48.0928,14.693,2800,545,738,2,2.135,2
48.1123,19.458,2801,545,738,2,3.578,2
48.1264,14.150,2802,545,739,2,2.113,2
48.1479,21.456,2803,545,740,2,3.779,2
48.1593,11.446,2804,545,740,2,2.124,2
48.1791,19.779,2805,545,741,2,2.609,2
48.1941,14.963,2806,545,742,2,2.676,2
48.2125,18.415,2807,545,743,2,2.852,2
48.2270,14.493,2808,545,744,2,2.237,2
48.2458,18.819,2809,545,745,2,2.814,2
48.2608,14.984,2810,545,746,2,2.670,2
48.2795,18.693,2811,545,747,2,2.707,2
48.2939,14.399,2812,545,748,2,2.136,2
48.3128,18.903,2813,545,749,2,3.112,2
48.3271,14.310,2814,545,751,2,2.123,2
48.3461,18.979,2815,545,752,2,3.182,2
48.3610,14.951,2816,545,753,2,2.643,2
48.3838,22.737,2817,545,754,2,3.816,2
48.3940,10.286,2818,545,756,2,2.141,2
48.4118,17.715,2819,545,757,2,2.599,2
48.4275,15.721,2820,545,759,2,2.663,2
48.4454,17.947,2821,545,760,2,2.621,2
48.4613,15.909,2822,545,762,2,2.674,2
48.4798,18.452,2823,545,763,2,3.452,2
48.4949,15.077,2824,545,765,2,2.757,2
48.5129,18.052,2825,545,767,2,3.075,2
48.5270,14.122,2826,545,768,2,2.258,2
48.5457,18.694,2827,545,770,2,2.893,2
48.5611,15.332,2828,545,772,2,2.694,2
48.5791,18.087,2829,545,773,2,2.636,2
48.5937,14.537,2830,545,775,2,2.167,2
48.6120,18.339,2831,545,777,2,2.648,2
48.6272,15.195,2832,545,779,2,2.162,2
48.6452,17.985,2833,545,781,2,2.666,2
48.6627,17.512,2834,545,782,2,2.189,2
48.6797,17.016,2835,545,784,2,3.616,2
48.6937,13.952,2836,545,786,2,2.175,2
48.7122,18.545,2837,545,788,2,2.558,2
48.7272,14.936,2838,545,790,2,2.188,2
48.7459,18.728,2839,545,792,2,2.651,2
48.7610,15.097,2840,545,794,2,2.168,2
48.7796,18.589,2841,545,796,2,3.204,2
48.7942,14.598,2842,545,798,2,2.381,2
48.8137,19.493,2843,545,800,2,3.896,2
48.8274,13.711,2844,545,803,2,2.196,2
48.8461,18.702,2845,545,805,2,2.706,2
48.8607,14.663,2846,545,807,2,2.169,2
48.8793,18.557,2847,545,809,2,2.534,2
48.8943,14.997,2848,545,811,2,2.166,2
48.9127,18.352,2849,545,813,2,2.662,2
48.9281,15.478,2850,545,815,2,2.758,2
48.9474,19.243,2851,545,818,2,3.021,2
48.9659,18.567,2852,545,820,2,2.569,2
48.9825,16.557,2853,545,822,2,2.737,2
48.9996,17.074,2854,545,824,2,2.887,2
49.0158,16.226,2855,545,826,2,3.597,2
49.0313,15.528,2856,545,828,2,2.466,2
49.0510,19.697,2857,545,831,2,2.978,2
49.0651,14.123,2858,545,833,2,2.316,2
49.0816,16.419,2859,545,835,2,2.700,2
49.0954,13.858,2860,545,837,2,2.191,2
49.1130,17.613,2861,545,840,2,2.653,2
49.1278,14.806,2862,545,842,2,2.175,2
49.1460,18.150,2863,545,844,2,2.651,2
49.1615,15.552,2864,545,846,2,2.180,2
49.1796,18.020,2865,545,848,2,2.717,2
49.1945,14.898,2866,545,851,2,2.186,2
49.2133,18.853,2867,545,853,2,2.692,2
49.2278,14.455,2868,545,855,2,2.194,2
49.2464,18.680,2869,545,857,2,2.762,2
49.2631,16.646,2870,545,859,2,2.322,2
49.2801,16.985,2871,545,861,2,3.391,2
49.2947,14.610,2872,545,864,2,2.290,2
49.3130,18.307,2873,545,866,2,2.694,2
49.3281,15.091,2874,545,868,2,2.213,2
49.3465,18.391,2875,545,870,2,2.740,2
49.3611,14.635,2876,545,872,2,2.178,2
49.3797,18.559,2877,545,874,2,2.711,2
49.3949,15.227,2878,545,876,2,2.810,2
49.4126,17.664,2879,545,878,2,2.609,2
49.4282,15.661,2880,545,880,2,2.228,2
49.4462,17.968,2881,545,882,2,2.724,2
49.4612,14.967,2882,545,884,2,2.198,2
49.4819,20.708,2883,545,886,2,2.694,2
49.4947,12.790,2884,545,888,2,2.417,2
49.5144,19.781,2885,545,890,2,3.513,2
49.5292,14.736,2886,545,892,2,2.814,2
49.5476,18.453,2887,545,894,2,2.775,2
49.5643,16.649,2888,545,896,2,2.202,2
49.5814,17.140,2889,545,898,2,2.895,2
49.5964,14.947,2890,545,899,2,2.380,2
49.6142,17.806,2891,545,901,2,2.869,2
49.6285,14.378,2892,545,903,2,2.204,2
49.6469,18.340,2893,545,904,2,2.681,2
49.6619,15.008,2894,545,906,2,2.229,2
49.6810,19.148,2895,545,908,2,3.293,2
49.6960,14.958,2896,545,909,2,2.811,2
49.7139,17.934,2897,545,911,2,2.655,2
49.7284,14.423,2898,546,912,2,2.204,2
49.7477,19.365,2899,547,914,2,4.058,2
49.7614,13.643,2900,547,915,2,2.208,2
49.7810,19.591,2901,548,917,2,2.642,2
49.7952,14.234,2902,549,918,2,2.216,2
49.8135,18.329,2903,550,919,2,3.116,2
49.8287,15.167,2904,550,921,2,2.540,2
49.8497,20.990,2905,551,922,2,4.105,2
49.8636,13.968,2906,551,923,2,2.831,2
49.8798,16.174,2907,552,924,2,2.431,2
49.8963,16.505,2908,553,925,2,2.819,2
49.9129,16.628,2909,553,926,2,2.417,2
49.9290,16.025,2910,554,927,2,2.224,2
49.9466,17.584,2911,554,928,2,2.762,2
49.9630,16.443,2912,555,929,2,2.232,2
49.9810,18.021,2913,555,930,2,2.773,2
49.9965,15.431,2914,555,931,2,2.267,2
50.0153,18.893,2915,556,931,2,4.127,2
50.0290,13.605,2916,556,932,2,2.901,2
50.0462,17.272,2917,556,932,2,3.197,2
50.0614,15.189,2918,557,933,2,2.325,2
50.0787,17.257,2919,557,933,2,2.834,2
50.0954,16.725,2920,557,934,2,2.218,2
50.1139,18.534,2921,557,934,2,3.866,2
50.1295,15.524,2922,557,935,2,2.850,2
50.1491,19.638,2923,558,935,2,3.471,2
50.1620,12.860,2924,558,935,2,2.217,2
50.1796,17.658,2925,558,935,2,2.741,2
50.1944,14.796,2926,558,935,2,2.813,2
50.2120,17.624,2927,558,935,2,2.711,2
50.2275,15.502,2928,558,935,2,2.202,2
50.2475,19.925,2929,558,935,2,3.399,2
50.2625,15.071,2930,558,935,2,2.879,2
50.2790,16.457,2931,558,935,2,2.719,2
50.2947,15.714,2932,558,935,2,2.758,2
50.3115,16.814,2933,558,935,2,2.900,2
50.3272,15.733,2934,558,935,2,2.354,2
50.3452,17.929,2935,558,935,2,2.738,2
50.3612,16.030,2936,558,935,2,2.226,2
50.3803,19.099,2937,558,935,2,3.384,2
50.3944,14.070,2938,558,935,2,2.213,2
50.4116,17.264,2939,558,935,2,2.658,2
50.4275,15.867,2940,558,935,2,2.291,2
50.4457,18.148,2941,558,935,2,2.902,2
50.4626,16.916,2942,558,935,2,2.907,2
50.4791,16.543,2943,558,935,2,2.800,2
50.4941,15.034,2944,558,935,2,2.499,2
50.5131,18.992,2945,558,935,2,2.857,2
50.5319,18.754,2946,558,935,2,2.602,2
50.5494,17.492,2947,558,935,2,3.952,2
50.5639,14.491,2948,558,935,2,3.114,2
50.5822,18.305,2949,558,935,2,3.128,2
50.5956,13.394,2950,558,935,2,2.334,2
50.6115,15.958,2951,558,935,2,2.730,2
50.6283,16.724,2952,558,935,2,2.305,2
50.6460,17.743,2953,558,935,2,2.755,2
50.6611,15.054,2954,558,935,2,2.262,2
50.6796,18.558,2955,558,935,2,2.703,2
50.6941,14.531,2956,558,935,2,2.246,2
50.7121,17.997,2957,558,935,2,2.764,2
50.7273,15.146,2958,558,935,2,2.216,2
50.7445,17.246,2959,558,935,2,2.711,2
50.7603,15.742,2960,558,935,2,2.225,2
50.7788,18.565,2961,558,935,2,2.774,2
50.7935,14.674,2962,558,935,2,2.224,2
50.8112,17.691,2963,558,935,2,2.669,2
50.8296,18.421,2964,558,935,2,2.214,2
50.8459,16.315,2965,558,935,2,2.733,2
50.8629,16.997,2966,558,935,2,2.474,2
50.8785,15.597,2967,558,935,2,3.158,2
50.8940,15.456,2968,558,935,2,2.435,2
50.9122,18.172,2969,558,935,2,2.988,2
50.9306,18.485,2970,558,935,2,2.361,2
50.9469,16.263,2971,558,935,2,3.407,2
50.9609,13.977,2972,558,935,2,2.222,2
50.9791,18.198,2973,558,935,2,2.784,2
50.9938,14.724,2974,558,935,2,2.264,2
51.0127,18.860,2975,558,935,2,2.741,2
51.0271,14.420,2976,558,935,2,2.234,2
51.0446,17.526,2977,558,935,2,2.718,2
51.0601,15.500,2978,558,935,2,2.224,2
51.0791,18.951,2979,558,935,2,2.743,2
51.0947,15.634,2980,558,935,2,2.242,2
51.1127,17.986,2981,558,935,2,3.000,2
51.1271,14.422,2982,558,935,2,2.318,2
51.1462,19.087,2983,558,935,2,3.455,2
51.1603,14.126,2984,558,935,2,2.393,2
51.1807,20.374,2985,557,935,2,2.732,2
51.1950,14.299,2986,557,934,2,2.403,2
51.2141,19.095,2987,557,934,2,3.110,2
51.2308,16.761,2988,557,933,2,2.217,2
51.2489,18.067,2989,557,933,2,3.444,2
51.2630,14.053,2990,556,932,2,2.239,2
51.2797,16.716,2991,556,931,2,2.965,2
51.2945,14.791,2992,555,931,2,2.320,2
51.3131,18.582,2993,555,930,2,3.044,2
51.3276,14.522,2994,554,929,2,2.360,2
51.3477,20.083,2995,554,928,2,3.621,2
51.3642,16.586,2996,553,926,2,2.910,2
51.3840,19.764,2997,553,925,2,3.557,2
51.3974,13.430,2998,552,924,2,2.253,2
51.4129,15.499,2999,551,923,2,3.118,2
51.4280,15.097,3000,551,921,2,2.360,2
51.4475,19.510,3001,550,920,2,3.706,2
51.4610,13.471,3002,549,918,2,2.295,2
51.4787,17.694,3003,548,916,2,2.619,2
51.4980,19.270,3004,547,915,2,3.085,2
51.5175,19.565,3005,546,913,2,2.625,2
51.5315,13.991,3006,545,911,2,2.207,2
51.5472,15.672,3007,545,910,2,2.947,2
51.5613,14.051,3008,545,908,2,2.769,2
51.5792,17.963,3009,545,906,2,2.912,2
51.5949,15.690,3010,545,904,2,2.999,2
51.6140,19.112,3011,545,902,2,3.641,2
51.6282,14.210,3012,545,900,2,2.281,2
51.6471,18.891,3013,545,897,2,3.819,2
51.6616,14.468,3014,545,895,2,2.636,2
51.6807,19.145,3015,545,893,2,3.295,2
51.6950,14.215,3016,545,891,2,2.518,2
51.7131,18.103,3017,545,889,2,3.264,2
51.7275,14.437,3018,545,886,2,2.507,2
51.7456,18.152,3019,545,884,2,2.737,2
51.7619,16.294,3020,545,882,2,2.237,2
51.7799,17.940,3021,545,879,2,2.764,2
51.7942,14.366,3022,545,877,2,2.285,2
51.8124,18.173,3023,545,874,2,2.944,2
51.8278,15.384,3024,545,872,2,2.469,2
51.8483,20.481,3025,545,869,2,2.627,2
51.8614,13.085,3026,545,867,2,2.898,2
51.8799,18.574,3027,545,864,2,2.932,2
51.8946,14.640,3028,545,862,2,2.227,2
51.9134,18.765,3029,545,859,2,2.839,2
51.9279,14.527,3030,545,857,2,2.385,2
51.9478,19.925,3031,545,854,2,3.423,2
51.9607,12.926,3032,545,851,2,2.321,2
51.9811,20.345,3033,545,849,2,2.591,2
51.9943,13.272,3034,545,846,2,2.285,2
52.0133,18.943,3035,545,843,2,2.850,2
52.0285,15.197,3036,545,841,2,2.194,2
52.0467,18.217,3037,545,838,2,2.878,2
52.0610,14.313,3038,545,836,2,2.378,2
52.0800,18.979,3039,545,833,2,3.512,2
52.0938,13.806,3040,545,830,2,2.382,2
52.1121,18.312,3041,545,828,2,2.845,2
52.1272,15.042,3042,545,825,2,2.287,2
52.1456,18.454,3043,545,822,2,2.807,2
52.1618,16.189,3044,545,820,2,2.246,2
52.1799,18.065,3045,545,817,2,3.550,2
52.1944,14.500,3046,545,815,2,2.461,2
52.2124,18.084,3047,545,812,2,3.280,2
52.2278,15.311,3048,545,810,2,2.607,2
52.2469,19.152,3049,545,807,2,2.867,2
52.2639,17.024,3050,545,804,2,2.183,2
52.2787,14.722,3051,545,802,2,2.693,2
52.2943,15.631,3052,545,800,2,2.273,2
52.3125,18.236,3053,545,797,2,3.032,2
52.3277,15.188,3054,545,795,2,2.881,2
52.3468,19.064,3055,545,792,2,3.435,2
52.3604,13.647,3056,545,790,2,2.523,2
52.3792,18.787,3057,545,788,2,3.105,2
52.3947,15.465,3058,545,785,2,2.421,2
52.4129,18.245,3059,545,783,2,3.824,2
52.4276,14.711,3060,545,781,2,2.379,2
52.4454,17.799,3061,545,778,2,3.086,2
52.4609,15.494,3062,545,776,2,2.305,2
52.4794,18.492,3063,545,774,2,2.951,2
52.4951,15.661,3064,545,772,2,2.660,2
52.5161,21.015,3065,545,770,2,3.265,2
52.5292,13.126,3066,545,768,2,2.153,2
52.5461,16.868,3067,545,766,2,3.635,2
52.5633,17.205,3068,545,764,2,2.675,2
52.5782,14.863,3069,545,762,2,2.953,2
52.5936,15.413,3070,545,760,2,2.313,2
52.6128,19.226,3071,545,759,2,3.564,2
52.6265,13.739,3072,545,757,2,2.389,2
52.6462,19.692,3073,545,755,2,3.277,2
52.6603,14.043,3074,545,754,2,2.421,2
52.6798,19.534,3075,545,752,2,3.679,2
52.6941,14.277,3076,545,750,2,2.679,2
52.7116,17.526,3077,545,749,2,3.505,2
52.7274,15.828,3078,545,748,2,2.952,2
52.7449,17.470,3079,545,746,2,2.892,2
52.7608,15.915,3080,545,745,2,2.891,2
52.7784,17.548,3081,545,744,2,2.718,2
52.7936,15.242,3082,545,743,2,2.407,2
52.8116,17.992,3083,545,742,2,3.193,2
52.8269,15.282,3084,545,741,2,2.385,2
52.8458,18.885,3085,545,740,2,3.671,2
52.8627,16.913,3086,545,739,2,2.126,2
52.8777,15.049,3087,545,738,2,3.119,2
52.8927,14.981,3088,545,738,2,2.448,2
52.9114,18.733,3089,545,738,2,3.536,2
52.9273,15.885,3090,545,738,2,2.664,2
52.9435,16.154,3091,545,738,2,3.037,2
52.9598,16.308,3092,545,738,2,2.548,2
52.9788,19.019,3093,545,738,2,4.005,2
52.9941,15.289,3094,545,738,2,2.177,2
53.0122,18.095,3095,545,738,2,3.400,2
53.0275,15.349,3096,545,738,2,2.187,2
53.0467,19.147,3097,545,738,2,2.869,2
53.0605,13.791,3098,545,738,2,2.183,2
53.0771,16.635,3099,545,738,2,3.079,2
53.0929,15.745,3100,545,738,2,2.437,2
53.1108,17.990,3101,545,738,2,3.421,2
53.1263,15.420,3102,545,738,2,2.373,2
53.1437,17.416,3103,545,738,2,3.183,2
53.1593,15.580,3104,545,738,2,2.454,2
53.1784,19.160,3105,545,738,2,3.118,2
53.1929,14.452,3106,545,738,2,2.530,2
53.2130,20.163,3107,545,738,2,4.136,2
53.2266,13.532,3108,545,738,2,2.784,2
53.2443,17.728,3109,545,738,2,3.800,2
53.2595,15.243,3110,545,738,2,2.514,2
53.2781,18.594,3111,545,738,2,3.237,2
53.2932,15.092,3112,545,738,2,2.375,2
53.3119,18.628,3113,545,738,2,3.188,2
53.3260,14.128,3114,545,738,2,2.394,2
53.3440,18.050,3115,545,738,2,3.530,2
53.3597,15.656,3116,545,738,2,2.456,2
53.3772,17.459,3117,545,738,2,3.320,2
53.3927,15.550,3118,545,738,2,2.390,2
53.4104,17.746,3119,545,738,2,3.352,2
53.4263,15.817,3120,545,738,2,2.621,2
53.4447,18.397,3121,545,738,2,3.513,2
53.4611,16.413,3122,545,738,2,2.876,2
53.4802,19.115,3123,545,738,2,3.552,2
53.4941,13.894,3124,545,738,2,2.827,2
53.5123,18.189,3125,545,738,2,3.240,2
53.5265,14.213,3126,545,738,2,2.575,2
53.5439,17.442,3127,545,738,2,3.174,2
53.5594,15.431,3128,545,738,2,2.423,2
53.5782,18.814,3129,545,738,2,3.243,2
53.5926,14.457,3130,545,738,2,2.392,2
53.6107,18.090,3131,545,738,2,3.293,2
53.6263,15.558,3132,545,738,2,2.582,2
53.6437,17.461,3133,545,738,2,2.852,2
53.6598,16.041,3134,545,738,2,2.636,2
53.6773,17.499,3135,545,738,2,3.415,2
53.6940,16.746,3136,545,738,2,2.894,2
53.7108,16.779,3137,545,738,2,3.528,2
53.7271,16.284,3138,545,738,2,2.583,2
53.7443,17.213,3139,545,738,2,3.369,2
53.7598,15.535,3140,545,738,2,2.890,2
53.7780,18.123,3141,545,738,2,3.387,2
53.7932,15.201,3142,545,738,2,2.647,2
53.8112,18.075,3143,545,738,2,3.273,2
53.8259,14.630,3144,545,738,2,2.381,2
53.8443,18.413,3145,545,738,2,3.708,2
53.8593,15.034,3146,545,738,2,2.522,2
53.8776,18.249,3147,545,738,2,3.297,2
53.8927,15.164,3148,545,738,2,2.400,2
53.9116,18.910,3149,545,738,2,3.541,2
53.9268,15.143,3150,545,738,2,2.751,2
53.9452,18.465,3151,545,738,2,3.625,2
53.9596,14.331,3152,545,738,2,2.803,2
53.9784,18.875,3153,545,738,2,3.650,2
53.9927,14.209,3154,545,738,2,2.578,2
54.0113,18.676,3155,545,738,2,3.806,2
54.0270,15.640,3156,545,738,2,2.947,2
54.0442,17.220,3157,545,738,2,3.326,2
54.0600,15.847,3158,545,738,2,2.608,2
54.0772,17.125,3159,545,738,2,3.162,2
54.0928,15.672,3160,545,738,2,2.764,2
54.1108,17.996,3161,545,738,2,3.215,2
54.1264,15.596,3162,545,738,2,2.847,2
54.1437,17.288,3163,545,738,2,3.158,2
54.1596,15.882,3164,545,738,2,2.543,2
54.1784,18.831,3165,545,738,2,3.645,2
54.1947,16.248,3166,545,738,2,2.994,2
54.2107,16.035,3167,545,738,2,3.292,2
54.2281,17.356,3168,545,738,2,2.871,2
54.2440,15.907,3169,545,738,2,3.018,2
54.2593,15.303,3170,545,738,2,2.508,2
54.2784,19.118,3171,545,738,2,3.602,2
54.2932,14.778,3172,545,738,2,2.390,2
54.3112,18.007,3173,545,738,2,3.219,2
54.3265,15.364,3174,545,738,2,2.783,2
54.3440,17.485,3175,545,738,2,3.582,2
54.3601,16.093,3176,545,738,2,2.856,2
54.3780,17.839,3177,545,738,2,3.401,2
54.3931,15.092,3178,545,738,2,2.916,2
54.4106,17.501,3179,545,738,2,3.013,2
54.4264,15.811,3180,545,738,2,2.360,2
54.4442,17.806,3181,545,738,2,3.645,2
54.4624,18.275,3182,545,738,2,2.869,2
54.4782,15.709,3183,545,738,2,3.134,2
54.4940,15.814,3184,545,738,2,3.303,2
54.5131,19.136,3185,545,738,2,4.041,2
54.5286,15.524,3186,545,738,2,3.296,2
54.5445,15.922,3187,545,738,2,3.353,2
54.5597,15.199,3188,545,738,2,2.355,2
54.5783,18.575,3189,545,738,2,3.258,2
54.5939,15.585,3190,545,738,2,3.011,2
54.6111,17.167,3191,545,738,2,3.385,2
54.6266,15.486,3192,545,738,2,2.322,2
54.6439,17.300,3193,545,738,2,3.107,2
54.6590,15.134,3194,545,738,2,2.138,2
54.6774,18.357,3195,545,738,2,3.323,2
54.6935,16.193,3196,545,738,2,3.033,2
54.7119,18.361,3197,545,738,2,3.705,2
54.7273,15.407,3198,545,738,2,2.880,2
54.7460,18.698,3199,545,738,2,3.782,2
54.7607,14.654,3200,545,738,2,2.740,2
54.7778,17.131,3201,545,738,2,3.336,2
54.7926,14.828,3202,545,738,2,2.411,2
54.8105,17.893,3203,545,738,2,3.301,2
54.8263,15.793,3204,545,738,2,2.341,2
54.8443,17.940,3205,545,738,2,3.100,2
54.8599,15.648,3206,545,738,2,2.415,2
54.8775,17.567,3207,545,738,2,3.108,2
54.8926,15.084,3208,545,738,2,2.123,2
54.9107,18.165,3209,545,738,2,3.276,2
54.9264,15.654,3210,545,738,2,2.803,2
54.9438,17.437,3211,545,738,2,2.930,2
54.9604,16.547,3212,545,738,2,2.871,2
54.9788,18.417,3213,545,738,2,3.669,2
54.9948,16.042,3214,545,738,2,2.814,2
55.0110,16.172,3215,545,738,2,2.708,2
55.0274,16.378,3216,545,738,2,2.798,2
55.0439,16.560,3217,545,738,2,2.957,2
55.0608,16.926,3218,545,738,2,2.213,2
55.0771,16.228,3219,545,738,2,3.245,2
55.0935,16.407,3220,545,738,2,2.479,2
55.1118,18.274,3221,545,738,2,3.473,2
55.1278,16.032,3222,545,738,2,2.439,2
55.1468,19.043,3223,545,738,2,4.030,2
55.1627,15.845,3224,545,738,2,2.921,2
55.1809,18.239,3225,545,738,2,4.158,2
55.1944,13.466,3226,545,738,2,2.690,2
55.2100,15.655,3227,545,738,2,2.603,2
55.2261,16.030,3228,545,738,2,2.216,2
55.2436,17.554,3229,545,738,2,2.651,2
55.2591,15.511,3230,545,738,2,2.124,2
55.2766,17.506,3231,545,738,2,2.596,2
55.2924,15.753,3232,545,738,2,2.112,2
55.3110,18.597,3233,545,738,2,2.604,2
55.3267,15.731,3234,545,738,2,2.111,2
55.3439,17.131,3235,545,738,2,2.681,2
55.3596,15.705,3236,545,738,2,2.234,2
55.3773,17.728,3237,545,738,2,3.158,2
55.3933,16.055,3238,545,738,2,2.814,2
55.4105,17.135,3239,545,738,2,2.877,2
55.4261,15.665,3240,545,738,2,2.138,2
55.4439,17.710,3241,545,738,2,2.680,2
55.4593,15.474,3242,545,738,2,2.095,2
55.4774,18.028,3243,545,738,2,2.644,2
55.4930,15.613,3244,545,738,2,2.280,2
55.5135,20.496,3245,545,738,2,3.975,2
55.5281,14.619,3246,545,738,2,2.692,2
55.5442,16.075,3247,545,738,2,2.737,2
55.5587,14.553,3248,545,738,2,2.129,2
55.5765,17.841,3249,545,738,2,2.519,2
55.5929,16.327,3250,545,738,2,2.637,2
55.6108,17.914,3251,545,738,2,2.439,2
55.6263,15.472,3252,545,738,2,2.114,2
55.6443,18.026,3253,545,738,2,3.616,2
55.6599,15.605,3254,545,738,2,2.334,2
55.6778,17.929,3255,545,738,2,3.770,2
55.6927,14.842,3256,545,738,2,2.134,2
55.7117,19.081,3257,545,738,2,3.294,2
55.7264,14.622,3258,545,738,2,2.658,2
55.7444,17.992,3259,545,738,2,2.517,2
55.7605,16.115,3260,545,738,2,2.275,2
55.7769,16.451,3261,545,738,2,2.588,2
55.7921,15.130,3262,545,738,2,2.143,2
55.8103,18.196,3263,545,738,2,2.551,2
55.8254,15.138,3264,545,738,2,2.125,2
55.8443,18.913,3265,545,738,2,3.150,2
55.8589,14.551,3266,545,738,2,2.267,2
55.8777,18.887,3267,545,738,2,2.545,2
55.8938,16.016,3268,545,738,2,2.203,2
55.9099,16.097,3269,545,738,2,2.764,2
55.9256,15.734,3270,545,738,2,2.259,2
55.9435,17.887,3271,545,738,2,2.728,2
55.9589,15.418,3272,545,738,2,2.130,2
55.9777,18.813,3273,545,738,2,2.695,2
55.9923,14.561,3274,545,738,2,2.140,2
56.0098,17.499,3275,545,738,2,2.548,2
56.0259,16.093,3276,545,738,2,2.129,2
56.0432,17.363,3277,545,738,2,2.581,2
56.0596,16.408,3278,545,738,2,2.622,2
56.0773,17.636,3279,545,738,2,2.583,2
56.0919,14.676,3280,545,738,2,2.120,2
56.1098,17.826,3281,545,738,2,2.573,2
56.1259,16.170,3282,545,738,2,2.639,2
56.1447,18.738,3283,545,738,2,3.155,2
56.1604,15.766,3284,545,738,2,2.641,2
56.1766,16.182,3285,545,738,2,2.819,2
56.1937,17.086,3286,545,738,2,2.591,2
56.2099,16.238,3287,545,738,2,2.811,2
56.2263,16.318,3288,545,738,2,2.721,2
56.2433,17.081,3289,545,738,2,2.571,2
56.2589,15.581,3290,545,738,2,2.134,2
56.2772,18.249,3291,545,738,2,2.640,2
56.2925,15.317,3292,545,738,2,2.156,2
56.3101,17.619,3293,545,738,2,2.485,2
56.3260,15.928,3294,545,738,2,2.629,2
56.3435,17.440,3295,545,738,2,2.776,2
56.3588,15.335,3296,545,738,2,2.108,2
56.3778,19.006,3297,545,738,2,3.122,2
56.3920,14.222,3298,545,738,2,2.103,2
56.4100,17.937,3299,545,738,2,2.555,2
56.4292,19.231,3300,545,738,2,2.803,2
56.4439,14.718,3301,545,738,2,2.612,2
56.4602,16.225,3302,545,738,2,2.320,2
56.4779,17.788,3303,545,738,2,2.852,2
56.4925,14.587,3304,545,738,2,2.181,2
56.5131,20.584,3305,545,738,2,3.272,2
56.5261,12.946,3306,545,738,2,2.637,2
56.5440,17.987,3307,545,738,2,2.577,2
56.5590,14.986,3308,545,738,2,2.132,2
56.5775,18.452,3309,545,738,2,2.616,2
56.5924,14.948,3310,545,738,2,2.149,2
56.6098,17.351,3311,545,738,2,2.403,2
56.6254,15.668,3312,545,738,2,2.123,2
56.6429,17.412,3313,545,738,2,2.579,2
56.6588,15.901,3314,545,738,2,2.149,2
56.6781,19.376,3315,545,738,2,3.131,2
56.6929,14.727,3316,545,738,2,2.648,2
56.7124,19.582,3317,545,738,2,3.161,2
56.7266,14.115,3318,545,738,2,2.173,2
56.7440,17.465,3319,545,738,2,2.981,2
56.7593,15.315,3320,545,738,2,2.482,2
56.7767,17.341,3321,545,738,2,2.925,2
56.7922,15.527,3322,545,738,2,2.185,2
56.8105,18.315,3323,545,738,2,2.650,2
56.8259,15.365,3324,545,738,2,2.128,2
56.8439,18.011,3325,545,738,2,2.707,2
56.8601,16.246,3326,545,738,2,2.112,2
56.8762,16.076,3327,545,738,2,2.580,2
56.8921,15.854,3328,545,738,2,2.134,2
56.9102,18.118,3329,545,738,2,2.624,2
56.9253,15.121,3330,545,738,2,2.107,2
56.9446,19.324,3331,545,738,2,3.131,2
56.9595,14.866,3332,545,738,2,2.650,2
56.9778,18.317,3333,545,738,2,3.088,2
56.9943,16.501,3334,545,738,2,2.746,2
57.0096,15.316,3335,545,738,2,2.714,2
57.0257,16.059,3336,545,738,2,2.276,2
57.0433,17.573,3337,545,738,2,2.599,2
57.0592,15.962,3338,545,738,2,2.185,2
57.0769,17.647,3339,545,738,2,2.687,2
57.0926,15.705,3340,545,738,2,2.138,2
57.1105,17.885,3341,545,738,2,2.639,2
57.1258,15.287,3342,545,738,2,2.121,2
57.1436,17.887,3343,545,738,2,2.662,2
57.1587,15.065,3344,545,738,2,2.110,2
57.1762,17.462,3345,545,738,2,2.500,2
57.1921,15.906,3346,545,738,2,2.147,2
57.2095,17.458,3347,545,738,2,2.518,2
57.2263,16.747,3348,545,738,2,2.136,2
57.2452,18.957,3349,545,738,2,3.230,2
57.2602,14.940,3350,545,738,2,2.651,2
57.2777,17.478,3351,545,738,2,3.252,2
57.2934,15.692,3352,545,738,2,2.501,2
57.3099,16.536,3353,545,738,2,2.930,2
57.3256,15.744,3354,545,738,2,2.163,2
57.3433,17.636,3355,545,738,2,2.657,2
57.3592,15.947,3356,545,738,2,2.132,2
57.3767,17.476,3357,545,738,2,2.620,2
57.3924,15.740,3358,545,738,2,2.138,2
57.4097,17.285,3359,545,738,2,2.543,2
57.4254,15.697,3360,545,738,2,2.128,2
57.4428,17.420,3361,545,738,2,2.503,2
57.4592,16.392,3362,545,738,2,2.628,2
57.4771,17.852,3363,545,738,2,2.540,2
57.4926,15.483,3364,545,738,2,2.236,2
57.5127,20.185,3365,545,738,2,3.622,2
57.5254,12.693,3366,545,738,2,2.126,2
57.5462,20.771,3367,545,738,2,3.287,2
57.5613,15.104,3368,545,738,2,2.736,2
57.5765,15.193,3369,545,738,2,2.917,2
57.5921,15.630,3370,545,738,2,2.258,2
57.6114,19.300,3371,545,738,2,3.297,2
57.6263,14.858,3372,545,738,2,2.142,2
57.6431,16.801,3373,545,738,2,2.572,2
57.6597,16.646,3374,545,738,2,2.673,2
57.6769,17.165,3375,545,738,2,2.625,2
57.6922,15.255,3376,545,738,2,2.138,2
57.7095,17.376,3377,545,738,2,2.488,2
57.7252,15.704,3378,545,738,2,2.104,2
57.7429,17.685,3379,545,738,2,2.559,2
57.7588,15.913,3380,545,738,2,2.099,2
57.7764,17.571,3381,545,738,2,2.543,2
57.7927,16.316,3382,545,738,2,2.664,2
57.8101,17.359,3383,545,738,2,2.557,2
57.8266,16.537,3384,545,738,2,2.641,2
57.8452,18.548,3385,545,738,2,2.678,2
57.8589,13.730,3386,545,738,2,2.358,2
57.8775,18.575,3387,545,738,2,2.889,2
57.8923,14.848,3388,545,738,2,2.134,2
57.9100,17.641,3389,545,738,2,2.628,2
57.9256,15.626,3390,545,738,2,2.121,2
57.9430,17.367,3391,545,738,2,2.555,2
57.9586,15.631,3392,545,738,2,2.111,2
57.9763,17.679,3393,545,738,2,2.595,2
57.9921,15.841,3394,545,738,2,2.164,2
58.0103,18.198,3395,545,738,2,2.626,2
58.0262,15.873,3396,545,738,2,2.138,2
58.0458,19.652,3397,545,738,2,2.975,2
58.0598,14.014,3398,545,738,2,2.645,2
58.0765,16.667,3399,545,738,2,2.543,2
58.0930,16.493,3400,545,738,2,2.831,2
58.1101,17.100,3401,545,738,2,2.665,2
58.1256,15.502,3402,545,738,2,2.123,2
58.1431,17.454,3403,545,738,2,2.577,2
58.1594,16.366,3404,545,738,2,2.647,2
58.1763,16.848,3405,545,738,2,2.522,2
58.1927,16.382,3406,545,738,2,2.634,2
58.2095,16.804,3407,545,738,2,2.587,2
58.2253,15.803,3408,545,738,2,2.116,2
58.2429,17.619,3409,545,738,2,2.578,2
58.2599,16.994,3410,545,738,2,2.637,2
58.2767,16.854,3411,545,738,2,2.526,2
58.2934,16.629,3412,545,738,2,2.148,2
58.3099,16.506,3413,545,738,2,2.945,2
58.3258,15.929,3414,545,738,2,2.140,2
58.3438,17.995,3415,545,738,2,2.687,2
58.3588,15.043,3416,545,738,2,2.135,2
58.3777,18.860,3417,545,738,2,3.130,2
58.3921,14.418,3418,545,738,2,2.137,2
58.4097,17.585,3419,545,738,2,2.522,2
58.4262,16.545,3420,545,738,2,2.678,2
58.4428,16.566,3421,545,738,2,2.506,2
58.4590,16.186,3422,545,738,2,2.285,2
58.4784,19.387,3423,545,738,2,3.097,2
58.4942,15.821,3424,545,738,2,2.822,2
58.5128,18.568,3425,545,738,2,3.291,2
58.5274,14.636,3426,545,738,2,2.475,2
58.5432,15.773,3427,545,738,2,2.880,2
58.5591,15.925,3428,545,738,2,2.148,2
58.5767,17.605,3429,545,738,2,2.636,2
58.5924,15.702,3430,545,738,2,2.113,2
58.6095,17.088,3431,545,738,2,2.573,2
58.6260,16.466,3432,545,738,2,2.657,2
58.6429,16.958,3433,545,738,2,2.560,2
58.6591,16.215,3434,545,738,2,2.636,2
58.6762,17.011,3435,545,738,2,2.510,2
58.6922,16.025,3436,545,738,2,2.118,2
58.7095,17.315,3437,545,738,2,2.525,2
58.7259,16.407,3438,545,738,2,2.121,2
58.7441,18.246,3439,545,738,2,3.114,2
58.7591,14.941,3440,545,738,2,2.419,2
58.7763,17.257,3441,545,738,2,2.747,2
58.7924,16.007,3442,545,738,2,2.145,2
58.8099,17.563,3443,545,738,2,2.645,2
58.8257,15.810,3444,545,738,2,2.123,2
58.8437,17.968,3445,545,738,2,2.678,2
58.8600,16.351,3446,545,738,2,2.140,2
58.8762,16.206,3447,545,738,2,2.525,2
58.8925,16.276,3448,545,738,2,2.635,2
58.9095,16.951,3449,545,738,2,2.585,2
58.9253,15.868,3450,545,738,2,2.116,2
58.9428,17.504,3451,545,738,2,2.525,2
58.9591,16.240,3452,545,738,2,2.653,2
58.9778,18.758,3453,545,738,2,3.145,2
58.9937,15.832,3454,545,738,2,2.647,2
59.0119,18.237,3455,545,738,2,2.535,2
59.0268,14.914,3456,545,738,2,2.769,2
59.0430,16.210,3457,545,738,2,2.723,2
59.0589,15.852,3458,545,738,2,2.201,2
59.0768,17.883,3459,545,738,2,2.569,2
59.0926,15.832,3460,545,738,2,2.218,2
59.1114,18.764,3461,545,738,2,3.011,2
59.1262,14.816,3462,545,738,2,2.253,2
59.1448,18.627,3463,545,738,2,2.943,2
59.1600,15.139,3464,545,738,2,2.254,2
59.1782,18.255,3465,545,738,2,3.041,2
59.1930,14.841,3466,545,738,2,2.249,2
59.2130,19.950,3467,545,738,2,3.273,2
59.2261,13.143,3468,545,738,2,2.147,2
59.2434,17.228,3469,545,738,2,2.672,2
59.2587,15.283,3470,545,738,2,2.186,2
59.2763,17.697,3471,545,738,2,2.630,2
59.2922,15.811,3472,545,738,2,2.181,2
59.3103,18.107,3473,545,738,2,2.594,2
59.3254,15.110,3474,545,738,2,2.116,2
59.3428,17.419,3475,545,738,2,2.563,2
59.3587,15.919,3476,545,738,2,2.114,2
59.3763,17.539,3477,545,738,2,2.550,2
59.3920,15.716,3478,545,738,2,2.117,2
59.4111,19.120,3479,545,738,2,3.133,2
59.4254,14.332,3480,545,738,2,2.100,2
59.4429,17.443,3481,545,738,2,2.537,2
59.4593,16.449,3482,545,738,2,2.624,2
59.4787,19.399,3483,545,738,2,2.934,2
59.4924,13.687,3484,545,738,2,2.458,2
59.5130,20.556,3485,545,738,2,3.576,2
59.5255,12.554,3486,545,738,2,2.274,2
59.5437,18.144,3487,545,738,2,2.644,2
59.5586,14.972,3488,545,738,2,2.129,2
59.5770,18.411,3489,545,738,2,2.617,2
59.5921,15.015,3490,545,738,2,2.141,2
59.6112,19.154,3491,545,738,2,2.479,2
59.6261,14.860,3492,545,738,2,2.117,2
59.6445,18.427,3493,545,738,2,2.545,2
59.6599,15.425,3494,545,738,2,2.123,2
59.6789,18.964,3495,545,738,2,2.578,2
59.6928,13.947,3496,545,738,2,2.114,2
59.7132,20.371,3497,545,738,2,3.182,2
59.7269,13.707,3498,545,738,2,2.503,2
59.7454,18.458,3499,545,738,2,2.866,2
59.7596,14.231,3500,545,738,2,2.139,2
59.7781,18.504,3501,545,738,2,2.533,2
59.7932,15.065,3502,545,738,2,2.137,2
59.8116,18.426,3503,545,738,2,2.619,2
59.8262,14.588,3504,545,738,2,2.130,2
59.8445,18.285,3505,545,738,2,2.530,2
59.8604,15.899,3506,545,738,2,2.633,2
59.8780,17.606,3507,545,738,2,2.509,2
59.8936,15.601,3508,545,738,2,2.649,2
59.9114,17.839,3509,545,738,2,2.625,2
59.9261,14.702,3510,545,738,2,2.118,2
59.9455,19.430,3511,545,738,2,3.127,2
59.9609,15.397,3512,545,738,2,2.665,2
59.9782,17.221,3513,545,738,2,2.599,2
59.9947,16.560,3514,545,738,2,2.666,2
60.0125,17.780,3515,545,738,2,3.136,2
60.0264,13.858,3516,545,738,2,2.333,2
60.0448,18.449,3517,545,738,2,2.684,2
60.0596,14.787,3518,545,738,2,2.119,2
60.0781,18.522,3519,545,738,2,2.596,2
60.0945,16.387,3520,545,738,2,2.692,2
60.1113,16.832,3521,545,738,2,2.609,2
60.1262,14.845,3522,545,738,2,2.126,2
60.1445,18.324,3523,545,738,2,2.576,2
60.1595,15.028,3524,545,738,2,2.126,2
60.1791,19.535,3525,545,738,2,3.343,2
60.1936,14.506,3526,545,738,2,2.647,2
60.2127,19.162,3527,545,738,2,3.229,2
60.2263,13.580,3528,545,738,2,2.153,2
60.2459,19.544,3529,545,738,2,3.378,2
60.2618,15.977,3530,545,738,2,2.776,2
