elapsed_seconds,present_gap_ms,frame_id,width,height,bitmap_allocations,native_crop_ms,generation2_collections
1.0020,4.507,59,570,819,2,2.229,1
1.0293,27.334,60,570,819,2,2.651,1
1.0355,6.135,61,571,819,2,2.155,1
1.0632,27.738,62,570,819,2,2.754,1
1.0787,15.481,63,570,819,2,4.262,1
1.0899,11.199,64,570,819,2,2.547,1
1.1138,23.882,65,571,819,2,4.236,1
1.1251,11.354,66,571,819,2,2.557,1
1.1447,19.587,67,571,819,2,3.770,1
1.1727,27.995,68,570,819,2,2.677,1
1.1868,14.138,69,568,819,2,3.257,1
1.1944,7.610,70,566,819,2,3.021,1
1.2090,14.551,71,565,819,2,2.158,1
1.2351,26.138,72,562,819,2,2.175,1
1.2491,13.987,73,561,819,2,3.577,1
1.2669,17.779,74,558,819,2,2.136,1
1.2942,27.319,75,556,819,2,2.595,1
1.2996,5.393,76,553,819,2,2.130,1
1.3173,17.709,77,549,819,2,3.291,1
1.3321,14.761,78,550,819,2,2.166,1
1.3571,25.061,79,550,819,2,2.687,1
1.3643,7.190,80,550,819,2,2.125,1
1.3817,17.345,81,550,819,2,3.417,1
1.3959,14.240,82,550,819,2,2.165,1
1.4144,18.434,83,551,819,2,2.929,1
1.4289,14.507,84,552,819,2,2.953,1
1.4441,15.226,85,553,819,2,3.140,1
1.4611,17.006,86,554,819,2,2.513,1
1.4758,14.708,87,555,819,2,2.264,1
1.4984,22.593,88,555,819,2,3.169,1
1.5174,18.998,89,555,819,2,2.947,1
1.5446,27.239,90,556,819,2,4.281,1
1.5627,18.061,91,556,819,2,2.875,1
1.5747,12.004,92,557,819,2,3.023,1
1.5827,8.024,93,557,819,2,3.253,1
1.5995,16.785,94,558,819,2,2.137,1
1.6191,19.583,95,558,819,2,2.975,1
1.6559,36.785,96,559,819,2,2.595,1
1.6672,11.335,97,559,819,2,2.765,1
1.6764,9.181,98,558,819,2,2.573,1
1.6918,15.455,99,558,819,2,2.179,1
1.7191,27.303,100,558,819,2,3.750,1
1.7302,11.059,101,558,819,2,3.895,1
1.7477,17.479,102,558,819,2,4.370,1
1.7536,5.906,103,558,819,2,2.793,1
1.7678,14.190,104,558,819,2,2.140,1
1.7849,17.077,105,558,819,2,2.359,1
1.8004,15.519,106,558,819,2,2.620,1
1.8185,18.129,107,557,819,2,2.871,1
1.8324,13.920,108,556,819,2,2.270,1
1.8489,16.455,109,556,819,2,3.130,1
1.8640,15.116,110,555,819,2,2.164,1
1.8799,15.887,111,554,819,2,3.305,1
1.8946,14.738,112,554,819,2,2.498,1
1.9097,15.048,113,554,819,2,2.820,1
1.9256,15.892,114,554,819,2,2.848,1
1.9432,17.603,115,554,819,2,3.540,1
1.9594,16.270,116,553,819,2,2.605,1
1.9844,24.919,117,553,819,2,2.986,1
1.9943,9.971,118,552,819,2,2.788,1
2.0093,14.989,119,552,819,2,2.462,1
2.0273,17.963,120,551,819,2,3.065,1
2.0424,15.087,121,551,819,2,2.555,1
2.0590,16.662,122,550,819,2,2.229,1
2.0759,16.835,123,550,819,2,2.443,1
2.0930,17.155,124,549,819,2,2.212,1
2.1092,16.198,125,549,819,2,2.405,1
2.1260,16.744,126,549,819,2,2.868,1
2.1451,19.103,127,548,819,2,3.487,1
2.1605,15.447,128,547,819,2,2.939,1
2.1763,15.746,129,546,819,2,2.204,1
2.1930,16.738,130,545,819,2,2.791,1
2.2096,16.656,131,545,819,2,3.285,1
2.2253,15.632,132,545,819,2,2.619,1
2.2429,17.615,133,545,819,2,2.432,1
2.2655,22.646,134,545,819,2,3.138,1
2.2763,10.770,135,545,819,2,3.000,1
2.2919,15.589,136,545,819,2,2.216,1
2.3196,27.692,137,547,819,2,2.577,1
2.3268,7.228,138,548,819,2,2.338,1
2.3437,16.849,139,550,819,2,2.374,1
2.3592,15.576,140,551,819,2,2.115,1
2.3765,17.267,141,552,819,2,2.353,1
2.3922,15.724,142,554,819,2,2.118,1
2.4096,17.346,143,556,819,2,2.389,1
2.4258,16.185,144,557,819,2,2.211,1
2.4436,17.805,145,558,819,2,2.174,1
2.4615,17.951,146,559,819,2,2.724,1
2.4773,15.774,147,561,819,2,2.182,1
2.4973,20.007,148,562,819,2,3.706,1
2.5166,19.328,149,562,819,2,3.312,1
2.5354,18.739,150,562,819,2,2.484,1
2.5557,20.301,151,563,819,2,2.367,1
2.5706,14.949,152,564,819,2,2.312,1
2.5884,17.743,153,562,819,2,2.747,1
2.6043,15.926,154,559,819,2,2.541,1
2.6255,21.233,155,560,819,2,2.791,1
2.6420,16.484,156,559,819,2,2.977,1
2.6589,16.891,157,558,819,2,2.666,1
2.6723,13.422,158,546,819,2,2.240,1
2.6899,17.562,159,545,819,2,2.456,1
2.7039,13.986,160,545,819,2,2.618,1
2.7221,18.247,161,545,819,2,2.237,1
2.7377,15.585,162,545,819,2,2.651,1
2.7674,29.656,163,545,819,2,2.768,1
2.7842,16.829,164,545,819,2,3.421,1
2.7944,10.177,165,545,819,2,3.312,1
2.8132,18.865,166,545,819,2,4.258,1
2.8321,18.831,167,545,819,2,2.637,1
2.8607,28.638,168,545,819,2,2.780,1
2.8690,8.319,169,545,819,2,3.189,1
2.8977,28.734,170,545,819,2,2.662,1
2.9060,8.275,171,545,819,2,2.243,1
2.9336,27.535,172,545,819,2,3.197,1
2.9556,22.003,173,545,819,2,4.374,1
2.9671,11.587,174,545,819,2,3.531,1
2.9777,10.523,175,545,819,2,3.562,1
2.9980,20.361,176,545,819,2,2.297,1
3.0129,14.864,177,545,819,2,3.844,1
3.0415,28.629,178,545,819,2,2.548,1
3.0572,15.707,179,545,819,2,2.398,1
3.0646,7.373,180,545,819,2,2.265,1
3.0828,18.148,181,545,819,2,3.589,1
3.0981,15.395,182,545,819,2,2.238,1
3.1154,17.254,183,545,819,2,4.046,1
3.1313,15.873,184,545,819,2,2.976,1
3.1561,24.849,185,545,819,2,2.430,1
3.1731,16.950,186,545,819,2,2.618,1
3.1857,12.611,187,545,819,2,2.687,1
3.1961,10.391,188,545,819,2,2.892,1
3.2128,16.705,189,545,819,2,3.696,1
3.2279,15.075,190,545,819,2,2.588,1
3.2435,15.650,191,545,819,2,2.777,1
3.2593,15.835,192,545,819,2,2.732,1
3.2766,17.299,193,545,819,2,2.425,1
3.2889,12.293,194,545,819,2,2.274,1
3.3044,15.476,195,545,819,2,2.885,1
3.3202,15.817,196,545,819,2,2.387,1
3.3352,14.952,197,545,819,2,2.553,1
3.3539,18.710,198,545,819,2,2.605,1
3.3837,29.854,199,545,819,2,3.639,1
3.3901,6.386,200,545,819,2,2.800,1
3.4053,15.165,201,545,819,2,2.774,1
3.4217,16.373,202,545,819,2,2.775,1
3.4368,15.158,203,545,819,2,2.300,1
3.4529,16.122,204,545,819,2,2.288,1
3.4677,14.780,205,545,819,2,2.203,1
3.4971,29.414,206,545,819,2,3.616,1
3.5055,8.378,207,545,819,2,3.057,1
3.5300,24.464,208,545,819,2,2.853,1
3.5480,18.023,209,545,819,2,4.434,1
3.5618,13.845,210,545,819,2,2.572,1
3.5684,6.534,211,545,819,2,2.758,1
3.5879,19.530,212,545,819,2,2.739,1
3.5992,11.292,213,545,819,2,2.651,1
3.6170,17.807,214,545,819,2,3.416,1
3.6318,14.823,215,545,819,2,2.190,1
3.6509,19.097,216,545,819,2,2.893,1
3.6653,14.323,217,545,819,2,2.155,1
3.6874,22.113,218,545,819,2,2.832,1
3.6976,10.195,219,545,819,2,2.202,1
3.7188,21.213,220,545,819,2,2.850,1
3.7302,11.438,221,545,819,2,2.239,1
3.7625,32.271,222,545,819,2,3.142,1
3.7727,10.208,223,545,819,2,3.055,1
3.7845,11.827,224,545,819,2,2.598,1
3.7979,13.354,225,545,819,2,2.209,1
3.8170,19.169,226,545,819,2,2.436,1
3.8318,14.744,227,545,819,2,2.757,1
3.8628,31.020,228,545,819,2,3.338,1
3.8721,9.318,229,545,819,2,2.889,1
3.8847,12.603,230,545,819,2,2.712,1
3.9002,15.429,231,545,819,2,2.130,1
3.9229,22.700,232,545,819,2,2.832,1
3.9323,9.442,233,545,819,2,2.150,1
3.9505,18.181,234,545,819,2,2.619,1
3.9696,19.151,235,545,819,2,2.243,1
3.9843,14.717,236,545,819,2,3.023,1
3.9999,15.522,237,545,819,2,2.718,1
4.0252,25.332,238,545,819,2,3.077,1
4.0341,8.879,239,545,819,2,2.746,1
4.0597,25.626,240,545,819,2,2.920,1
4.0665,6.781,241,545,819,2,2.739,1
4.0835,17.043,242,545,819,2,2.439,1
4.0983,14.791,243,545,819,2,2.766,1
4.1253,26.969,244,545,819,2,2.283,1
4.1320,6.702,245,545,819,2,2.485,1
4.1517,19.698,246,545,819,2,3.000,1
4.1689,17.213,247,545,819,2,2.923,1
4.1838,14.868,248,545,819,2,2.493,1
4.2093,25.534,249,545,819,2,3.032,1
4.2173,8.032,250,545,819,2,2.852,1
4.2400,22.658,251,545,819,2,2.169,1
4.2515,11.470,252,545,819,2,3.181,1
4.2655,14.066,253,545,819,2,2.811,1
4.2834,17.859,254,545,819,2,3.005,1
4.2986,15.174,255,545,819,2,2.210,1
4.3273,28.735,256,545,819,2,2.296,1
4.3336,6.254,257,545,819,2,2.701,1
4.3498,16.283,258,545,819,2,2.426,1
4.3721,22.263,259,545,819,2,2.174,1
4.3842,12.079,260,545,819,2,3.281,1
4.3976,13.448,261,545,819,2,2.420,1
4.4167,19.025,262,545,819,2,3.337,1
4.4318,15.107,263,545,819,2,2.527,1
4.4510,19.267,264,545,819,2,2.795,1
4.4638,12.788,265,545,819,2,2.426,1
4.4843,20.492,266,545,819,2,3.339,1
4.5035,19.213,267,545,819,2,2.750,1
4.5243,20.740,268,545,819,2,2.781,1
4.5469,22.611,269,545,819,2,4.694,1
4.5637,16.877,270,545,819,2,3.706,1
4.5810,17.232,271,545,819,2,3.583,1
4.5956,14.590,272,545,819,2,2.867,1
4.6099,14.356,273,545,819,2,2.517,1
4.6352,25.254,274,545,819,2,2.588,1
4.6409,5.704,275,545,819,2,2.188,1
4.6574,16.487,276,545,819,2,2.101,1
4.6722,14.854,277,545,819,2,2.747,1
4.6895,17.226,278,545,819,2,2.761,1
4.7032,13.737,279,545,819,2,2.292,1
4.7205,17.295,280,545,819,2,2.816,1
4.7345,14.050,281,545,819,2,2.216,1
4.7524,17.875,282,545,819,2,2.402,1
4.7796,27.191,283,545,819,2,3.309,1
4.7882,8.589,284,545,819,2,2.690,1
4.8159,27.758,285,545,819,2,4.012,1
4.8224,6.420,286,545,819,2,2.303,1
4.8382,15.852,287,545,819,2,2.319,1
4.8546,16.374,288,545,819,2,2.262,1
4.8766,21.996,289,545,819,2,3.970,1
4.8970,20.432,290,545,819,2,3.381,1
4.9080,11.000,291,545,819,2,3.066,1
4.9178,9.767,292,545,819,2,2.718,1
4.9315,13.720,293,545,819,2,2.270,1
4.9497,18.191,294,545,819,2,3.464,1
4.9742,24.497,295,545,819,2,2.450,1
4.9839,9.741,296,545,819,2,2.570,1
4.9980,14.016,297,545,819,2,2.400,1
5.0171,19.100,298,545,819,2,2.719,1
5.0324,15.381,299,545,819,2,3.083,1
5.0504,17.926,300,545,819,2,2.882,1
5.0665,16.110,301,545,819,2,3.460,1
5.0864,19.896,302,545,819,2,2.769,1
5.1024,16.013,303,545,819,2,2.319,1
5.1202,17.831,304,545,819,2,2.247,1
5.1353,15.116,305,545,819,2,2.266,1
5.1544,19.075,306,545,819,2,2.862,1
5.1674,13.036,307,545,819,2,2.238,1
5.1861,18.662,308,545,819,2,2.426,1
5.2047,18.632,309,545,819,2,3.516,1
5.2166,11.883,310,545,819,2,3.488,1
5.2322,15.568,311,545,819,2,2.471,1
5.2504,18.185,312,545,819,2,2.691,1
5.2650,14.619,313,545,819,2,2.349,1
5.2834,18.460,314,545,819,2,3.319,1
5.2982,14.758,315,545,819,2,3.031,1
5.3172,18.958,316,545,819,2,2.543,1
5.3315,14.316,317,545,819,2,2.436,1
5.3497,18.259,318,545,819,2,3.444,1
5.3642,14.428,319,545,819,2,2.423,1
5.3838,19.630,320,545,819,2,2.488,1
5.3983,14.537,321,545,819,2,2.434,1
5.4164,18.041,322,545,819,2,3.294,1
5.4304,14.007,323,545,819,2,2.835,1
5.4540,23.640,324,545,819,2,2.311,1
5.4752,21.220,325,545,819,2,3.065,1
5.4862,10.948,326,545,819,2,3.583,1
5.5048,18.638,327,545,819,2,3.248,1
5.5231,18.290,328,545,819,2,3.193,1
5.5397,16.542,329,545,819,2,2.423,1
5.5674,27.769,330,545,819,2,2.635,1
5.5827,15.323,331,545,819,2,4.920,1
5.5995,16.748,332,545,819,2,2.529,1
5.6181,18.596,333,545,819,2,3.375,1
5.6249,6.796,334,545,819,2,2.245,1
5.6415,16.661,335,545,819,2,2.346,1
5.6575,15.993,336,545,819,2,2.313,1
5.6728,15.245,337,545,819,2,2.783,1
5.6890,16.208,338,545,819,2,2.576,1
5.7040,15.027,339,545,819,2,3.041,1
5.7204,16.376,340,545,819,2,2.775,1
5.7457,25.313,341,545,819,2,2.982,1
5.7618,16.128,342,545,819,2,2.403,1
5.7739,12.046,343,545,819,2,2.810,1
5.7847,10.803,344,545,819,2,2.526,1
5.7992,14.536,345,545,819,2,2.429,1
5.8162,17.023,346,545,819,2,3.277,1
5.8310,14.761,347,545,819,2,2.868,1
5.8501,19.130,348,545,819,2,2.522,1
5.8647,14.555,349,545,819,2,2.418,1
5.8926,27.958,350,545,819,2,2.343,1
5.8990,6.396,351,545,819,2,2.337,1
5.9168,17.804,352,545,819,2,2.843,1
5.9311,14.213,353,545,819,2,2.964,1
5.9500,18.925,354,545,819,2,2.501,1
5.9640,13.997,355,545,819,2,2.410,1
5.9833,19.278,356,545,819,2,2.717,1
6.0094,26.117,357,545,819,2,2.632,1
6.0183,8.953,358,545,819,2,2.919,1
6.0321,13.791,359,545,819,2,2.438,1
6.0502,18.101,360,545,819,2,3.321,1
6.0642,13.988,361,545,819,2,2.494,1
6.0826,18.419,362,545,819,2,3.556,1
6.0967,14.105,363,545,819,2,2.491,1
6.1244,27.673,364,545,819,2,2.739,1
6.1315,7.043,365,545,819,2,2.791,1
6.1512,19.738,366,545,819,2,2.786,1
6.1741,22.934,367,545,819,2,2.649,1
6.1829,8.758,368,545,819,2,3.576,1
6.1971,14.216,369,545,819,2,2.349,1
6.2158,18.714,370,545,819,2,3.646,1
6.2307,14.871,371,545,819,2,2.372,1
6.2512,20.497,372,545,819,2,3.621,1
6.2639,12.741,373,545,819,2,2.209,1
6.2833,19.417,374,545,819,2,3.592,1
6.3004,17.060,375,545,819,2,2.878,1
6.3174,17.022,376,545,819,2,2.491,1
6.3315,14.131,377,545,819,2,2.815,1
6.3501,18.553,378,545,819,2,2.639,1
6.3720,21.848,379,545,819,2,2.197,1
6.3829,10.999,380,545,819,2,3.397,1
6.4052,22.263,381,545,819,2,2.254,1
6.4263,21.103,382,545,819,2,2.327,1
6.4386,12.277,383,545,819,2,3.154,1
6.4578,19.203,384,545,819,2,2.165,1
6.4650,7.183,385,545,819,2,2.810,1
6.4842,19.259,386,545,819,2,4.278,1
6.5074,23.199,387,545,819,2,2.623,1
6.5234,16.013,388,545,819,2,2.940,1
6.5397,16.239,389,545,819,2,2.361,1
6.5577,18.021,390,545,819,2,2.220,1
6.5806,22.918,391,545,819,2,3.275,1
6.5886,8.019,392,545,819,2,2.220,1
6.6107,22.013,393,545,819,2,3.244,1
6.6297,19.084,394,545,819,2,2.304,1
6.6355,5.758,395,545,819,2,2.275,1
6.6599,24.375,396,545,819,2,3.059,1
6.6664,6.531,397,545,819,2,2.344,1
6.6829,16.470,398,545,819,2,3.667,1
6.7009,18.011,399,545,819,2,3.249,1
6.7281,27.200,400,545,819,2,2.685,1
6.7348,6.699,401,545,819,2,2.523,1
6.7599,25.140,402,545,819,2,2.854,1
6.7683,8.403,403,545,819,2,2.355,1
6.7858,17.469,404,545,819,2,2.951,1
6.8142,28.389,405,545,819,2,3.639,1
6.8210,6.799,406,545,819,2,2.704,1
6.8497,28.730,407,545,819,2,4.062,1
6.8560,6.286,408,545,819,2,2.394,1
6.8824,26.443,409,545,819,2,3.740,1
6.9090,26.553,410,545,819,2,3.031,1
6.9222,13.216,411,545,819,2,2.797,1
6.9560,33.784,412,545,819,2,2.641,1
6.9698,13.758,413,545,819,2,3.350,1
6.9789,9.168,414,545,819,2,3.350,1
6.9948,15.864,415,545,819,2,2.663,1
7.0183,23.521,416,545,819,2,3.110,1
7.0293,10.987,417,545,819,2,2.846,1
7.0470,17.736,418,545,819,2,2.777,1
7.0619,14.834,419,545,819,2,2.413,1
7.0883,26.406,420,545,819,2,2.631,1
7.0941,5.837,421,545,819,2,2.152,1
7.1090,14.914,422,545,819,2,2.594,1
7.1252,16.125,423,545,819,2,2.175,1
7.1419,16.708,424,545,819,2,2.718,1
7.1720,30.096,425,545,819,2,2.631,1
7.1881,16.126,426,545,819,2,2.401,1
7.1940,5.913,427,545,819,2,2.124,1
7.2211,27.106,428,545,819,2,2.543,1
7.2324,11.346,429,545,819,2,2.542,1
7.2425,10.103,430,545,819,2,2.475,1
7.2594,16.881,431,545,819,2,2.628,1
7.2726,13.207,432,545,819,2,2.215,1
7.2917,19.040,433,545,819,2,2.613,1
7.3063,14.667,434,545,819,2,2.784,1
7.3222,15.907,435,545,819,2,2.393,1
7.3371,14.839,436,545,819,2,2.888,1
7.3540,16.923,437,545,819,2,2.653,1
7.3719,17.927,438,545,819,2,2.832,1
7.3871,15.130,439,545,819,2,2.249,1
7.4013,14.270,440,545,819,2,2.590,1
7.4201,18.733,441,545,819,2,2.912,1
7.4336,13.530,442,545,819,2,2.437,1
7.4506,16.996,443,545,819,2,2.814,1
7.4648,14.211,444,545,819,2,2.859,1
7.4934,28.543,445,545,819,2,4.488,1
7.5117,18.332,446,545,819,2,3.389,1
7.5260,14.357,447,545,819,2,2.488,1
7.5394,13.320,448,545,819,2,2.433,1
7.5576,18.274,449,545,819,2,2.676,1
7.5868,29.193,450,545,819,2,3.612,1
7.5967,9.888,451,545,819,2,2.842,1
7.6087,12.006,452,545,819,2,2.315,1
7.6326,23.830,453,545,819,2,3.421,1
7.6391,6.507,454,545,819,2,2.226,1
7.6557,16.663,455,545,819,2,2.688,1
7.6695,13.821,456,545,819,2,2.335,1
7.6879,18.345,457,545,819,2,2.726,1
7.7053,17.417,458,545,819,2,2.945,1
7.7223,16.979,459,545,819,2,2.637,1
7.7474,25.148,460,545,819,2,3.337,1
7.7557,8.261,461,545,819,2,2.437,1
7.7688,13.098,462,545,819,2,2.675,1
7.7862,17.368,463,545,819,2,2.345,1
7.8001,13.895,464,545,819,2,2.629,1
7.8165,16.404,465,545,819,2,3.414,1
7.8299,13.480,466,545,819,2,2.533,1
7.8468,16.827,467,545,819,2,3.319,1
7.8616,14.850,468,545,819,2,2.528,1
7.8804,18.814,469,545,819,2,2.970,1
7.8950,14.566,470,545,819,2,2.225,1
7.9233,28.309,471,545,819,2,3.141,1
7.9291,5.758,472,545,819,2,2.679,1
7.9461,17.009,473,545,819,2,2.593,1
7.9608,14.774,474,545,819,2,2.133,1
7.9799,19.093,475,545,819,2,3.474,1
7.9942,14.267,476,545,819,2,2.142,1
8.0223,28.100,477,545,819,2,3.548,1
8.0291,6.816,478,545,819,2,2.610,1
8.0466,17.467,479,545,819,2,2.551,1
8.0633,16.702,480,545,819,2,2.140,1
8.0878,24.484,481,545,819,2,3.086,1
8.1037,15.975,482,545,819,2,2.357,1
8.1143,10.543,483,545,819,2,3.813,1
8.1416,27.346,484,545,819,2,2.851,1
8.1563,14.699,485,545,819,2,2.780,1
8.1722,15.872,486,545,819,2,2.567,1
8.1889,16.691,487,545,819,2,3.171,1
8.1947,5.789,488,545,819,2,2.120,1
8.2131,18.373,489,545,819,2,3.083,1
8.2280,14.960,490,545,819,2,2.639,1
8.2469,18.836,491,545,819,2,3.591,1
8.2626,15.766,492,545,819,2,2.583,1
8.2812,18.582,493,545,819,2,3.229,1
8.2946,13.403,494,545,819,2,2.168,1
8.3133,18.654,495,545,819,2,3.459,1
8.3286,15.322,496,545,819,2,2.173,1
8.3460,17.380,497,545,819,2,2.640,1
8.3608,14.836,498,545,819,2,2.122,1
8.3799,19.146,499,545,819,2,3.516,1
8.3949,14.927,500,545,819,2,2.672,1
8.4133,18.409,501,545,819,2,2.892,1
8.4299,16.640,502,545,819,2,2.474,1
8.4477,17.805,503,545,819,2,3.314,1
8.4632,15.435,504,545,819,2,2.487,1
8.4833,20.179,505,545,819,2,3.373,1
8.5053,21.977,506,545,819,2,3.988,1
8.5385,33.143,507,545,819,2,3.438,1
8.5553,16.807,508,545,819,2,3.649,1
8.5622,6.922,509,545,819,2,2.269,1
8.5887,26.471,510,545,819,2,3.131,1
8.6039,15.226,511,545,819,2,2.697,1
8.6210,17.140,512,545,819,2,3.216,1
8.6460,25.008,513,545,819,2,3.512,1
8.6566,10.529,514,545,819,2,2.752,1
8.6672,10.592,515,545,819,2,3.098,1
8.6825,15.341,516,545,819,2,3.309,1
8.6980,15.485,517,545,819,2,2.495,1
8.7216,23.604,518,545,819,2,3.588,1
8.7295,7.872,519,545,819,2,2.664,1
8.7517,22.208,520,545,819,2,3.395,1
8.7718,20.162,521,545,819,2,2.735,1
8.7840,12.197,522,545,819,2,3.622,1
8.8025,18.465,523,545,819,2,3.255,1
8.8181,15.566,524,545,819,2,4.135,1
8.8318,13.765,525,545,819,2,2.483,1
8.8476,15.760,526,545,819,2,2.915,1
8.8576,10.009,527,545,819,2,2.263,1
8.8758,18.161,528,545,819,2,2.542,1
8.8921,16.376,529,545,819,2,2.819,1
8.9188,26.679,530,545,819,2,3.252,1
8.9370,18.206,531,545,819,2,3.054,1
8.9441,7.061,532,545,819,2,3.221,1
8.9697,25.637,533,545,819,2,3.570,1
8.9860,16.269,534,545,819,2,3.956,1
8.9946,8.630,535,545,819,2,2.678,1
9.0093,14.644,536,545,819,2,2.441,1
9.0286,19.351,537,545,819,2,2.125,1
9.0417,13.047,538,545,819,2,2.767,1
9.0600,18.308,539,545,819,2,2.213,1
9.0722,12.234,540,545,819,2,2.389,1
9.0898,17.576,541,545,819,2,2.163,1
9.1030,13.259,542,545,819,2,2.636,1
9.1206,17.569,543,545,819,2,2.335,1
9.1349,14.323,544,545,819,2,2.929,1
9.1544,19.500,545,545,819,2,2.836,1
9.1687,14.277,546,545,819,2,2.752,1
9.1959,27.193,547,545,819,2,2.961,1
9.2129,17.039,548,545,819,2,3.912,1
9.2278,14.818,549,545,819,2,2.310,1
9.2342,6.412,550,545,819,2,2.557,1
9.2607,26.559,551,545,819,2,2.342,1
9.2741,13.386,552,545,819,2,2.604,1
9.2864,12.328,553,545,819,2,3.430,1
9.3010,14.614,554,545,819,2,2.826,1
9.3179,16.869,555,545,819,2,2.944,1
9.3420,24.048,556,545,819,2,2.300,1
9.3519,9.945,557,545,819,2,2.774,1
9.3675,15.551,558,545,819,2,2.437,1
9.3931,25.612,559,545,819,2,2.705,1
9.4098,16.704,560,545,819,2,2.952,1
9.4206,10.832,561,545,819,2,3.787,1
9.4339,13.274,562,545,819,2,2.341,1
9.4595,25.639,563,545,819,2,2.299,1
9.4769,17.395,564,545,819,2,3.115,1
9.4977,20.745,565,545,819,2,3.387,1
9.5193,21.604,566,545,819,2,4.683,1
9.5359,16.634,567,545,819,2,3.138,1
9.5547,18.831,568,545,819,2,3.643,1
9.5681,13.388,569,545,819,2,3.318,1
9.5763,8.134,570,545,819,2,2.572,1
9.5949,18.668,571,545,819,2,2.676,1
9.6095,14.569,572,545,819,2,2.552,1
9.6326,23.103,573,545,819,2,2.318,1
9.6388,6.233,574,545,819,2,2.839,1
9.6627,23.863,575,545,819,2,2.336,1
9.6798,17.154,576,545,819,2,2.800,1
9.6875,7.682,577,545,819,2,3.472,1
9.7040,16.454,578,545,819,2,2.735,1
9.7232,19.184,579,545,819,2,2.194,1
9.7330,9.795,580,545,819,2,2.145,1
9.7514,18.426,581,545,819,2,2.570,1
9.7662,14.861,582,545,819,2,2.698,1
9.7853,19.100,583,545,819,2,3.517,1
9.7986,13.288,584,545,819,2,2.166,1
9.8188,20.215,585,545,819,2,3.058,1
9.8327,13.855,586,545,819,2,2.143,1
9.8515,18.761,587,545,819,2,2.918,1
9.8744,22.963,588,545,819,2,2.422,1
9.8851,10.677,589,545,819,2,2.829,1
9.8991,14.020,590,545,819,2,2.680,1
9.9181,18.983,591,545,819,2,2.794,1
9.9331,14.987,592,545,819,2,2.604,1
9.9523,19.251,593,545,819,2,3.183,1
9.9664,14.057,594,545,819,2,2.616,1
9.9857,19.272,595,545,819,2,2.698,1
9.9989,13.257,596,545,819,2,2.293,1
10.0270,28.067,597,545,819,2,2.628,1
10.0335,6.477,598,545,819,2,2.648,1
10.0512,17.706,599,545,819,2,2.544,1
10.0665,15.300,600,545,819,2,2.652,1
10.0929,26.436,601,545,819,2,2.974,1
10.0998,6.835,602,545,819,2,2.628,1
10.1179,18.191,603,545,819,2,2.834,1
10.1329,14.932,604,545,819,2,2.127,1
10.1524,19.489,605,545,819,2,3.055,1
10.1751,22.780,606,545,819,2,2.317,1
10.1852,10.015,607,545,819,2,2.620,1
10.1994,14.244,608,545,819,2,2.720,1
10.2188,19.400,609,545,819,2,2.936,1
10.2332,14.394,610,545,819,2,2.116,1
10.2516,18.416,611,545,819,2,2.541,1
10.2672,15.591,612,545,819,2,2.638,1
10.2846,17.369,613,545,819,2,2.560,1
10.2983,13.768,614,545,819,2,2.097,1
10.3237,25.367,615,545,819,2,2.535,1
10.3323,8.604,616,545,819,2,2.670,1
10.3521,19.755,617,545,819,2,3.116,1
10.3670,14.967,618,545,819,2,2.250,1
10.3843,17.306,619,545,819,2,2.516,1
10.3984,14.076,620,545,819,2,2.205,1
10.4283,29.848,621,545,819,2,2.269,1
10.4430,14.708,622,545,819,2,2.284,1
10.4518,8.860,623,545,819,2,2.685,1
10.4758,23.941,624,545,819,2,2.482,1
10.4873,11.575,625,545,819,2,3.663,1
10.5075,20.180,626,545,819,2,3.735,1
10.5379,30.353,627,545,819,2,3.446,1
10.5497,11.788,628,545,819,2,2.393,1
10.5595,9.821,629,545,819,2,2.108,1
10.5794,19.892,630,545,819,2,3.004,1
10.5919,12.549,631,545,819,2,2.135,1
10.6080,16.054,632,545,819,2,2.589,1
10.6273,19.268,633,545,819,2,2.189,1
10.6562,28.936,634,545,819,2,3.479,1
10.6800,23.795,635,545,819,2,3.848,1
10.6917,11.760,636,545,819,2,2.583,1
10.7042,12.488,637,545,819,2,3.251,1
10.7245,20.319,638,545,819,2,2.860,1
10.7336,9.031,639,545,819,2,2.701,1
10.7426,9.013,640,545,819,2,2.521,1
10.7690,26.431,641,545,819,2,2.715,1
10.7751,6.102,642,545,819,2,2.447,1
10.7917,16.599,643,545,819,2,2.695,1
10.8069,15.165,644,545,819,2,2.261,1
10.8239,17.037,645,545,819,2,2.185,1
10.8385,14.580,646,545,819,2,2.336,1
10.8634,24.886,647,545,819,2,2.396,1
10.8694,5.971,648,545,819,2,2.729,1
10.8952,25.825,649,545,819,2,2.380,1
10.9090,13.789,650,545,819,2,3.486,1
10.9276,18.590,651,545,819,2,2.368,1
10.9324,4.837,652,545,819,2,2.184,1
10.9511,18.663,653,545,819,2,2.296,1
10.9681,17.048,654,545,819,2,2.171,1
10.9854,17.290,655,545,819,2,3.190,1
10.9994,13.973,656,545,819,2,2.623,1
11.0185,19.161,657,545,819,2,2.998,1
11.0322,13.642,658,545,819,2,2.394,1
11.0515,19.313,659,545,819,2,2.372,1
11.0749,23.419,660,545,819,2,2.406,1
11.0846,9.733,661,545,819,2,2.335,1
11.0986,13.948,662,545,819,2,2.135,1
11.1179,19.328,663,545,819,2,2.246,1
11.1317,13.771,664,545,819,2,2.138,1
11.1519,20.218,665,545,819,2,2.802,1
11.1674,15.515,666,545,819,2,2.139,1
11.1851,17.678,667,545,819,2,2.477,1
11.2000,14.884,668,545,819,2,2.645,1
11.2204,20.452,669,545,819,2,2.654,1
11.2332,12.722,670,545,819,2,2.328,1
11.2518,18.661,671,545,819,2,2.414,1
11.2652,13.336,672,545,819,2,2.190,1
11.2933,28.091,673,545,819,2,2.113,1
11.2991,5.863,674,545,819,2,2.118,1
11.3182,19.091,675,545,819,2,2.860,1
11.3323,14.133,676,545,819,2,2.679,1
11.3609,28.574,677,545,819,2,2.334,1
11.3747,13.744,678,545,819,2,2.615,1
11.3853,10.666,679,545,819,2,2.882,1
11.3983,12.985,680,545,819,2,2.112,1
11.4190,20.663,681,545,819,2,2.808,1
11.4322,13.214,682,545,819,2,2.626,1
11.4550,22.821,683,545,819,2,2.216,1
11.4688,13.792,684,545,819,2,2.359,1
11.4875,18.690,685,545,819,2,3.402,1
11.5105,23.017,686,545,819,2,2.597,1
11.5268,16.335,687,545,819,2,2.662,1
11.5403,13.441,688,545,819,2,2.285,1
11.5577,17.459,689,545,819,2,2.813,1
11.5731,15.318,690,545,819,2,3.811,1
11.5888,15.759,691,545,819,2,2.976,1
11.6042,15.367,692,545,819,2,3.168,1
11.6202,16.020,693,545,819,2,3.085,1
11.6353,15.146,694,545,819,2,3.032,1
11.6511,15.785,695,545,819,2,2.594,1
11.6658,14.633,696,545,819,2,2.386,1
11.6849,19.103,697,545,819,2,2.571,1
11.6989,14.027,698,545,819,2,2.176,1
11.7185,19.579,699,545,819,2,2.833,1
11.7422,23.741,700,545,819,2,2.571,1
11.7632,20.973,701,545,819,2,2.272,1
11.7717,8.534,702,545,819,2,3.150,1
11.7927,20.991,703,545,819,2,2.685,1
11.8005,7.788,704,545,819,2,2.113,1
11.8215,21.015,705,545,819,2,2.867,1
11.8341,12.540,706,545,819,2,2.251,1
11.8623,28.285,707,545,819,2,2.562,1
11.8693,6.932,708,545,819,2,2.348,1
11.8917,22.462,709,545,819,2,2.206,1
11.9037,11.954,710,545,819,2,2.919,1
11.9234,19.663,711,545,819,2,2.566,1
11.9483,24.978,712,545,819,2,4.003,1
11.9597,11.343,713,545,819,2,2.886,1
11.9703,10.581,714,545,819,2,3.519,1
11.9876,17.300,715,545,819,2,2.666,1
12.0034,15.868,716,545,819,2,3.237,1
12.0206,17.181,717,545,819,2,2.769,1
12.0382,17.561,718,545,819,2,2.866,1
12.0554,17.249,719,545,819,2,3.150,1
12.0700,14.620,720,545,819,2,2.779,1
12.0886,18.563,721,545,819,2,3.433,1
12.1021,13.513,722,545,819,2,2.250,1
12.1186,16.480,723,545,819,2,2.419,1
12.1492,30.650,724,545,819,2,3.350,1
12.1563,7.017,725,545,819,2,3.106,1
12.1733,17.084,726,545,819,2,3.291,1
12.1895,16.147,727,545,819,2,2.585,1
12.2039,14.436,728,545,819,2,2.608,1
12.2302,26.227,729,545,819,2,2.449,1
12.2475,17.318,730,545,819,2,3.394,1
12.2544,6.970,731,545,819,2,2.481,1
12.2687,14.243,732,545,819,2,2.230,1
12.2942,25.523,733,545,819,2,2.411,1
12.2995,5.278,734,545,819,2,2.134,1
12.3175,17.978,735,545,819,2,2.308,1
12.3318,14.356,736,545,819,2,2.158,1
12.3520,20.200,737,545,819,2,2.836,1
12.3748,22.805,738,545,819,2,2.551,1
12.3854,10.608,739,545,819,2,3.139,1
12.3986,13.122,740,545,819,2,2.253,1
12.4276,29.052,741,545,819,2,2.797,1
12.4325,4.917,742,545,819,2,2.147,1
12.4608,28.233,743,545,819,2,2.448,1
12.4763,15.581,744,545,819,2,2.791,1
12.4950,18.618,745,545,819,2,2.324,1
12.5230,28.048,746,545,819,2,4.102,1
12.5302,7.237,747,545,819,2,2.884,1
12.5481,17.854,748,545,819,2,3.418,1
12.5601,11.999,749,545,819,2,2.140,1
12.5797,19.569,750,545,819,2,2.918,1
12.5920,12.386,751,545,819,2,2.170,1
12.6076,15.579,752,545,819,2,2.434,1
12.6501,42.473,753,545,819,2,3.131,1
12.6640,13.874,754,545,819,2,2.579,1
12.6802,16.227,755,545,819,2,3.936,1
12.6926,12.384,756,545,819,2,2.962,1
12.6982,5.579,757,545,819,2,2.132,1
12.7158,17.614,758,545,819,2,3.321,1
12.7293,13.531,759,545,819,2,2.118,1
12.7463,16.966,760,545,819,2,3.023,1
12.7618,15.489,761,545,819,2,2.135,1
12.7785,16.694,762,545,819,2,2.748,1
12.8027,24.259,763,545,819,2,2.577,1
12.8088,6.097,764,545,819,2,2.482,1
12.8248,15.970,765,545,819,2,2.184,1
12.8399,15.131,766,545,819,2,2.383,1
12.8557,15.808,767,545,819,2,2.416,1
12.8816,25.895,768,545,819,2,3.295,1
12.8970,15.388,769,545,819,2,2.342,1
12.9013,4.294,770,545,819,2,2.147,1
12.9219,20.580,771,545,819,2,2.517,1
12.9347,12.793,772,545,819,2,2.312,1
12.9521,17.384,773,545,819,2,2.360,1
12.9659,13.862,774,545,819,2,2.138,1
12.9946,28.724,775,545,819,2,2.349,1
13.0000,5.312,776,545,819,2,2.124,1
13.0282,28.260,777,545,819,2,2.385,1
13.0434,15.230,778,545,819,2,2.572,1
13.0520,8.535,779,545,819,2,2.529,1
13.0697,17.758,780,545,819,2,2.441,1
13.0847,14.931,781,545,819,2,2.855,1
13.0987,14.061,782,545,819,2,2.313,1
13.1177,18.976,783,545,819,2,2.240,1
13.1325,14.813,784,545,819,2,2.160,1
13.1522,19.709,785,545,819,2,2.523,1
13.1834,31.174,786,545,819,2,2.951,1
13.1947,11.334,787,545,819,2,2.329,1
13.2012,6.500,788,545,819,2,2.201,1
13.2284,27.196,789,545,819,2,2.921,1
13.2455,17.024,790,545,819,2,3.307,1
13.2516,6.173,791,545,819,2,2.320,1
13.2665,14.882,792,545,819,2,2.128,1
13.2852,18.670,793,545,819,2,2.759,1
13.2998,14.624,794,545,819,2,2.287,1
13.3178,17.977,795,545,819,2,2.314,1
13.3322,14.378,796,545,819,2,2.229,1
13.3513,19.176,797,545,819,2,2.830,1
13.3655,14.214,798,545,819,2,2.198,1
13.3846,19.061,799,545,819,2,2.381,1
13.3986,14.004,800,545,819,2,2.129,1
13.4276,28.983,801,545,819,2,2.286,1
13.4334,5.767,802,545,819,2,2.712,1
13.4532,19.800,803,545,819,2,2.483,1
13.4663,13.091,804,545,819,2,2.663,1
13.4859,19.685,805,545,819,2,2.824,1
13.5166,30.671,806,545,819,2,3.917,1
13.5251,8.470,807,545,819,2,2.960,1
13.5328,7.702,808,545,819,2,2.167,1
13.5521,19.283,809,545,819,2,2.585,1
13.5682,16.141,810,545,819,2,2.122,1
13.5849,16.735,811,545,819,2,2.635,1
13.5992,14.219,812,545,819,2,2.664,1
13.6279,28.782,813,545,819,2,2.291,1
13.6338,5.817,814,545,819,2,2.137,1
13.6521,18.309,815,545,819,2,2.277,1
13.6652,13.168,816,545,819,2,2.125,1
13.6851,19.869,817,545,819,2,2.908,1
13.6988,13.670,818,545,819,2,2.220,1
13.7190,20.255,819,545,819,2,2.808,1
13.7322,13.156,820,545,819,2,2.139,1
13.7519,19.733,821,545,819,2,2.808,1
13.7756,23.691,822,545,819,2,2.896,1
13.7853,9.708,823,545,819,2,2.890,1
13.7986,13.236,824,545,819,2,2.130,1
13.8184,19.858,825,545,819,2,2.763,1
13.8320,13.540,826,545,819,2,2.129,1
13.8531,21.140,827,545,819,2,2.950,1
13.8744,21.339,828,545,819,2,2.403,1
13.8958,21.417,829,545,819,2,2.840,1
13.9065,10.612,830,545,819,2,2.601,1
13.9222,15.764,831,545,819,2,2.868,1
13.9473,25.093,832,545,819,2,3.569,1
13.9553,7.969,833,545,819,2,3.550,1
13.9685,13.211,834,545,819,2,2.251,1
13.9857,17.192,835,545,819,2,2.271,1
14.0091,23.386,836,545,819,2,2.600,1
14.0283,19.188,837,545,819,2,2.399,1
14.0345,6.249,838,545,819,2,2.784,1
14.0512,16.671,839,545,819,2,2.350,1
14.0743,23.099,840,545,819,2,3.265,1
14.0854,11.166,841,545,819,2,2.915,1
14.0994,13.909,842,545,819,2,2.630,1
14.1180,18.661,843,545,819,2,2.683,1
14.1332,15.151,844,545,819,2,2.819,1
14.1524,19.230,845,545,819,2,2.832,1
14.1656,13.228,846,545,819,2,2.184,1
14.1852,19.531,847,545,819,2,2.853,1
14.1993,14.105,848,545,819,2,2.127,1
14.2277,28.395,849,545,819,2,2.387,1
14.2327,5.087,850,545,819,2,2.142,1
14.2518,19.085,851,545,819,2,2.874,1
14.2654,13.576,852,545,819,2,2.124,1
14.2846,19.204,853,545,819,2,2.367,1
14.2985,13.913,854,545,819,2,2.124,1
14.3188,20.306,855,545,819,2,2.819,1
14.3383,19.523,856,545,819,2,2.333,1
14.3556,17.235,857,545,819,2,2.502,1
14.3793,23.693,858,545,819,2,3.628,1
14.3851,5.819,859,545,819,2,2.482,1
14.4019,16.823,860,545,819,2,2.273,1
14.4198,17.837,861,545,819,2,2.834,1
14.4339,14.153,862,545,819,2,2.141,1
14.4635,29.562,863,545,819,2,2.265,1
14.4694,5.969,864,545,819,2,2.832,1
14.4974,27.955,865,545,819,2,3.506,1
14.5065,9.111,866,545,819,2,3.323,1
14.5412,34.714,867,545,819,2,3.837,1
14.5526,11.394,868,545,819,2,2.752,1
14.5768,24.183,869,545,819,2,3.096,1
14.5936,16.831,870,545,819,2,3.017,1
14.6177,24.035,871,545,819,2,3.495,1
14.6280,10.312,872,545,819,2,3.049,1
14.6379,9.901,873,545,819,2,2.776,1
14.6619,24.000,874,545,819,2,2.641,1
14.6713,9.470,875,545,819,2,3.055,1
14.6822,10.839,876,545,819,2,3.407,1
14.7113,29.077,877,545,819,2,3.802,1
14.7266,15.353,878,545,819,2,2.217,1
14.7327,6.073,879,545,819,2,2.136,1
14.7504,17.760,880,545,819,2,2.342,1
14.7650,14.574,881,545,819,2,2.193,1
14.7816,16.616,882,545,819,2,3.208,1
14.7959,14.295,883,545,819,2,2.120,1
14.8132,17.258,884,545,819,2,2.932,1
14.8269,13.749,885,545,819,2,2.166,1
14.8424,15.443,886,545,819,2,2.853,1
14.8591,16.680,887,545,819,2,2.301,1
14.8843,25.243,888,545,819,2,3.576,1
14.8936,9.342,889,545,819,2,2.462,1
14.9013,7.636,890,545,819,2,2.157,1
14.9213,20.063,891,545,819,2,2.811,1
14.9344,13.034,892,545,819,2,2.287,1
14.9528,18.380,893,545,819,2,2.832,1
14.9679,15.177,894,545,819,2,2.711,1
14.9861,18.173,895,545,819,2,2.771,1
15.0011,14.950,896,545,819,2,2.183,1
15.0196,18.549,897,545,819,2,2.686,1
15.0349,15.330,898,545,819,2,2.511,1
15.0532,18.259,899,545,819,2,2.820,1
15.0698,16.593,900,545,819,2,2.878,1
15.0958,25.987,901,545,819,2,2.829,1
15.1126,16.794,902,545,819,2,3.175,1
15.1198,7.254,903,545,819,2,2.231,1
15.1340,14.206,904,545,819,2,2.144,1
15.1616,27.537,905,545,819,2,2.811,1
15.1693,7.711,906,545,819,2,2.804,1
15.1879,18.615,907,545,819,2,2.453,1
15.2023,14.380,908,545,819,2,2.718,1
15.2191,16.803,909,545,819,2,2.328,1
15.2349,15.785,910,545,819,2,2.894,1
15.2709,36.063,911,545,819,2,2.842,1
15.2840,13.118,912,545,819,2,2.805,1
15.3036,19.531,913,545,819,2,3.247,1
15.3182,14.643,914,545,819,2,2.553,1
15.3288,10.611,915,545,819,2,2.808,1
15.3364,7.594,916,545,819,2,2.908,1
15.3575,21.070,917,545,819,2,2.784,1
15.3676,10.083,918,545,819,2,2.250,1
15.3941,26.500,919,545,819,2,2.160,1
15.4221,27.973,920,545,819,2,2.531,1
15.4364,14.333,921,545,819,2,3.157,1
15.4479,11.485,922,545,819,2,3.226,1
15.4578,9.963,923,545,819,2,2.479,1
15.4722,14.375,924,545,819,2,2.217,1
15.4917,19.490,925,545,819,2,2.823,1
15.5113,19.560,926,545,819,2,3.816,1
15.5320,20.695,927,545,819,2,2.283,1
15.5442,12.255,928,545,819,2,2.717,1
15.5616,17.402,929,545,819,2,2.344,1
15.5753,13.741,930,545,819,2,2.922,1
15.5948,19.401,931,545,819,2,2.348,1
15.6036,8.817,932,545,819,2,2.399,1
15.6204,16.804,933,545,819,2,2.364,1
15.6347,14.367,934,545,819,2,2.404,1
15.6610,26.298,935,545,819,2,3.104,1
15.6804,19.323,936,545,819,2,2.913,1
15.6953,14.890,937,545,819,2,2.332,1
15.7020,6.794,938,545,819,2,2.758,1
15.7202,18.167,939,545,819,2,2.832,1
15.7340,13.790,940,545,819,2,2.217,1
15.7530,19.045,941,545,819,2,2.803,1
15.7685,15.491,942,545,819,2,2.736,1
15.7863,17.770,943,545,819,2,2.832,1
15.8009,14.595,944,545,819,2,2.174,1
15.8200,19.125,945,545,819,2,3.306,1
15.8366,16.571,946,545,819,2,2.303,1
15.8617,25.114,947,545,819,2,2.240,1
15.8679,6.196,948,545,819,2,2.123,1
15.8864,18.456,949,545,819,2,2.257,1
15.9013,14.896,950,545,819,2,2.141,1
15.9194,18.157,951,545,819,2,2.744,1
15.9342,14.763,952,545,819,2,2.409,1
15.9541,19.916,953,545,819,2,3.315,1
15.9678,13.688,954,545,819,2,2.200,1
15.9962,28.427,955,545,819,2,2.455,1
16.0015,5.302,956,545,819,2,2.236,1
16.0199,18.382,957,545,819,2,2.771,1
16.0339,14.040,958,545,819,2,2.121,1
16.0531,19.171,959,545,819,2,2.710,1
16.0685,15.441,960,545,819,2,2.251,1
16.0874,18.860,961,545,819,2,2.880,1
16.1088,21.404,962,545,819,2,2.913,1
16.1201,11.299,963,545,819,2,2.342,1
16.1373,17.196,964,545,819,2,2.290,1
16.1536,16.273,965,545,819,2,2.369,1
16.1683,14.738,966,545,819,2,2.210,1
16.1974,29.101,967,545,819,2,2.818,1
16.2026,5.174,968,545,819,2,2.336,1
16.2205,17.932,969,545,819,2,2.743,1
16.2341,13.562,970,545,819,2,2.129,1
16.2626,28.521,971,545,819,2,2.343,1
16.2681,5.455,972,545,819,2,2.111,1
16.2964,28.336,973,545,819,2,2.338,1
16.3029,6.500,974,545,819,2,2.276,1
16.3228,19.870,975,545,819,2,2.883,1
16.3370,14.199,976,545,819,2,2.675,1
16.3538,16.860,977,545,819,2,2.723,1
16.3740,20.205,978,545,819,2,2.178,1
16.3861,12.088,979,545,819,2,2.411,1
16.4066,20.497,980,545,819,2,2.240,1
16.4196,13.024,981,545,819,2,2.288,1
16.4363,16.675,982,545,819,2,2.253,1
16.4529,16.565,983,545,819,2,2.540,1
16.4674,14.534,984,545,819,2,2.150,1
16.4886,21.173,985,545,819,2,2.926,1
16.5067,18.131,986,545,819,2,2.644,1
16.5288,22.113,987,545,819,2,2.468,1
16.5430,14.215,988,545,819,2,3.553,1
16.5586,15.522,989,545,819,2,2.431,1
16.5761,17.532,990,545,819,2,2.837,1
16.5886,12.540,991,545,819,2,2.315,1
16.6082,19.578,992,545,819,2,2.382,1
16.6313,23.127,993,545,819,2,2.381,1
16.6487,17.349,994,545,819,2,3.780,1
16.6620,13.280,995,545,819,2,3.401,1
16.6842,22.264,996,545,819,2,2.873,1
16.6901,5.848,997,545,819,2,2.170,1
16.7045,14.444,998,545,819,2,2.846,1
16.7210,16.444,999,545,819,2,2.798,1
16.7348,13.789,1000,545,819,2,2.212,1
16.7544,19.647,1001,545,819,2,2.697,1
16.7678,13.432,1002,545,819,2,2.193,1
16.7866,18.769,1003,545,819,2,2.826,1
16.8006,13.979,1004,545,819,2,2.169,1
16.8194,18.816,1005,545,819,2,2.771,1
16.8343,14.845,1006,545,819,2,2.146,1
16.8528,18.581,1007,545,819,2,2.670,1
16.8682,15.394,1008,545,819,2,2.833,1
16.8879,19.718,1009,545,819,2,2.532,1
16.9108,22.857,1010,545,819,2,3.170,1
16.9306,19.835,1011,545,819,2,3.056,1
16.9457,15.061,1012,545,819,2,3.252,1
16.9536,7.852,1013,545,819,2,2.924,1
16.9675,13.923,1014,545,819,2,2.163,1
16.9862,18.733,1015,545,819,2,2.815,1
17.0007,14.453,1016,545,819,2,2.124,1
17.0200,19.354,1017,545,819,2,2.646,1
17.0468,26.785,1018,545,819,2,2.841,1
17.0555,8.742,1019,545,819,2,3.670,1
17.0842,28.650,1020,545,819,2,3.708,1
17.0956,11.458,1021,545,819,2,3.182,1
17.1031,7.485,1022,545,819,2,2.342,1
17.1333,30.170,1023,545,819,2,3.227,1
17.1523,19.023,1024,545,819,2,3.616,1
17.1648,12.460,1025,545,819,2,2.745,1
17.1747,9.881,1026,545,819,2,2.701,1
17.1919,17.187,1027,545,819,2,2.673,1
17.2193,27.473,1028,545,819,2,4.204,1
17.2300,10.717,1029,545,819,2,2.306,1
17.2488,18.792,1030,545,819,2,3.551,1
17.2576,8.745,1031,545,819,2,3.265,1
17.2778,20.187,1032,545,819,2,3.795,1
17.2905,12.736,1033,545,819,2,2.185,1
17.3042,13.654,1034,545,819,2,2.546,1
17.3203,16.165,1035,545,819,2,2.343,1
17.3446,24.292,1036,545,819,2,3.462,1
17.3534,8.758,1037,545,819,2,2.448,1
17.3681,14.691,1038,545,819,2,2.249,1
17.3871,18.995,1039,545,819,2,2.793,1
17.4007,13.668,1040,545,819,2,2.112,1
17.4302,29.480,1041,545,819,2,2.397,1
17.4394,9.162,1042,545,819,2,2.800,1
17.4523,12.960,1043,545,819,2,2.278,1
17.4811,28.751,1044,545,819,2,3.307,1
17.5123,31.212,1045,545,819,2,5.037,1
17.5229,10.626,1046,545,819,2,2.707,1
17.5376,14.675,1047,545,819,2,3.261,1
17.5638,26.185,1048,545,819,2,2.368,1
17.5693,5.486,1049,545,819,2,2.619,1
17.5876,18.328,1050,545,819,2,2.815,1
17.6010,13.364,1051,545,819,2,2.333,1
17.6286,27.673,1052,545,819,2,2.894,1
17.6365,7.913,1053,545,819,2,2.540,1
17.6484,11.905,1054,545,819,2,3.540,1
17.6630,14.567,1055,545,819,2,2.362,1
17.6880,25.029,1056,545,819,2,3.070,1
17.6945,6.494,1057,545,819,2,2.743,1
17.7219,27.364,1058,545,819,2,3.091,1
17.7270,5.128,1059,545,819,2,2.448,1
17.7417,14.665,1060,545,819,2,2.197,1
17.7596,17.906,1061,545,819,2,2.976,1
17.7734,13.823,1062,545,819,2,2.204,1
17.7896,16.172,1063,545,819,2,2.210,1
17.8033,13.694,1064,545,819,2,2.306,1
17.8210,17.697,1065,545,819,2,2.791,1
17.8358,14.776,1066,545,819,2,2.258,1
17.8541,18.363,1067,545,819,2,2.786,1
17.8688,14.647,1068,545,819,2,2.250,1
17.8914,22.661,1069,545,819,2,2.796,1
17.9026,11.218,1070,545,819,2,2.841,1
17.9210,18.355,1071,545,819,2,2.788,1
17.9457,24.713,1072,545,819,2,3.071,1
17.9543,8.558,1073,545,819,2,3.035,1
17.9753,21.061,1074,545,819,2,2.208,1
17.9876,12.263,1075,545,819,2,2.341,1
18.0026,15.047,1076,545,819,2,2.784,1
18.0217,19.063,1077,545,819,2,2.647,1
18.0457,23.964,1078,545,819,2,3.151,1
18.0549,9.184,1079,545,819,2,2.810,1
18.0688,13.969,1080,545,819,2,2.195,1
18.0963,27.446,1081,545,819,2,2.259,1
18.1029,6.622,1082,545,819,2,2.300,1
18.1206,17.736,1083,545,819,2,2.797,1
18.1414,20.813,1084,545,819,2,2.319,1
18.1553,13.886,1085,545,819,2,2.904,1
18.1713,15.935,1086,545,819,2,2.443,1
18.1878,16.554,1087,545,819,2,3.215,1
18.2157,27.851,1088,545,819,2,3.486,1
18.2286,12.885,1089,545,819,2,3.366,1
18.2481,19.505,1090,545,819,2,3.273,1
18.2550,6.968,1091,545,819,2,2.795,1
18.2690,14.019,1092,545,819,2,2.277,1
18.2877,18.699,1093,545,819,2,2.659,1
18.3027,14.956,1094,545,819,2,2.770,1
18.3207,17.991,1095,545,819,2,2.775,1
18.3359,15.163,1096,545,819,2,2.369,1
18.3572,21.300,1097,545,819,2,2.677,1
18.3700,12.868,1098,545,819,2,2.673,1
18.3963,26.303,1099,545,819,2,2.752,1
18.4040,7.708,1100,545,819,2,2.430,1
18.4212,17.127,1101,545,819,2,2.720,1
18.4358,14.683,1102,545,819,2,2.319,1
18.4545,18.644,1103,545,819,2,2.819,1
18.4801,25.575,1104,545,819,2,3.201,1
18.4904,10.352,1105,545,819,2,3.032,1
18.5184,27.987,1106,545,819,2,3.784,1
18.5273,8.932,1107,545,819,2,2.923,1
18.5453,17.939,1108,545,819,2,3.693,1
18.5697,24.411,1109,545,819,2,2.511,1
18.5765,6.806,1110,545,819,2,2.891,1
18.5930,16.466,1111,545,819,2,2.404,1
18.6108,17.811,1112,545,819,2,3.329,1
18.6400,29.263,1113,545,819,2,2.746,1
18.6527,12.679,1114,545,819,2,2.723,1
18.6753,22.605,1115,545,819,2,2.677,1
18.6886,13.257,1116,545,819,2,2.935,1
18.7015,12.898,1117,545,819,2,2.288,1
18.7211,19.661,1118,545,819,2,2.909,1
18.7356,14.479,1119,545,819,2,2.379,1
18.7527,17.089,1120,545,819,2,2.367,1
18.7676,14.863,1121,545,819,2,2.644,1
18.7844,16.807,1122,545,819,2,2.411,1
18.7991,14.714,1123,545,819,2,2.644,1
18.8158,16.694,1124,545,819,2,3.311,1
18.8313,15.502,1125,545,819,2,2.160,1
18.8484,17.084,1126,545,819,2,3.252,1
18.8630,14.623,1127,545,819,2,2.291,1
18.8799,16.916,1128,545,819,2,3.406,1
18.8934,13.475,1129,545,819,2,2.336,1
18.9074,14.002,1130,545,819,2,2.158,1
18.9243,16.896,1131,545,819,2,2.279,1
18.9393,15.034,1132,545,819,2,2.159,1
18.9652,25.873,1133,545,819,2,3.023,1
18.9942,29.059,1134,545,819,2,3.203,1
19.0085,14.235,1135,545,819,2,3.089,1
19.0162,7.742,1136,545,819,2,3.481,1
19.0308,14.563,1137,545,819,2,2.211,1
19.0558,25.040,1138,545,819,2,2.662,1
19.0619,6.131,1139,545,819,2,2.450,1
19.0884,26.443,1140,545,819,2,3.184,1
19.1007,12.322,1141,545,819,2,3.635,1
19.1054,4.659,1142,545,819,2,2.328,1
19.1241,18.714,1143,545,819,2,2.159,1
19.1491,25.012,1144,545,819,2,3.859,1
19.1654,16.306,1145,545,819,2,2.718,1
19.1715,6.086,1146,545,819,2,2.787,1
19.1881,16.606,1147,545,819,2,2.733,1
19.2025,14.434,1148,545,819,2,2.175,1
19.2214,18.857,1149,545,819,2,2.685,1
19.2356,14.249,1150,545,819,2,2.331,1
19.2548,19.181,1151,545,819,2,2.803,1
19.2695,14.674,1152,545,819,2,2.258,1
19.2904,20.911,1153,545,819,2,2.683,1
19.3027,12.292,1154,545,819,2,2.806,1
19.3295,26.810,1155,545,819,2,2.911,1
19.3478,18.344,1156,545,819,2,4.058,1
19.3552,7.359,1157,545,819,2,2.465,1
19.3755,20.276,1158,545,819,2,2.172,1
19.3884,12.921,1159,545,819,2,2.815,1
19.4059,17.501,1160,545,819,2,2.747,1
19.4216,15.699,1161,545,819,2,2.790,1
19.4480,26.393,1162,545,819,2,3.320,1
19.4553,7.307,1163,545,819,2,2.738,1
19.4693,14.030,1164,545,819,2,2.311,1
19.4908,21.473,1165,545,819,2,3.201,1
19.5085,17.732,1166,545,819,2,2.785,1
19.5380,29.462,1167,545,819,2,2.759,1
19.5507,12.676,1168,545,819,2,2.696,1
19.5596,8.921,1169,545,819,2,2.724,1
19.5724,12.818,1170,545,819,2,2.169,1
19.5986,26.135,1171,545,819,2,2.483,1
19.6080,9.465,1172,545,819,2,2.828,1
19.6211,13.089,1173,545,819,2,2.776,1
19.6489,27.799,1174,545,819,2,3.379,1
19.6547,5.776,1175,545,819,2,2.228,1
19.6690,14.349,1176,545,819,2,2.243,1
19.6869,17.837,1177,545,819,2,2.228,1
19.7021,15.224,1178,545,819,2,2.183,1
19.7298,27.740,1179,545,819,2,2.284,1
19.7474,17.588,1180,545,819,2,3.186,1
19.7555,8.108,1181,545,819,2,2.618,1
19.7700,14.455,1182,545,819,2,2.525,1
19.7975,27.499,1183,545,819,2,2.347,1
19.8033,5.836,1184,545,819,2,2.311,1
19.8330,29.631,1185,545,819,2,2.823,1
19.8430,10.006,1186,545,819,2,3.272,1
19.8543,11.334,1187,545,819,2,2.785,1
19.8780,23.674,1188,545,819,2,4.228,1
19.8985,20.491,1189,545,819,2,3.097,1
19.9125,14.056,1190,545,819,2,4.220,1
19.9212,8.730,1191,545,819,2,2.848,1
19.9355,14.266,1192,545,819,2,2.176,1
19.9533,17.793,1193,545,819,2,2.227,1
19.9688,15.522,1194,545,819,2,2.256,1
19.9871,18.322,1195,545,819,2,2.291,1
20.0038,16.678,1196,545,819,2,3.037,1
20.0213,17.439,1197,545,819,2,2.217,1
20.0502,28.967,1198,545,819,2,3.550,1
20.0643,14.054,1199,545,819,2,3.016,1
20.0704,6.084,1200,545,819,2,2.813,1
20.0979,27.581,1201,545,819,2,2.507,1
20.1036,5.646,1202,545,819,2,2.287,1
20.1212,17.568,1203,545,819,2,2.785,1
20.1425,21.334,1204,545,819,2,2.257,1
20.1667,24.183,1205,545,819,2,2.883,1
20.1789,12.171,1206,545,819,2,4.233,1
20.1989,20.026,1207,545,819,2,3.056,1
20.2143,15.397,1208,545,819,2,3.796,1
20.2216,7.315,1209,545,819,2,2.924,1
20.2361,14.485,1210,545,819,2,2.549,1
20.2636,27.477,1211,545,819,2,2.244,1
20.2696,6.057,1212,545,819,2,2.277,1
20.2878,18.213,1213,545,819,2,2.624,1
20.3024,14.570,1214,545,819,2,2.280,1
20.3209,18.469,1215,545,819,2,2.786,1
20.3501,29.222,1216,545,819,2,2.525,1
20.3614,11.366,1217,545,819,2,2.777,1
20.3699,8.471,1218,545,819,2,2.808,1
20.3886,18.653,1219,545,819,2,2.673,1
20.4030,14.404,1220,545,819,2,2.930,1
20.4349,31.969,1221,545,819,2,3.144,1
20.4534,18.428,1222,545,819,2,3.606,1
20.4682,14.874,1223,545,819,2,2.691,1
20.4861,17.877,1224,545,819,2,3.507,1
20.4940,7.912,1225,545,819,2,2.352,1
20.5139,19.821,1226,545,819,2,4.349,1
20.5387,24.849,1227,545,819,2,2.519,1
20.5466,7.899,1228,545,819,2,3.322,1
20.5618,15.238,1229,545,819,2,2.394,1
20.5775,15.632,1230,545,819,2,2.686,1
20.5921,14.610,1231,545,819,2,2.114,1
20.6069,14.834,1232,545,819,2,2.255,1
20.6237,16.797,1233,545,819,2,2.249,1
20.6389,15.208,1234,545,819,2,2.344,1
20.6861,47.129,1235,545,819,2,3.388,1
20.6966,10.532,1236,545,819,2,3.393,1
20.7071,10.491,1237,545,819,2,2.677,1
20.7229,15.857,1238,545,819,2,2.770,1
20.7370,14.020,1239,545,819,2,2.295,1
20.7537,16.725,1240,545,819,2,2.270,1
20.7680,14.347,1241,545,819,2,2.290,1
20.7853,17.321,1242,545,819,2,2.954,1
20.8002,14.826,1243,545,819,2,2.196,1
20.8261,25.918,1244,545,819,2,2.629,1
20.8416,15.559,1245,545,819,2,3.140,1
20.8566,14.992,1246,545,819,2,2.469,1
20.8722,15.536,1247,545,819,2,2.989,1
20.8806,8.455,1248,545,819,2,3.107,1
20.8939,13.244,1249,545,819,2,2.119,1
20.9084,14.512,1250,545,819,2,2.526,1
20.9241,15.704,1251,545,819,2,2.151,1
20.9405,16.381,1252,545,819,2,2.200,1
20.9573,16.864,1253,545,819,2,2.132,1
20.9730,15.684,1254,545,819,2,2.245,1
20.9905,17.458,1255,545,819,2,2.787,1
21.0073,16.780,1256,545,819,2,2.724,1
21.0291,21.802,1257,545,819,2,2.748,1
21.0399,10.868,1258,545,819,2,2.178,1
21.0591,19.208,1259,545,819,2,2.692,1
21.0740,14.845,1260,545,819,2,2.171,1
21.0915,17.525,1261,545,819,2,2.201,1
21.1097,18.152,1262,545,819,2,2.598,1
21.1236,13.912,1263,545,819,2,2.542,1
21.1399,16.330,1264,545,819,2,2.247,1
21.1572,17.325,1265,545,819,2,2.164,1
21.1998,42.603,1266,545,819,2,3.021,1
21.2154,15.579,1267,545,819,2,3.776,1
21.2268,11.394,1268,545,819,2,2.448,1
21.2336,6.839,1269,545,819,2,2.238,1
21.2515,17.883,1270,545,819,2,3.016,1
21.2648,13.285,1271,545,819,2,2.342,1
21.2827,17.863,1272,545,819,2,3.165,1
21.2948,12.157,1273,545,819,2,2.241,1
21.3151,20.308,1274,545,819,2,3.600,1
21.3361,20.919,1275,545,819,2,2.603,1
21.3534,17.319,1276,545,819,2,3.256,1
21.3662,12.856,1277,545,819,2,2.948,1
21.3801,13.851,1278,545,819,2,3.688,1
21.3906,10.552,1279,545,819,2,2.726,1
21.4069,16.312,1280,545,819,2,2.202,1
21.4232,16.223,1281,545,819,2,2.129,1
21.4401,16.894,1282,545,819,2,2.178,1
21.4563,16.263,1283,545,819,2,2.137,1
21.4874,31.052,1284,545,819,2,3.866,1
21.4946,7.248,1285,545,819,2,2.566,1
21.5145,19.892,1286,545,819,2,3.430,1
21.5302,15.678,1287,545,819,2,2.695,1
21.5476,17.439,1288,545,819,2,3.239,1
21.5616,13.992,1289,545,819,2,2.145,1
21.5760,14.369,1290,545,819,2,2.563,1
21.5930,16.975,1291,545,819,2,2.139,1
21.6072,14.212,1292,545,819,2,2.212,1
21.6235,16.286,1293,545,819,2,2.152,1
21.6402,16.737,1294,545,819,2,2.212,1
21.6677,27.531,1295,545,819,2,2.520,1
21.6749,7.189,1296,545,819,2,2.945,1
21.6908,15.848,1297,545,819,2,2.612,1
21.7068,16.072,1298,545,819,2,2.741,1
21.7334,26.527,1299,545,819,2,2.173,1
21.7414,7.984,1300,545,819,2,2.194,1
21.7638,22.405,1301,545,819,2,3.124,1
21.7739,10.143,1302,545,819,2,2.220,1
21.8001,26.182,1303,545,819,2,2.115,1
21.8090,8.905,1304,545,819,2,2.418,1
21.8235,14.472,1305,545,819,2,2.182,1
21.8450,21.522,1306,545,819,2,2.623,1
21.8578,12.838,1307,545,819,2,2.116,1
21.8735,15.644,1308,545,819,2,2.182,1
21.8899,16.422,1309,545,819,2,2.267,1
21.9067,16.803,1310,545,819,2,2.191,1
21.9236,16.875,1311,545,819,2,2.782,1
21.9398,16.224,1312,545,819,2,2.183,1
21.9634,23.628,1313,545,819,2,2.996,1
21.9742,10.798,1314,545,819,2,2.727,1
21.9908,16.595,1315,545,819,2,2.673,1
22.0069,16.115,1316,545,819,2,2.621,1
22.0249,18.008,1317,545,819,2,2.739,1
22.0398,14.882,1318,545,819,2,2.216,1
22.0570,17.191,1319,545,819,2,2.218,1
22.0736,16.610,1320,545,819,2,2.242,1
22.0898,16.193,1321,545,819,2,2.132,1
22.1191,29.328,1322,545,819,2,2.693,1
22.1339,14.720,1323,545,819,2,2.348,1
22.1541,20.214,1324,545,819,2,2.422,1
22.1600,5.939,1325,545,819,2,2.612,1
22.1746,14.561,1326,545,819,2,2.745,1
22.1907,16.145,1327,545,819,2,2.648,1
22.2068,16.050,1328,545,819,2,2.182,1
22.2231,16.356,1329,545,819,2,2.153,1
22.2409,17.791,1330,545,819,2,2.186,1
22.2585,17.555,1331,545,819,2,2.329,1
22.2738,15.361,1332,545,819,2,2.356,1
22.2901,16.256,1333,545,819,2,2.316,1
22.3067,16.629,1334,545,819,2,2.212,1
22.3237,16.940,1335,545,819,2,2.170,1
22.3441,20.453,1336,545,819,2,2.881,1
22.3582,14.098,1337,545,819,2,2.150,1
22.3736,15.422,1338,545,819,2,2.302,1
22.3903,16.711,1339,545,819,2,2.156,1
22.4186,28.299,1340,545,819,2,3.322,1
22.4255,6.877,1341,545,819,2,2.819,1
22.4652,39.671,1342,545,819,2,3.236,1
22.4773,12.095,1343,545,819,2,3.002,1
22.4882,10.871,1344,545,819,2,3.360,1
22.5074,19.245,1345,545,819,2,3.146,1
22.5392,31.757,1346,545,819,2,3.173,1
22.5554,16.210,1347,545,819,2,3.182,1
22.5670,11.632,1348,545,819,2,3.907,1
22.5751,8.123,1349,545,819,2,2.251,1
22.5914,16.253,1350,545,819,2,2.636,1
22.6087,17.291,1351,545,819,2,2.187,1
22.6229,14.264,1352,545,819,2,2.780,1
22.6369,13.948,1353,545,819,2,2.348,1
22.6546,17.701,1354,545,819,2,2.915,1
22.6693,14.740,1355,545,819,2,2.394,1
22.6885,19.137,1356,545,819,2,2.790,1
22.7029,14.446,1357,545,819,2,2.265,1
22.7284,25.488,1358,545,819,2,2.748,1
22.7438,15.432,1359,545,819,2,3.303,1
22.7564,12.626,1360,545,819,2,2.861,1
22.7744,17.980,1361,545,819,2,2.938,1
22.7818,7.322,1362,545,819,2,3.113,1
22.7989,17.107,1363,545,819,2,2.428,1
22.8152,16.371,1364,545,819,2,3.347,1
22.8298,14.578,1365,545,819,2,2.118,1
22.8544,24.614,1366,545,819,2,2.859,1
22.8608,6.383,1367,545,819,2,2.108,1
22.8760,15.179,1368,545,819,2,2.409,1
22.8916,15.639,1369,545,819,2,2.134,1
22.9101,18.524,1370,545,819,2,3.224,1
22.9254,15.226,1371,545,819,2,2.606,1
22.9421,16.721,1372,545,819,2,2.422,1
22.9586,16.487,1373,545,819,2,2.624,1
22.9785,19.887,1374,545,819,2,3.078,1
22.9918,13.377,1375,545,819,2,2.123,1
23.0092,17.316,1376,545,819,2,2.360,1
23.0260,16.844,1377,545,819,2,2.193,1
23.0424,16.348,1378,545,819,2,2.537,1
23.0589,16.589,1379,545,819,2,2.179,1
23.0867,27.758,1380,545,819,2,2.678,1
23.0926,5.854,1381,545,819,2,2.113,1
23.1087,16.122,1382,545,819,2,2.571,1
23.1246,15.882,1383,545,819,2,2.148,1
23.1420,17.429,1384,545,819,2,2.418,1
23.1585,16.537,1385,545,819,2,2.622,1
23.1761,17.622,1386,545,819,2,2.366,1
23.1933,17.138,1387,545,819,2,2.756,1
23.2087,15.369,1388,545,819,2,2.319,1
23.2341,25.427,1389,545,819,2,2.319,1
23.2424,8.350,1390,545,819,2,2.392,1
23.2697,27.265,1391,545,819,2,2.312,1
23.2884,18.684,1392,545,819,2,2.792,1
23.2969,8.507,1393,545,819,2,2.406,1
23.3095,12.661,1394,545,819,2,3.027,1
23.3256,16.095,1395,545,819,2,2.159,1
23.3432,17.559,1396,545,819,2,3.146,1
23.3585,15.299,1397,545,819,2,2.150,1
23.3754,16.882,1398,545,819,2,2.428,1
23.3928,17.412,1399,545,819,2,2.616,1
23.4101,17.347,1400,545,819,2,2.626,1
23.4251,14.985,1401,545,819,2,2.577,1
23.4453,20.203,1402,545,819,2,2.958,1
23.4606,15.314,1403,545,819,2,2.261,1
23.4902,29.572,1404,545,819,2,3.830,1
23.5020,11.767,1405,545,819,2,4.354,1
23.5260,24.065,1406,545,819,2,2.657,1
23.5429,16.894,1407,545,819,2,2.604,1
23.5588,15.825,1408,545,819,2,2.142,1
23.5748,16.037,1409,545,819,2,2.406,1
23.5914,16.560,1410,545,819,2,2.188,1
23.6078,16.465,1411,545,819,2,2.236,1
23.6227,14.858,1412,545,819,2,2.822,1
23.6489,26.256,1413,545,819,2,4.260,1
23.6629,13.948,1414,545,819,2,2.403,1
23.6700,7.127,1415,545,819,2,2.385,1
23.6885,18.470,1416,545,819,2,2.239,1
23.7003,11.829,1417,545,819,2,2.663,1
23.7204,20.134,1418,545,819,2,2.926,1
23.7321,11.700,1419,545,819,2,2.907,1
23.7526,20.468,1420,545,819,2,3.180,1
23.7740,21.404,1421,545,819,2,2.495,1
23.7815,7.496,1422,545,819,2,3.374,1
23.8118,30.240,1423,545,819,2,3.836,1
23.8247,12.960,1424,545,819,2,3.519,1
23.8315,6.739,1425,545,819,2,2.794,1
23.8602,28.736,1426,545,819,2,3.153,1
23.8665,6.262,1427,545,819,2,2.812,1
23.8924,25.985,1428,545,819,2,2.513,1
23.9014,8.915,1429,545,819,2,2.844,1
23.9113,9.951,1430,545,819,2,2.665,1
23.9380,26.713,1431,545,819,2,2.604,1
23.9546,16.631,1432,545,819,2,3.088,1
23.9705,15.833,1433,545,819,2,2.969,1
23.9783,7.844,1434,545,819,2,3.184,1
23.9973,19.011,1435,545,819,2,2.673,1
24.0217,24.373,1436,545,819,2,3.109,1
24.0414,19.645,1437,545,819,2,3.035,1
24.0500,8.672,1438,545,819,2,3.650,1
24.0634,13.333,1439,545,819,2,2.464,1
24.0783,14.961,1440,545,819,2,3.270,1
24.0936,15.259,1441,545,819,2,2.152,1
24.1098,16.200,1442,545,819,2,2.744,1
24.1356,25.821,1443,545,819,2,2.474,1
24.1464,10.800,1444,545,819,2,4.173,1
24.1677,21.291,1445,545,819,2,3.442,1
24.1886,20.947,1446,545,819,2,3.784,1
24.2142,25.561,1447,545,819,2,5.134,1
24.2237,9.477,1448,545,819,2,3.311,1
24.2406,16.927,1449,545,819,2,2.561,1
24.2595,18.862,1450,545,819,2,2.210,1
24.2764,16.913,1451,545,819,2,2.533,1
24.2935,17.156,1452,545,819,2,2.773,1
24.3065,12.935,1453,545,819,2,2.207,1
24.3248,18.290,1454,545,819,2,2.636,1
24.3395,14.769,1455,545,819,2,2.634,1
24.3567,17.150,1456,545,819,2,2.219,1
24.3886,31.967,1457,545,819,2,2.562,1
24.3962,7.561,1458,545,819,2,2.188,1
24.4184,22.209,1459,545,819,2,3.821,1
24.4340,15.572,1460,545,819,2,3.332,1
24.4402,6.240,1461,545,819,2,2.781,1
24.4567,16.474,1462,545,819,2,2.700,1
24.4711,14.417,1463,545,819,2,2.938,1
24.4906,19.515,1464,545,819,2,3.104,1
24.5192,28.530,1465,545,819,2,3.508,1
24.5259,6.741,1466,545,819,2,2.917,1
24.5397,13.756,1467,545,819,2,2.771,1
24.5559,16.199,1468,545,819,2,2.237,1
24.5713,15.415,1469,545,819,2,2.907,1
24.5862,14.934,1470,545,819,2,2.380,1
24.6001,13.933,1471,545,819,2,2.458,1
24.6255,25.398,1472,545,819,2,3.039,1
24.6417,16.115,1473,545,819,2,3.000,1
24.6512,9.521,1474,545,819,2,3.546,1
24.6811,29.884,1475,545,819,2,3.567,1
24.6912,10.177,1476,545,819,2,3.552,1
24.7084,17.119,1477,545,819,2,2.571,1
24.7239,15.589,1478,545,819,2,3.295,1
24.7404,16.448,1479,545,819,2,2.410,1
24.7481,7.740,1480,545,819,2,2.968,1
24.7617,13.603,1481,545,819,2,2.176,1
24.7768,15.100,1482,545,819,2,2.739,1
24.7964,19.577,1483,545,819,2,2.211,1
24.8113,14.933,1484,545,819,2,2.861,1
24.8286,17.293,1485,545,819,2,2.381,1
24.8458,17.154,1486,545,819,2,3.046,1
24.8621,16.289,1487,545,819,2,2.218,1
24.8802,18.128,1488,545,819,2,3.561,1
24.8939,13.686,1489,545,819,2,2.161,1
24.9094,15.540,1490,545,819,2,2.473,1
24.9383,28.837,1491,545,819,2,2.992,1
24.9563,18.060,1492,545,819,2,2.805,1
24.9639,7.605,1493,545,819,2,2.160,1
24.9881,24.173,1494,545,819,2,2.436,1
24.9948,6.683,1495,545,819,2,2.168,1
25.0163,21.502,1496,545,819,2,2.481,1
25.0261,9.836,1497,545,819,2,2.189,1
25.0441,17.966,1498,545,819,2,2.416,1
25.0614,17.342,1499,545,819,2,2.664,1
25.0894,27.925,1500,545,819,2,2.890,1
25.1093,19.890,1501,545,819,2,3.693,1
25.1199,10.689,1502,545,819,2,4.117,1
25.1292,9.273,1503,545,819,2,2.684,1
25.1452,15.947,1504,545,819,2,3.456,1
25.1607,15.528,1505,545,819,2,2.248,1
25.1889,28.217,1506,545,819,2,5.849,1
25.2040,15.050,1507,545,819,2,4.049,1
25.2181,14.127,1508,545,819,2,3.212,1
25.2319,13.817,1509,545,819,2,2.155,1
25.2492,17.331,1510,545,819,2,3.197,1
25.2608,11.598,1511,545,819,2,2.268,1
25.2778,16.969,1512,545,819,2,2.675,1
25.2930,15.158,1513,545,819,2,2.248,1
25.3103,17.311,1514,545,819,2,2.538,1
25.3424,32.085,1515,545,819,2,2.820,1
25.3618,19.463,1516,545,819,2,3.416,1
25.3731,11.253,1517,545,819,2,3.019,1
25.3952,22.083,1518,545,819,2,2.870,1
25.4177,22.554,1519,545,819,2,4.775,1
25.4276,9.914,1520,545,819,2,3.280,1
25.4515,23.871,1521,545,819,2,4.801,1
25.4660,14.510,1522,545,819,2,2.805,1
25.4852,19.234,1523,545,819,2,5.022,1
25.4965,11.271,1524,545,819,2,3.242,1
25.5153,18.763,1525,545,819,2,3.868,1
25.5323,16.984,1526,545,819,2,2.328,1
25.5567,24.479,1527,545,819,2,2.474,1
25.5685,11.717,1528,545,819,2,2.832,1
25.5880,19.506,1529,545,819,2,2.961,1
25.6204,32.440,1530,545,819,2,3.094,1
25.6413,20.920,1531,545,819,2,5.977,1
25.6650,23.657,1532,545,819,2,4.182,1
25.6820,16.994,1533,545,819,2,3.883,1
25.7109,28.895,1534,545,819,2,5.616,1
25.7413,30.402,1535,545,819,2,4.291,1
25.7513,10.078,1536,545,819,2,4.301,1
25.7661,14.727,1537,545,819,2,2.195,1
25.7949,28.869,1538,545,819,2,4.813,1
25.8069,11.969,1539,545,819,2,2.293,1
25.8246,17.728,1540,545,819,2,2.742,1
25.8429,18.230,1541,545,819,2,2.674,1
25.8697,26.852,1542,545,819,2,3.296,1
25.8869,17.142,1543,545,819,2,3.104,1
25.9053,18.417,1544,545,819,2,5.817,1
25.9169,11.661,1545,545,819,2,4.343,1
25.9261,9.199,1546,545,819,2,2.393,1
25.9429,16.743,1547,545,819,2,2.368,1
25.9588,15.936,1548,545,819,2,2.136,1
25.9733,14.436,1549,545,819,2,2.281,1
25.9904,17.147,1550,545,819,2,2.803,1
26.0040,13.625,1551,545,819,2,2.574,1
26.0230,18.943,1552,545,819,2,2.670,1
26.0435,20.570,1553,545,819,2,3.068,1
26.0559,12.328,1554,545,819,2,2.321,1
26.0700,14.119,1555,545,819,2,2.909,1
26.0900,19.977,1556,545,819,2,2.417,1
26.1029,12.929,1557,545,819,2,2.888,1
26.1205,17.627,1558,545,819,2,2.606,1
26.1470,26.527,1559,545,819,2,3.671,1
26.1559,8.898,1560,545,819,2,2.278,1
26.1787,22.724,1561,545,819,2,3.754,1
26.1944,15.712,1562,545,819,2,2.655,1
26.2082,13.795,1563,545,819,2,2.286,1
26.2346,26.421,1564,545,819,2,2.539,1
26.2409,6.296,1565,545,819,2,2.214,1
26.2652,24.284,1566,545,819,2,2.342,1
26.2822,17.013,1567,545,819,2,3.465,1
26.2909,8.736,1568,545,819,2,3.215,1
26.3186,27.690,1569,545,819,2,3.882,1
26.3273,8.664,1570,545,819,2,3.869,1
26.3511,23.799,1571,545,819,2,3.872,1
26.3600,8.896,1572,545,819,2,2.195,1
26.3868,26.805,1573,545,819,2,2.714,1
26.3927,5.877,1574,545,819,2,2.186,1
26.4223,29.661,1575,545,819,2,3.004,1
26.4398,17.443,1576,545,819,2,3.770,1
26.4546,14.816,1577,545,819,2,4.494,1
26.4688,14.196,1578,545,819,2,2.957,1
26.4799,11.084,1579,545,819,2,2.601,1
26.5006,20.766,1580,545,819,2,2.382,1
26.5203,19.660,1581,545,819,2,3.517,1
26.5323,12.059,1582,545,819,2,2.149,1
26.5582,25.833,1583,545,819,2,2.320,1
26.5634,5.244,1584,545,819,2,2.165,1
26.5800,16.604,1585,545,819,2,3.071,1
26.5948,14.740,1586,545,819,2,2.668,1
26.6097,14.947,1587,545,819,2,2.473,1
26.6266,16.894,1588,545,819,2,2.145,1
26.6418,15.213,1589,545,819,2,2.369,1
26.6583,16.455,1590,545,819,2,2.685,1
26.6724,14.125,1591,545,819,2,2.349,1
26.6895,17.137,1592,545,819,2,2.861,1
26.7030,13.422,1593,545,819,2,2.896,1
26.7205,17.535,1594,545,819,2,2.965,1
26.7341,13.613,1595,545,819,2,2.147,1
26.7592,25.130,1596,545,819,2,3.022,1
26.7678,8.585,1597,545,819,2,2.758,1
26.7951,27.270,1598,545,819,2,2.348,1
26.8017,6.655,1599,545,819,2,2.732,1
26.8205,18.752,1600,545,819,2,3.572,1
26.8339,13.409,1601,545,819,2,2.572,1
26.8525,18.549,1602,545,819,2,3.131,1
26.8674,14.933,1603,545,819,2,2.733,1
26.8861,18.685,1604,545,819,2,2.875,1
26.9000,13.944,1605,545,819,2,2.153,1
26.9196,19.611,1606,545,819,2,3.194,1
26.9331,13.484,1607,545,819,2,2.168,1
26.9524,19.247,1608,545,819,2,2.567,1
26.9788,26.403,1609,545,819,2,2.468,1
26.9864,7.592,1610,545,819,2,2.897,1
26.9995,13.116,1611,545,819,2,2.142,1
27.0209,21.438,1612,545,819,2,3.451,1
27.0377,16.796,1613,545,819,2,2.946,1
27.0530,15.328,1614,545,819,2,2.738,1
27.0668,13.756,1615,545,819,2,2.311,1
27.0858,19.031,1616,545,819,2,2.535,1
27.1007,14.891,1617,545,819,2,2.670,1
27.1191,18.349,1618,545,819,2,2.897,1
27.1351,16.035,1619,545,819,2,2.994,1
27.1542,19.134,1620,545,819,2,3.495,1
27.1678,13.564,1621,545,819,2,2.173,1
27.1889,21.104,1622,545,819,2,2.649,1
27.1996,10.731,1623,545,819,2,2.152,1
27.2180,18.421,1624,545,819,2,2.248,1
27.2329,14.866,1625,545,819,2,2.190,1
27.2528,19.871,1626,545,819,2,3.137,1
27.2756,22.780,1627,545,819,2,2.184,1
27.2877,12.177,1628,545,819,2,3.668,1
27.3126,24.864,1629,545,819,2,3.048,1
27.3198,7.235,1630,545,819,2,3.003,1
27.3444,24.530,1631,545,819,2,2.406,1
27.3535,9.163,1632,545,819,2,3.164,1
27.3673,13.753,1633,545,819,2,2.659,1
27.3857,18.388,1634,545,819,2,3.212,1
27.3997,14.038,1635,545,819,2,2.119,1
27.4193,19.576,1636,545,819,2,2.797,1
27.4430,23.709,1637,545,819,2,2.435,1
27.4533,10.339,1638,545,819,2,2.622,1
27.4787,25.383,1639,545,819,2,2.589,1
27.4884,9.645,1640,545,819,2,3.247,1
27.5207,32.317,1641,545,819,2,3.108,1
27.5270,6.299,1642,545,819,2,2.676,1
27.5417,14.754,1643,545,819,2,2.215,1
27.5593,17.556,1644,545,819,2,2.720,1
27.5743,15.002,1645,545,819,2,2.873,1
27.5903,16.003,1646,545,819,2,2.817,1
27.6038,13.497,1647,545,819,2,3.049,1
27.6204,16.583,1648,545,819,2,2.885,1
27.6333,12.965,1649,545,819,2,2.164,1
27.6543,20.921,1650,545,819,2,3.031,1
27.6663,12.060,1651,545,819,2,2.154,1
27.6864,20.110,1652,545,819,2,2.766,1
27.7002,13.769,1653,545,819,2,2.165,1
27.7191,18.868,1654,545,819,2,2.532,1
27.7343,15.240,1655,545,819,2,2.370,1
27.7526,18.268,1656,545,819,2,2.579,1
27.7664,13.802,1657,545,819,2,2.303,1
27.7851,18.682,1658,545,819,2,2.235,1
27.7998,14.776,1659,545,819,2,2.161,1
27.8186,18.745,1660,545,819,2,2.473,1
27.8332,14.640,1661,545,819,2,2.153,1
27.8605,27.328,1662,545,819,2,2.554,1
27.8676,7.029,1663,545,819,2,2.694,1
27.8862,18.642,1664,545,819,2,3.096,1
27.8995,13.275,1665,545,819,2,2.127,1
27.9248,25.347,1666,545,819,2,2.690,1
27.9329,8.082,1667,545,819,2,2.122,1
27.9532,20.321,1668,545,819,2,2.727,1
27.9667,13.496,1669,545,819,2,2.159,1
27.9876,20.893,1670,545,819,2,2.551,1
28.0008,13.196,1671,545,819,2,2.593,1
28.0189,18.117,1672,545,819,2,3.001,1
28.0332,14.286,1673,545,819,2,2.410,1
28.0524,19.132,1674,545,819,2,2.226,1
28.0667,14.313,1675,545,819,2,2.152,1
28.0942,27.531,1676,545,819,2,2.161,1
28.1001,5.876,1677,545,819,2,2.135,1
28.1186,18.493,1678,545,819,2,2.246,1
28.1428,24.229,1679,545,819,2,2.418,1
28.1627,19.931,1680,545,819,2,2.966,1
28.1786,15.831,1681,545,819,2,3.034,1
28.1863,7.751,1682,545,819,2,2.938,1
28.2004,14.071,1683,545,819,2,2.625,1
28.2191,18.679,1684,545,819,2,2.717,1
28.2331,14.026,1685,545,819,2,2.402,1
28.2529,19.804,1686,545,819,2,3.079,1
28.2670,14.127,1687,545,819,2,2.836,1
28.2966,29.550,1688,545,819,2,3.082,1
28.3128,16.258,1689,545,819,2,3.609,1
28.3208,7.959,1690,545,819,2,3.258,1
28.3334,12.657,1691,545,819,2,2.167,1
28.3520,18.601,1692,545,819,2,2.592,1
28.3662,14.159,1693,545,819,2,2.139,1
28.3855,19.335,1694,545,819,2,2.848,1
28.4022,16.672,1695,545,819,2,2.765,1
28.4193,17.132,1696,545,819,2,2.862,1
28.4344,15.094,1697,545,819,2,2.651,1
28.4515,17.109,1698,545,819,2,2.447,1
28.4775,25.965,1699,545,819,2,2.523,1
28.4892,11.712,1700,545,819,2,3.557,1
28.5112,22.006,1701,545,819,2,3.374,1
28.5319,20.699,1702,545,819,2,2.409,1
28.5506,18.628,1703,545,819,2,3.276,1
28.5753,24.757,1704,545,819,2,2.630,1
28.5869,11.544,1705,545,819,2,3.418,1
28.5945,7.634,1706,545,819,2,2.189,1
28.6099,15.425,1707,545,819,2,2.649,1
28.6264,16.438,1708,545,819,2,2.168,1
28.6419,15.530,1709,545,819,2,2.838,1
28.6576,15.744,1710,545,819,2,2.262,1
28.6715,13.826,1711,545,819,2,2.893,1
28.6881,16.664,1712,545,819,2,2.785,1
28.7013,13.163,1713,545,819,2,2.372,1
28.7199,18.621,1714,545,819,2,3.008,1
28.7333,13.368,1715,545,819,2,2.224,1
28.7540,20.769,1716,545,819,2,3.406,1
28.7686,14.594,1717,545,819,2,2.360,1
28.7869,18.296,1718,545,819,2,2.712,1
28.8016,14.638,1719,545,819,2,2.395,1
28.8198,18.237,1720,545,819,2,2.562,1
28.8348,14.950,1721,545,819,2,2.403,1
28.8543,19.520,1722,545,819,2,2.977,1
28.8690,14.741,1723,545,819,2,3.077,1
28.8992,30.227,1724,545,819,2,2.494,1
28.9069,7.674,1725,545,819,2,2.738,1
28.9248,17.922,1726,545,819,2,2.559,1
28.9561,31.281,1727,545,819,2,4.563,1
28.9817,25.628,1728,545,819,2,3.937,1
28.9920,10.217,1729,545,819,2,2.570,1
29.0015,9.499,1730,545,819,2,2.251,1
29.0194,17.965,1731,545,819,2,2.990,1
29.0342,14.741,1732,545,819,2,2.429,1
29.0525,18.282,1733,545,819,2,2.764,1
29.0809,28.486,1734,545,819,2,4.545,1
29.1034,22.425,1735,545,819,2,2.787,1
29.1100,6.652,1736,545,819,2,2.657,1
29.1368,26.808,1737,545,819,2,2.724,1
29.1431,6.316,1738,545,819,2,2.474,1
29.1607,17.553,1739,545,819,2,2.217,1
29.1781,17.430,1740,545,819,2,2.857,1
29.1951,16.982,1741,545,819,2,2.342,1
29.2124,17.284,1742,545,819,2,2.929,1
29.2277,15.275,1743,545,819,2,2.738,1
29.2491,21.399,1744,545,819,2,3.328,1
29.2734,24.335,1745,545,819,2,3.064,1
29.2881,14.705,1746,545,819,2,3.949,1
29.3055,17.367,1747,545,819,2,3.627,1
29.3211,15.596,1748,545,819,2,3.767,1
29.3290,7.925,1749,545,819,2,2.796,1
29.3449,15.942,1750,545,819,2,2.561,1
29.3628,17.887,1751,545,819,2,2.796,1
29.3796,16.738,1752,545,819,2,2.605,1
29.3940,14.466,1753,545,819,2,2.196,1
29.4299,35.893,1754,545,819,2,2.681,1
29.4467,16.813,1755,545,819,2,3.500,1
29.4618,15.097,1756,545,819,2,2.888,1
29.4728,10.970,1757,545,819,2,4.405,1
29.4827,9.895,1758,545,819,2,3.240,1
29.5018,19.151,1759,545,819,2,2.437,1
29.5235,21.640,1760,545,819,2,3.642,1
29.5437,20.216,1761,545,819,2,3.395,1
29.5613,17.640,1762,545,819,2,2.296,1
29.5849,23.573,1763,545,819,2,2.384,1
29.6097,24.809,1764,545,819,2,2.565,1
29.6253,15.602,1765,545,819,2,2.605,1
29.6433,17.963,1766,545,819,2,3.582,1
29.6621,18.859,1767,545,819,2,2.322,1
29.6806,18.508,1768,545,819,2,3.668,1
29.6916,10.998,1769,545,819,2,3.710,1
29.6990,7.380,1770,545,819,2,2.142,1
29.7177,18.657,1771,545,819,2,2.385,1
29.7426,24.890,1772,545,819,2,3.298,1
29.7583,15.691,1773,545,819,2,2.907,1
29.7749,16.611,1774,545,819,2,3.078,1
29.7917,16.826,1775,545,819,2,2.637,1
29.8090,17.308,1776,545,819,2,3.347,1
29.8264,17.344,1777,545,819,2,3.001,1
29.8373,10.947,1778,545,819,2,3.478,1
29.8557,18.383,1779,545,819,2,2.607,1
29.8660,10.340,1780,545,819,2,2.692,1
29.8834,17.377,1781,545,819,2,2.623,1
29.9022,18.814,1782,545,819,2,2.802,1
29.9151,12.883,1783,545,819,2,3.181,1
29.9358,20.674,1784,545,819,2,2.360,1
29.9601,24.304,1785,545,819,2,2.901,1
29.9759,15.782,1786,545,819,2,4.335,1
29.9942,18.373,1787,545,819,2,2.603,1
30.0034,9.171,1788,545,819,2,2.904,1
30.0150,11.564,1789,545,819,2,3.226,1
30.0306,15.610,1790,545,819,2,2.709,1
30.0489,18.342,1791,545,819,2,3.104,1
30.0628,13.832,1792,545,819,2,2.167,1
30.0800,17.286,1793,545,819,2,3.053,1
30.0961,16.049,1794,545,819,2,2.235,1
30.1125,16.443,1795,545,819,2,2.751,1
30.1294,16.883,1796,545,819,2,2.708,1
30.1603,30.906,1797,545,819,2,3.412,1
30.1720,11.644,1798,545,819,2,2.496,1
30.1889,16.892,1799,545,819,2,3.465,1
30.1969,8.076,1800,545,819,2,2.198,1
30.2196,22.681,1801,545,819,2,2.906,1
30.2301,10.454,1802,545,819,2,2.170,1
30.2475,17.404,1803,545,819,2,2.921,1
30.2734,25.964,1804,545,819,2,3.200,1
30.2912,17.802,1805,545,819,2,3.404,1
30.3111,19.889,1806,545,819,2,3.216,1
30.3196,8.482,1807,545,819,2,3.149,1
30.3345,14.848,1808,545,819,2,2.313,1
30.3519,17.475,1809,545,819,2,2.816,1
30.3661,14.208,1810,545,819,2,2.342,1
30.3929,26.742,1811,545,819,2,3.717,1
30.3980,5.095,1812,545,819,2,2.318,1
30.4186,20.607,1813,545,819,2,2.871,1
30.4316,13.026,1814,545,819,2,2.630,1
30.4497,18.104,1815,545,819,2,2.574,1
30.4643,14.629,1816,545,819,2,2.247,1
30.4834,19.011,1817,545,819,2,3.560,1
30.5188,35.442,1818,545,819,2,4.748,1
30.5274,8.623,1819,545,819,2,3.101,1
30.5463,18.904,1820,545,819,2,3.147,1
30.5625,16.161,1821,545,819,2,2.279,1
30.5837,21.255,1822,545,819,2,3.232,1
30.6221,38.388,1823,545,819,2,4.388,1
30.6386,16.459,1824,545,819,2,3.629,1
30.6468,8.232,1825,545,819,2,3.995,1
30.6763,29.517,1826,545,819,2,2.837,1
30.6903,13.947,1827,545,819,2,3.356,1
30.6993,9.054,1828,545,819,2,2.472,1
30.7259,26.569,1829,545,819,2,4.628,1
30.7441,18.240,1830,545,819,2,3.129,1
30.7646,20.447,1831,545,819,2,2.806,1
30.7839,19.341,1832,545,819,2,2.843,1
30.8024,18.472,1833,545,819,2,2.629,1
30.8334,30.949,1834,545,819,2,2.703,1
30.8526,19.205,1835,545,819,2,5.123,1
30.8601,7.548,1836,545,819,2,2.601,1
30.8801,19.997,1837,545,819,2,2.810,1
30.9091,29.038,1838,545,819,2,4.008,1
30.9223,13.190,1839,545,819,2,4.077,1
30.9298,7.488,1840,545,819,2,2.378,1
30.9489,19.052,1841,545,819,2,3.441,1
30.9636,14.725,1842,545,819,2,2.272,1
30.9828,19.190,1843,545,819,2,3.166,1
31.0117,28.893,1844,545,819,2,4.152,1
31.0296,17.899,1845,545,819,2,2.486,1
31.0440,14.429,1846,545,819,2,2.851,1
31.0568,12.807,1847,545,819,2,2.763,1
31.0737,16.860,1848,545,819,2,2.588,1
31.0926,18.940,1849,545,819,2,2.931,1
31.1100,17.344,1850,545,819,2,3.422,1
31.1282,18.245,1851,545,819,2,2.898,1
31.1476,19.430,1852,545,819,2,3.535,1
31.1785,30.852,1853,545,819,2,4.069,1
31.1883,9.846,1854,545,819,2,2.478,1
31.2012,12.829,1855,545,819,2,2.371,1
31.2187,17.527,1856,545,819,2,2.504,1
31.2340,15.316,1857,545,819,2,2.274,1
31.2580,24.041,1858,545,819,2,3.568,1
31.2682,10.155,1859,545,819,2,2.195,1
31.2956,27.350,1860,545,819,2,3.477,1
31.3025,6.956,1861,545,819,2,2.343,1
31.3219,19.367,1862,545,819,2,3.776,1
31.3385,16.666,1863,545,819,2,2.498,1
31.3751,36.518,1864,545,819,2,3.144,1
31.3854,10.337,1865,545,819,2,2.524,1
31.4075,22.074,1866,545,819,2,3.645,1
31.4238,16.356,1867,545,819,2,3.347,1
31.4304,6.584,1868,545,819,2,2.179,1
31.4486,18.203,1869,545,819,2,3.079,1
31.4641,15.511,1870,545,819,2,2.824,1
31.4835,19.343,1871,545,819,2,3.633,1
31.5057,22.280,1872,545,819,2,3.201,1
31.5425,36.773,1873,545,819,2,4.073,1
31.5543,11.734,1874,545,819,2,3.430,1
31.5698,15.526,1875,545,819,2,2.445,1
31.5882,18.385,1876,545,819,2,2.322,1
31.6032,15.049,1877,545,819,2,2.842,1
31.6216,18.411,1878,545,819,2,2.322,1
31.6358,14.170,1879,545,819,2,2.352,1
31.6548,19.009,1880,545,819,2,3.072,1
31.6721,17.291,1881,545,819,2,2.461,1
31.6942,22.129,1882,545,819,2,3.363,1
31.7201,25.875,1883,545,819,2,2.730,1
31.7380,17.882,1884,545,819,2,3.426,1
31.7570,19.019,1885,545,819,2,2.881,1
31.7636,6.650,1886,545,819,2,2.241,1
31.7832,19.514,1887,545,819,2,3.549,1
31.7982,15.047,1888,545,819,2,2.267,1
31.8164,18.152,1889,545,819,2,2.852,1
31.8333,16.968,1890,545,819,2,2.457,1
31.8603,26.977,1891,545,819,2,4.128,1
31.8801,19.806,1892,545,819,2,3.878,1
31.8908,10.676,1893,545,819,2,2.696,1
31.9027,11.887,1894,545,819,2,2.301,1
31.9205,17.831,1895,545,819,2,3.138,1
31.9468,26.258,1896,545,819,2,3.900,1
31.9649,18.161,1897,545,819,2,2.426,1
31.9855,20.616,1898,545,819,2,3.723,1
32.0031,17.603,1899,545,819,2,2.793,1
32.0157,12.586,1900,545,819,2,3.391,1
32.0277,11.931,1901,545,819,2,3.072,1
32.0465,18.793,1902,545,819,2,3.649,1
32.0786,32.111,1903,545,819,2,3.742,1
32.0899,11.356,1904,545,819,2,2.965,1
32.1076,17.710,1905,545,819,2,2.451,1
32.1263,18.646,1906,545,819,2,3.779,1
32.1403,14.033,1907,545,819,2,2.711,1
32.1676,27.334,1908,545,819,2,2.379,1
32.1761,8.448,1909,545,819,2,3.173,1
32.1931,17.029,1910,545,819,2,2.979,1
32.2096,16.440,1911,545,819,2,3.447,1
32.2284,18.828,1912,545,819,2,2.314,1
32.2475,19.135,1913,545,819,2,3.053,1
32.2754,27.907,1914,545,819,2,3.041,1
32.2858,10.389,1915,545,819,2,3.625,1
32.3009,15.068,1916,545,819,2,2.406,1
32.3250,24.067,1917,545,819,2,2.673,1
32.3429,17.970,1918,545,819,2,3.531,1
32.3720,29.082,1919,545,819,2,2.755,1
32.3885,16.485,1920,545,819,2,3.004,1
32.4094,20.917,1921,545,819,2,3.205,1
32.4271,17.695,1922,545,819,2,3.198,1
32.4462,19.048,1923,545,819,2,3.959,1
32.4556,9.415,1924,545,819,2,2.647,1
32.4704,14.842,1925,545,819,2,3.088,1
32.4921,21.694,1926,545,819,2,3.223,1
32.5249,32.756,1927,545,819,2,3.377,1
32.5302,5.305,1928,545,819,2,2.234,1
32.5589,28.765,1929,545,819,2,3.612,1
32.5729,13.926,1930,545,819,2,2.533,1
32.6032,30.328,1931,545,819,2,3.042,1
32.6117,8.502,1932,545,819,2,3.322,1
32.6329,21.173,1933,545,819,2,3.115,1
32.6649,32.030,1934,545,819,2,4.368,1
32.6741,9.188,1935,545,819,2,2.506,1
32.6936,19.517,1936,545,819,2,3.051,1
32.7112,17.558,1937,545,819,2,3.988,1
32.7410,29.831,1938,545,819,2,2.749,1
32.7556,14.603,1939,545,819,2,4.252,1
32.7655,9.952,1940,545,819,2,2.846,1
32.7848,19.302,1941,545,819,2,3.388,1
32.8000,15.147,1942,545,819,2,2.305,1
32.8201,20.104,1943,545,819,2,2.699,1
32.8357,15.652,1944,545,819,2,2.512,1
32.8553,19.602,1945,545,819,2,2.260,1
32.8755,20.140,1946,545,819,2,2.717,1
32.9037,28.245,1947,545,819,2,2.859,1
32.9102,6.459,1948,545,819,2,3.030,1
32.9338,23.610,1949,545,819,2,2.272,1
32.9537,19.879,1950,545,819,2,3.067,1
32.9630,9.331,1951,545,819,2,2.898,1
32.9830,19.974,1952,545,819,2,3.350,1
33.0095,26.471,1953,545,819,2,3.328,1
33.0250,15.593,1954,545,819,2,4.123,1
33.0343,9.265,1955,545,819,2,2.440,1
33.0682,33.845,1956,545,819,2,3.898,1
33.0866,18.416,1957,545,819,2,3.103,1
33.0975,10.895,1958,545,819,2,2.792,1
33.1041,6.648,1959,545,819,2,2.552,1
33.1219,17.817,1960,545,819,2,2.264,1
33.1399,17.967,1961,546,819,2,2.420,1
33.1590,19.104,1962,546,819,2,2.494,1
33.2010,42.025,1963,548,819,2,3.105,1
33.2145,13.470,1964,548,819,2,3.983,1
33.2266,12.100,1965,549,819,2,3.331,1
33.2582,31.637,1966,550,819,2,3.716,1
33.2672,8.929,1967,549,819,2,2.374,1
33.2907,23.513,1968,545,819,2,3.676,1
33.3075,16.861,1969,545,819,2,3.199,1
33.3305,22.938,1970,545,819,2,3.094,1
33.3592,28.687,1971,545,819,2,2.955,1
33.3874,28.223,1972,545,819,2,5.116,1
33.4073,19.870,1973,545,819,2,3.454,1
33.4304,23.179,1974,545,819,2,3.616,1
33.4405,10.091,1975,545,819,2,2.651,1
33.4635,22.988,1976,545,819,2,3.874,1
33.4860,22.457,1977,545,819,2,3.818,1
33.5274,41.397,1978,545,819,2,4.103,1
33.5372,9.866,1979,545,819,2,2.866,1
33.5548,17.535,1980,545,819,2,3.050,1
33.5711,16.363,1981,545,819,2,2.786,1
33.5938,22.632,1982,545,819,2,2.646,1
33.6044,10.581,1983,545,819,2,2.578,1
33.6248,20.456,1984,545,819,2,2.647,1
33.6456,20.797,1985,545,819,2,3.797,1
33.6646,18.977,1986,545,819,2,2.273,1
33.6963,31.699,1987,545,819,2,3.074,1
33.7107,14.400,1988,545,819,2,3.394,1
33.7260,15.323,1989,545,819,2,3.394,1
33.7607,34.745,1990,545,819,2,4.294,1
33.7681,7.326,1991,545,819,2,2.712,1
33.7917,23.671,1992,545,819,2,3.075,1
33.8088,17.078,1993,545,819,2,2.504,1
33.8290,20.131,1994,545,819,2,2.996,1
33.8632,34.203,1995,545,819,2,2.695,1
33.8691,5.970,1996,545,819,2,2.445,1
33.8874,18.230,1997,545,819,2,4.068,1
33.9043,16.968,1998,545,819,2,2.482,1
33.9242,19.923,1999,545,819,2,2.290,1
33.9565,32.300,2000,545,819,2,2.689,1
33.9731,16.551,2001,545,819,2,2.417,1
33.9919,18.755,2002,545,819,2,2.449,1
34.0089,17.049,2003,545,819,2,2.543,1
34.0254,16.452,2004,545,819,2,2.639,1
34.0491,23.742,2005,545,819,2,4.568,1
34.0667,17.576,2006,545,819,2,2.570,1
34.0864,19.738,2007,545,819,2,3.449,1
34.0941,7.694,2008,545,819,2,2.610,1
34.1117,17.610,2009,545,819,2,2.571,1
34.1327,20.968,2010,545,819,2,2.702,1
34.1532,20.493,2011,545,819,2,3.340,1
34.1717,18.548,2012,545,819,2,2.427,1
34.1937,22.005,2013,545,819,2,3.478,1
34.2100,16.297,2014,545,819,2,3.300,1
34.2379,27.856,2015,545,819,2,2.754,1
34.2469,9.055,2016,545,819,2,3.675,1
34.2650,18.097,2017,545,819,2,2.303,1
34.2840,18.984,2018,545,819,2,3.624,1
34.3021,18.044,2019,545,819,2,3.148,1
34.3298,27.781,2020,546,819,2,2.544,1
34.3395,9.687,2021,547,819,2,2.357,1
34.3601,20.575,2022,548,819,2,2.934,1
34.3912,31.071,2023,548,819,2,3.711,1
34.3983,7.165,2024,549,819,2,2.431,1
34.4180,19.626,2025,550,819,2,3.540,1
34.4489,30.964,2026,551,819,2,5.021,1
34.4552,6.235,2027,552,819,2,2.577,1
34.4707,15.554,2028,560,819,2,2.481,1
34.4946,23.867,2029,561,819,2,3.714,1
34.5318,37.209,2030,562,819,2,4.429,1
34.5390,7.211,2031,563,819,2,3.192,1
34.5643,25.297,2032,564,819,2,3.272,1
34.5865,22.182,2033,564,819,2,4.265,1
34.6171,30.620,2034,565,819,2,4.215,1
34.6233,6.245,2035,566,819,2,2.982,1
34.6381,14.772,2036,569,819,2,2.497,1
34.6678,29.644,2037,567,819,2,2.547,1
34.6881,20.322,2038,569,819,2,3.016,1
34.6979,9.777,2039,570,819,2,3.804,1
34.7477,49.801,2040,570,819,2,2.928,1
34.7635,15.855,2041,571,819,2,2.996,1
34.7822,18.634,2042,570,819,2,4.370,1
34.7908,8.671,2043,572,819,2,2.446,1
34.8047,13.846,2044,572,819,2,3.446,1
34.8251,20.437,2045,571,819,2,2.453,1
34.8409,15.768,2046,571,819,2,2.583,1
34.8706,29.759,2047,574,819,2,3.028,1
34.8777,7.017,2048,572,819,2,2.595,1
34.8945,16.830,2049,569,819,2,2.870,1
34.9099,15.394,2050,566,819,2,2.579,1
34.9265,16.614,2051,565,819,2,2.192,1
34.9441,17.641,2052,567,819,2,2.526,1
34.9613,17.140,2053,562,819,2,2.327,1
34.9922,30.911,2054,567,819,2,3.296,1
35.0030,10.804,2055,565,819,2,2.951,1
35.0152,12.190,2056,562,819,2,3.488,1
35.0310,15.863,2057,565,819,2,2.641,1
35.0491,18.052,2058,566,819,2,3.999,1
35.0753,26.237,2059,568,819,2,2.532,1
35.0841,8.794,2060,567,819,2,3.466,1
35.1035,19.368,2061,565,819,2,2.631,1
35.1318,28.320,2062,566,819,2,2.548,1
35.1497,17.843,2063,565,819,2,4.188,1
35.1659,16.220,2064,566,819,2,2.779,1
35.1726,6.720,2065,569,819,2,2.946,1
35.1899,17.266,2066,569,819,2,2.248,1
35.2054,15.573,2067,569,819,2,2.942,1
35.2334,27.960,2068,568,819,2,3.005,1
35.2511,17.687,2069,565,819,2,3.677,1
35.2691,17.996,2070,564,819,2,3.185,1
35.2860,16.926,2071,565,819,2,3.117,1
35.2931,7.124,2072,568,819,2,2.256,1
35.3101,17.021,2073,566,819,2,2.579,1
35.3289,18.781,2074,564,819,2,2.700,1
35.3474,18.450,2075,560,819,2,3.789,1
35.3758,28.419,2076,560,819,2,2.539,1
35.3961,20.294,2077,561,819,2,3.307,1
35.4132,17.080,2078,561,819,2,4.824,1
35.4224,9.225,2079,567,819,2,2.633,1
35.4445,22.136,2080,578,819,2,2.773,1
35.4630,18.500,2081,588,819,2,3.091,1
35.4692,6.183,2082,596,819,2,2.340,1
35.5046,35.414,2083,603,819,2,3.318,1
35.5136,8.967,2084,608,819,2,3.552,1
35.5294,15.843,2085,613,819,2,2.632,1
35.5465,17.085,2086,618,819,2,3.380,1
35.5626,16.112,2087,621,819,2,2.660,1
35.5943,31.640,2088,623,819,2,3.097,1
35.6071,12.860,2089,623,819,2,3.173,1
35.6173,10.157,2090,624,819,2,3.856,1
35.6334,16.094,2091,625,819,2,2.804,1
35.6524,19.041,2092,625,819,2,3.561,1
35.6692,16.809,2093,624,819,2,2.437,1
35.6889,19.618,2094,624,819,2,2.745,1
35.7044,15.502,2095,623,819,2,2.411,1
35.7239,19.592,2096,621,819,2,2.912,1
35.7405,16.507,2097,620,819,2,2.311,1
35.7601,19.620,2098,619,819,2,2.268,1
35.7855,25.474,2099,610,819,2,3.794,1
35.7956,10.072,2100,609,819,2,2.968,1
35.8130,17.338,2101,608,819,2,3.295,1
35.8307,17.718,2102,609,819,2,2.676,1
35.8585,27.866,2103,609,819,2,2.943,1
35.8679,9.326,2104,609,819,2,2.299,1
35.8873,19.446,2105,609,819,2,2.428,1
35.9184,31.110,2106,609,819,2,4.028,1
35.9385,20.048,2107,611,819,2,2.884,1
35.9534,14.902,2108,612,819,2,3.369,1
35.9633,9.956,2109,613,819,2,2.828,1
35.9787,15.387,2110,614,819,2,2.437,1
35.9958,17.131,2111,614,819,2,2.709,1
36.0141,18.232,2112,615,819,2,3.471,1
36.0299,15.827,2113,616,819,2,2.804,1
36.0500,20.056,2114,617,819,2,3.801,1
36.0677,17.759,2115,617,819,2,2.378,1
36.0910,23.305,2116,618,819,2,2.515,1
36.1100,18.935,2117,618,819,2,2.384,1
36.1269,16.946,2118,618,819,2,2.139,1
36.1439,16.977,2119,618,819,2,3.248,1
36.1604,16.528,2120,618,819,2,2.374,1
36.1760,15.588,2121,618,819,2,2.697,1
36.2037,27.686,2122,618,819,2,2.942,1
36.2221,18.406,2123,618,819,2,3.165,1
36.2285,6.440,2124,618,819,2,2.576,1
36.2454,16.839,2125,625,819,2,2.914,1
36.2633,17.980,2126,633,819,2,2.671,1
36.2834,20.051,2127,642,819,2,4.430,1
36.3113,27.915,2128,650,819,2,3.137,1
36.3233,12.023,2129,658,819,2,3.116,1
36.3339,10.599,2130,664,819,2,2.974,1
36.3657,31.717,2131,669,819,2,3.765,1
36.3747,9.081,2132,673,819,2,2.429,1
36.4006,25.815,2133,676,819,2,3.776,1
36.4127,12.151,2134,678,819,2,3.195,1
36.4446,31.917,2135,693,819,2,2.787,1
36.4574,12.734,2136,714,819,2,3.695,1
36.4692,11.883,2137,734,819,2,2.940,1
36.4895,20.275,2138,755,819,2,3.580,1
36.5255,35.969,2139,775,819,2,4.506,1
36.5348,9.317,2140,799,819,2,3.324,1
36.5673,32.529,2141,820,819,2,3.245,1
36.5761,8.784,2142,840,819,2,3.637,1
36.5984,22.251,2143,857,819,2,3.416,1
36.6317,33.311,2144,881,819,2,2.915,1
36.6516,19.968,2145,894,819,2,3.634,1
36.6704,18.768,2146,906,819,2,3.270,1
36.6904,20.032,2147,913,819,2,4.160,1
36.6984,7.982,2148,916,819,2,4.080,1
36.7154,16.962,2149,916,819,2,3.482,1
36.7353,19.946,2150,916,819,2,2.607,1
36.7602,24.861,2151,916,819,2,2.651,1
36.7827,22.537,2152,915,819,2,2.851,1
36.7906,7.868,2153,916,819,2,2.955,1
36.8065,15.871,2154,916,819,2,3.138,1
36.8309,24.465,2155,915,819,2,2.750,1
36.8444,13.483,2156,915,819,2,2.924,1
36.8642,19.798,2157,915,819,2,3.060,1
36.8827,18.494,2158,916,819,2,3.546,1
36.9012,18.518,2159,919,819,2,2.731,1
36.9218,20.558,2160,926,819,2,4.211,1
36.9386,16.818,2161,928,819,2,3.204,1
36.9682,29.551,2162,929,819,2,2.899,1
36.9754,7.211,2163,931,819,2,3.105,1
36.9932,17.840,2164,931,819,2,2.931,1
37.0132,20.039,2165,932,819,2,2.981,1
37.0410,27.774,2166,933,819,2,2.725,1
37.0493,8.268,2167,933,819,2,4.483,1
37.0700,20.762,2168,934,819,2,2.647,1
37.0875,17.471,2169,934,819,2,3.497,1
37.1060,18.500,2170,935,819,2,2.553,1
37.1356,29.596,2171,936,819,2,3.029,1
37.1534,17.808,2172,936,819,2,4.696,1
37.1656,12.181,2173,936,819,2,3.971,1
37.1768,11.245,2174,935,819,2,2.486,1
37.1959,19.072,2175,934,819,2,2.395,1
37.2126,16.667,2176,932,819,2,2.349,1
37.2342,21.615,2177,931,819,2,3.012,1
37.2668,32.568,2178,930,819,2,2.937,1
37.2829,16.118,2179,928,819,2,2.968,1
37.3059,22.973,2180,920,819,2,3.167,1
37.3283,22.455,2181,920,819,2,3.628,1
37.3469,18.594,2182,921,819,2,3.209,1
37.3664,19.504,2183,921,819,2,3.407,1
37.3888,22.384,2184,920,819,2,4.133,1
37.4222,33.375,2185,921,819,2,7.186,1
37.4361,13.944,2186,922,819,2,4.180,1
37.4613,25.150,2187,923,819,2,4.125,1
37.4753,14.042,2188,924,819,2,2.656,1
37.5225,47.187,2189,925,819,2,6.946,1
37.5386,16.139,2190,926,819,2,2.877,1
37.5684,29.748,2191,927,819,2,4.470,1
37.5790,10.620,2192,928,819,2,3.193,1
37.6079,28.931,2193,929,819,2,2.964,1
37.6463,38.347,2194,929,819,2,3.732,1
37.6637,17.451,2195,929,819,2,5.441,1
37.6914,27.646,2196,929,819,2,5.062,1
37.7099,18.502,2197,929,819,2,4.282,1
37.7292,19.331,2198,929,819,2,3.440,1
37.7494,20.232,2199,930,819,2,3.076,1
37.7678,18.362,2200,930,819,2,2.712,1
37.7860,18.145,2201,930,819,2,4.461,1
38.0224,236.415,2202,930,819,2,2.688,1
38.0395,17.170,2203,930,819,2,4.815,1
38.1067,67.188,2204,930,819,2,3.753,1
38.1275,20.743,2205,927,819,2,2.418,1
38.1478,20.336,2206,927,819,2,3.004,1
38.1694,21.576,2207,927,819,2,4.596,1
38.2029,33.512,2208,927,819,2,4.052,1
38.2169,13.991,2209,927,819,2,3.394,1
38.2285,11.627,2210,927,819,2,2.478,1
38.2525,23.963,2211,926,819,2,4.559,1
38.2689,16.447,2212,926,819,2,2.757,1
38.2901,21.174,2213,925,819,2,3.658,1
38.3259,35.837,2214,925,819,2,3.468,1
38.3337,7.738,2215,925,819,2,3.726,1
38.3521,18.450,2216,925,819,2,4.069,1
38.3824,30.254,2217,925,819,2,3.787,1
38.4004,18.065,2218,925,819,2,3.858,1
38.4247,24.284,2219,924,819,2,4.387,1
38.4490,24.250,2220,924,819,2,3.533,1
38.4710,22.029,2221,923,819,2,4.225,1
38.4847,13.659,2222,920,819,2,3.517,1
38.5110,26.310,2223,920,819,2,3.479,1
38.5376,26.598,2224,918,819,2,3.281,1
38.5605,22.943,2225,918,819,2,4.206,1
38.5862,25.655,2226,915,819,2,4.268,1
38.6057,19.487,2227,913,819,2,3.051,1
38.6284,22.705,2228,912,819,2,4.102,1
38.6481,19.740,2229,911,819,2,2.904,1
38.6674,19.322,2230,911,819,2,3.232,1
38.6914,23.932,2231,911,819,2,2.848,1
38.7092,17.817,2232,911,819,2,2.391,1
38.7309,21.687,2233,911,819,2,2.397,1
38.7504,19.509,2234,911,819,2,3.814,1
38.7684,18.079,2235,911,819,2,3.613,1
38.7904,21.918,2236,911,819,2,3.498,1
38.8073,16.975,2237,911,819,2,2.497,1
38.8252,17.887,2238,911,819,2,2.348,1
38.8424,17.183,2239,911,819,2,2.633,1
38.8594,16.971,2240,911,819,2,2.644,1
38.8752,15.792,2241,911,819,2,2.547,1
38.8951,19.889,2242,911,819,2,2.517,1
38.9154,20.341,2243,911,819,2,3.868,1
38.9366,21.205,2244,911,819,2,3.259,1
38.9567,20.072,2245,911,819,2,3.654,1
38.9747,18.010,2246,911,819,2,2.595,1
38.9949,20.244,2247,911,819,2,2.821,1
39.0167,21.745,2248,911,819,2,4.513,1
39.0339,17.262,2249,911,819,2,3.193,1
39.0529,18.985,2250,911,819,2,4.142,1
39.0712,18.303,2251,911,819,2,2.640,1
39.0924,21.127,2252,911,819,2,3.016,1
39.1087,16.393,2253,911,819,2,2.888,1
39.1278,19.014,2254,911,819,2,2.904,1
39.1449,17.140,2255,911,819,2,2.473,1
39.1617,16.827,2256,911,819,2,2.297,1
39.1845,22.823,2257,911,819,2,4.337,1
39.2003,15.767,2258,911,819,2,2.993,1
39.2170,16.650,2259,911,819,2,3.497,1
39.2335,16.510,2260,911,819,2,3.035,1
39.2528,19.276,2261,911,819,2,4.631,1
39.2677,14.929,2262,911,819,2,3.027,1
39.2855,17.823,2263,911,819,2,4.875,1
39.3022,16.696,2264,911,819,2,3.867,1
39.3204,18.230,2265,911,819,2,4.273,1
39.3374,17.015,2266,911,819,2,2.689,1
39.3577,20.236,2267,911,819,2,2.960,1
39.3744,16.743,2268,911,819,2,2.744,1
39.3938,19.358,2269,911,819,2,2.525,1
39.4122,18.423,2270,911,819,2,2.863,1
39.4352,22.961,2271,911,819,2,3.070,1
39.4577,22.501,2272,911,819,2,3.647,1
39.4752,17.538,2273,911,819,2,2.607,1
39.5014,26.217,2274,911,819,2,4.656,1
39.5273,25.905,2275,911,819,2,4.830,1
39.5479,20.610,2276,911,819,2,3.287,1
39.5717,23.781,2277,911,819,2,3.951,1
39.5978,26.087,2278,911,819,2,2.585,1
39.6193,21.504,2279,911,819,2,3.786,1
39.6375,18.199,2280,911,819,2,3.495,1
39.6579,20.379,2281,911,819,2,2.825,1
39.6786,20.689,2282,911,819,2,2.879,1
39.6981,19.545,2283,911,819,2,2.527,1
39.7229,24.730,2284,911,819,2,3.978,1
39.7410,18.134,2285,911,819,2,2.483,1
39.7618,20.854,2286,911,819,2,2.683,1
39.7821,20.272,2287,911,819,2,3.687,1
39.7996,17.486,2288,911,819,2,2.802,1
39.8202,20.604,2289,911,819,2,4.031,1
39.8396,19.406,2290,911,819,2,2.610,1
39.8597,20.051,2291,911,819,2,3.479,1
39.8820,22.330,2292,911,819,2,3.400,1
39.9008,18.846,2293,911,819,2,2.859,1
39.9203,19.425,2294,911,819,2,3.675,1
39.9416,21.313,2295,911,819,2,3.052,1
39.9594,17.814,2296,911,819,2,2.355,1
39.9777,18.269,2297,911,819,2,2.485,1
40.0001,22.434,2298,911,819,2,2.834,1
40.0198,19.663,2299,911,819,2,4.157,1
40.0373,17.550,2300,911,819,2,3.147,1
40.0598,22.526,2301,911,819,2,2.671,1
40.0782,18.362,2302,911,819,2,2.816,1
40.0962,18.032,2303,911,819,2,2.349,1
40.1173,21.046,2304,911,819,2,3.591,1
40.1347,17.448,2305,911,819,2,3.029,1
40.1552,20.516,2306,911,819,2,3.323,1
40.1752,19.940,2307,911,819,2,2.461,1
40.1931,17.971,2308,911,819,2,2.347,1
40.2104,17.215,2309,911,819,2,2.387,1
40.2331,22.725,2310,911,819,2,2.922,1
40.2518,18.740,2311,911,819,2,3.835,1
40.2690,17.171,2312,911,819,2,2.804,1
40.2894,20.436,2313,911,819,2,2.821,1
40.3060,16.563,2314,911,819,2,2.621,1
40.3259,19.951,2315,911,819,2,2.851,1
40.3443,18.314,2316,911,819,2,3.053,1
40.3631,18.831,2317,911,819,2,2.294,1
40.3820,18.951,2318,911,819,2,3.138,1
40.5595,177.454,2319,911,819,2,2.474,1
40.5792,19.671,2320,911,819,2,2.345,1
40.6022,23.015,2321,935,826,2,2.975,1
40.6274,25.184,2322,934,823,2,3.996,1
40.6511,23.754,2323,935,820,2,4.520,1
40.6897,38.532,2324,934,819,2,3.847,1
40.7196,29.938,2325,934,819,2,3.473,1
40.7572,37.629,2326,934,819,2,4.434,1
40.8006,43.381,2327,934,819,2,4.299,1
40.8316,31.042,2328,933,819,2,3.180,1
40.8631,31.466,2329,933,819,2,3.845,1
40.9057,42.582,2330,932,819,2,3.878,1
40.9368,31.100,2331,931,819,2,3.498,1
40.9604,23.613,2332,931,819,2,4.176,1
40.9909,30.541,2333,930,819,2,4.870,1
41.0202,29.219,2334,929,819,2,4.941,1
41.0527,32.513,2335,928,819,2,3.368,1
41.0864,33.751,2336,927,819,2,3.624,1
41.1130,26.542,2337,927,819,2,3.039,1
41.1384,25.455,2338,926,819,2,3.581,1
41.1622,23.815,2339,925,819,2,3.074,1
41.1839,21.678,2340,924,819,2,2.387,1
41.2105,26.565,2341,923,819,2,3.867,1
41.2340,23.544,2342,923,819,2,2.376,1
41.2640,29.933,2343,922,819,2,3.098,1
41.2888,24.844,2344,921,819,2,3.999,1
41.3100,21.213,2345,921,819,2,2.704,1
41.3365,26.464,2346,920,819,2,2.490,1
41.3610,24.496,2347,919,819,2,3.747,1
41.3876,26.618,2348,919,819,2,4.290,1
41.4105,22.884,2349,918,819,2,2.640,1
41.4383,27.870,2350,917,819,2,4.101,1
41.4686,30.278,2351,917,819,2,3.469,1
41.4966,27.972,2352,916,819,2,4.147,1
41.5284,31.814,2353,915,819,2,4.822,1
41.5538,25.367,2354,915,819,2,3.721,1
41.5761,22.276,2355,914,819,2,2.662,1
41.6025,26.477,2356,913,819,2,3.144,1
41.6274,24.915,2357,913,819,2,3.962,1
41.6545,27.073,2358,912,819,2,3.575,1
41.6752,20.729,2359,912,819,2,4.952,1
41.7009,25.697,2360,911,819,2,2.720,1
41.7270,26.100,2361,911,819,2,3.704,1
41.7509,23.897,2362,911,819,2,3.280,1
41.7771,26.145,2363,911,819,2,2.373,1
41.7978,20.731,2364,911,819,2,2.363,1
41.8181,20.272,2365,911,819,2,2.921,1
41.8414,23.288,2366,911,819,2,2.669,1
41.8634,22.008,2367,911,819,2,2.534,1
41.8842,20.815,2368,911,819,2,2.917,1
41.9052,20.993,2369,911,819,2,3.610,1
41.9264,21.192,2370,911,819,2,2.512,1
41.9456,19.225,2371,911,819,2,2.545,1
41.9711,25.505,2372,911,819,2,4.243,1
42.0036,32.509,2373,908,819,2,3.069,1
42.0321,28.501,2374,907,818,2,3.467,1
42.0598,27.716,2375,907,779,2,3.567,1
42.0961,36.221,2376,906,779,2,2.383,1
42.1152,19.102,2377,906,779,2,3.180,1
42.1322,17.035,2378,902,623,2,2.203,1
42.1486,16.416,2379,902,623,2,2.898,1
42.1651,16.451,2380,902,623,2,2.337,1
42.1839,18.832,2381,902,623,2,3.581,1
42.2011,17.226,2382,902,623,2,2.495,1
42.2234,22.319,2383,902,623,2,4.295,1
42.2444,20.953,2384,902,623,2,2.349,1
42.2702,25.811,2385,902,623,2,3.265,1
42.2956,25.355,2386,903,623,2,3.113,1
42.3115,15.967,2387,903,623,2,3.062,1
42.3330,21.512,2388,903,623,2,2.234,1
42.3568,23.753,2389,903,623,2,3.663,1
42.3774,20.620,2390,903,623,2,3.069,1
42.3965,19.116,2391,903,623,2,2.222,1
42.4189,22.357,2392,903,623,2,3.537,1
42.4369,18.034,2393,903,623,2,2.507,1
42.4566,19.635,2394,903,623,2,3.401,1
42.4761,19.504,2395,903,623,2,2.383,1
42.5008,24.716,2396,903,623,2,3.481,1
42.5222,21.459,2397,903,623,2,3.729,1
42.5443,22.061,2398,903,623,2,2.472,1
42.5604,16.127,2399,903,623,2,2.170,1
42.5767,16.289,2400,903,623,2,2.466,1
42.5950,18.277,2401,903,623,2,2.180,1
42.6109,15.880,2402,903,623,2,2.277,1
42.6281,17.222,2403,903,623,2,2.225,1
42.6470,18.921,2404,903,623,2,3.390,1
42.6620,14.961,2405,903,623,2,2.134,1
42.6776,15.607,2406,903,623,2,2.545,1
42.6969,19.369,2407,903,623,2,2.558,1
42.7140,17.013,2408,902,623,2,2.566,1
42.7297,15.741,2409,902,623,2,2.327,1
42.7464,16.707,2410,902,623,2,2.344,1
42.7649,18.529,2411,902,623,2,2.156,1
42.7896,24.628,2412,902,623,2,2.950,1
42.8047,15.086,2413,902,623,2,3.429,1
42.8250,20.322,2414,902,623,2,3.383,1
42.8415,16.503,2415,902,623,2,2.613,1
42.8591,17.575,2416,902,623,2,2.227,1
42.8765,17.429,2417,902,623,2,2.325,1
42.8946,18.076,2418,902,623,2,2.229,1
42.9106,15.998,2419,902,623,2,2.336,1
42.9276,17.089,2420,902,623,2,2.136,1
42.9436,15.971,2421,902,623,2,2.136,1
42.9630,19.334,2422,902,623,2,2.431,1
42.9805,17.570,2423,902,623,2,2.220,1
43.0033,22.810,2424,902,623,2,2.664,1
43.0146,11.221,2425,902,623,2,2.599,1
43.0327,18.182,2426,902,623,2,2.341,1
43.0512,18.476,2427,902,623,2,3.343,1
43.0636,12.362,2428,902,623,2,2.127,1
43.0823,18.751,2429,902,623,2,2.963,1
43.0970,14.716,2430,902,623,2,2.158,1
43.1135,16.499,2431,902,623,2,3.130,1
43.1277,14.149,2432,902,623,2,2.527,1
43.1439,16.181,2433,902,623,2,2.569,1
43.1601,16.186,2434,902,623,2,2.121,1
43.1747,14.619,2435,902,623,2,2.204,1
43.1921,17.419,2436,902,623,2,2.638,1
43.2130,20.949,2437,902,623,2,3.092,1
43.2321,19.015,2438,902,623,2,2.417,1
43.2495,17.452,2439,902,623,2,2.998,1
43.2690,19.529,2440,902,623,2,2.412,1
43.2929,23.867,2441,902,623,2,3.751,1
43.3134,20.485,2442,902,623,2,2.977,1
43.3311,17.703,2443,902,623,2,2.257,1
43.3565,25.436,2444,902,623,2,3.212,1
43.3773,20.785,2445,902,623,2,2.671,1
43.3993,22.020,2446,902,623,2,2.263,1
43.4185,19.169,2447,902,623,2,3.413,1
43.4329,14.446,2448,902,623,2,2.353,1
43.4515,18.591,2449,902,623,2,3.664,1
43.4701,18.595,2450,902,623,2,2.778,1
43.4939,23.770,2451,902,623,2,4.193,1
43.5125,18.645,2452,902,623,2,3.370,1
43.5329,20.342,2453,902,623,2,2.344,1
43.5586,25.746,2454,902,623,2,2.557,1
43.5742,15.604,2455,902,623,2,2.470,1
43.5927,18.445,2456,902,623,2,2.193,1
43.6087,16.039,2457,902,623,2,2.368,1
43.6270,18.281,2458,902,623,2,2.351,1
43.6445,17.540,2459,902,623,2,2.369,1
43.6641,19.569,2460,902,626,2,2.356,1
43.6805,16.349,2461,902,629,2,2.618,1
43.6976,17.095,2462,902,632,2,2.249,1
43.7156,18.018,2463,902,635,2,3.141,1
43.7310,15.403,2464,902,637,2,2.310,1
43.7538,22.812,2465,902,640,2,3.490,1
43.7738,20.008,2466,902,641,2,3.922,1
43.7935,19.703,2467,902,643,2,3.576,1
43.8178,24.308,2468,903,645,2,3.653,1
43.8391,21.263,2469,903,646,2,2.778,1
43.8594,20.307,2470,903,648,2,4.258,1
43.8767,17.319,2471,903,649,2,3.274,1
43.8956,18.908,2472,903,650,2,2.380,1
43.9144,18.814,2473,903,650,2,3.417,1
43.9322,17.765,2474,903,651,2,2.326,1
43.9489,16.736,2475,903,651,2,3.234,1
43.9637,14.809,2476,902,623,2,2.529,1
43.9809,17.165,2477,902,623,2,3.481,1
43.9976,16.742,2478,902,623,2,2.327,1
44.0169,19.306,2479,902,623,2,3.475,1
44.0338,16.854,2480,902,623,2,2.158,1
44.0519,18.061,2481,897,623,2,3.380,1
44.0706,18.712,2482,898,623,2,2.233,1
44.0916,21.067,2483,900,623,2,3.468,1
44.1052,13.546,2484,901,623,2,3.480,1
44.1226,17.442,2485,902,623,2,3.470,1
44.1364,13.732,2486,902,623,2,3.124,1
44.1554,19.052,2487,899,623,2,3.803,1
44.1715,16.135,2488,902,623,2,3.040,1
44.1914,19.819,2489,901,623,2,3.608,1
44.2047,13.322,2490,901,623,2,3.363,1
44.2248,20.132,2491,901,623,2,2.978,1
44.2457,20.871,2492,901,623,2,3.517,1
44.2647,19.045,2493,901,623,2,2.704,1
44.2861,21.328,2494,901,623,2,3.713,1
44.3090,22.921,2495,899,623,2,3.891,1
44.3384,29.396,2496,894,623,2,2.823,1
44.3626,24.217,2497,885,623,2,6.773,1
44.3863,23.728,2498,875,623,2,3.546,1
44.4078,21.504,2499,858,623,2,3.665,1
44.4287,20.825,2500,841,623,2,2.584,1
44.4473,18.690,2501,817,623,2,2.751,1
44.4725,25.131,2502,788,623,2,3.494,1
44.4941,21.656,2503,765,623,2,3.448,1
44.5272,33.115,2504,740,623,2,4.387,1
44.5541,26.816,2505,716,623,2,4.577,1
44.5834,29.305,2506,690,623,2,3.646,1
44.6060,22.681,2507,659,623,2,4.652,1
44.6294,23.318,2508,655,623,2,3.167,1
44.6511,21.708,2509,647,623,2,3.107,1
44.6683,17.237,2510,638,623,2,2.341,1
44.6888,20.462,2511,626,623,2,3.650,1
44.7054,16.606,2512,614,623,2,3.182,1
44.7320,26.666,2513,602,623,2,3.030,1
44.7536,21.534,2514,598,623,2,4.266,1
44.7694,15.827,2515,598,623,2,2.399,1
44.7914,21.956,2516,598,623,2,3.064,1
44.8152,23.861,2517,598,623,2,2.931,1
44.8298,14.596,2518,598,623,2,2.067,1
44.8444,14.612,2519,598,623,2,2.688,1
44.8584,13.945,2520,598,623,2,2.065,1
44.8715,13.079,2521,598,623,2,2.948,1
44.8875,16.009,2522,598,623,2,2.783,1
44.8994,11.910,2523,598,623,2,2.065,1
44.9152,15.871,2524,598,623,2,3.206,1
44.9295,14.303,2525,598,623,2,2.079,1
44.9484,18.849,2526,598,623,2,3.274,1
44.9635,15.063,2527,598,623,2,2.375,1
44.9832,19.714,2528,598,623,2,2.957,1
45.0014,18.239,2529,598,623,2,2.374,1
45.0202,18.788,2530,598,623,2,2.774,1
45.0368,16.613,2531,598,623,2,2.756,1
45.0611,24.322,2532,598,623,2,3.125,1
45.0773,16.206,2533,598,623,2,3.366,1
45.0939,16.520,2534,598,623,2,2.477,1
45.1133,19.408,2535,598,623,2,3.207,1
45.1278,14.580,2536,598,623,2,2.136,1
45.1429,15.056,2537,598,623,2,2.596,1
45.1590,16.092,2538,598,623,2,2.636,1
45.1721,13.139,2539,598,623,2,2.693,1
45.1874,15.266,2540,598,623,2,2.557,1
45.1994,12.050,2541,598,623,2,2.054,1
45.2179,18.425,2542,598,623,2,3.861,1
45.2305,12.583,2543,598,623,2,2.131,1
45.2507,20.232,2544,598,623,2,2.578,1
45.2683,17.589,2545,598,623,2,2.500,1
45.2827,14.456,2546,598,623,2,2.980,1
45.3019,19.207,2547,598,623,2,2.394,1
45.3224,20.460,2548,598,623,2,3.469,1
45.3393,16.850,2549,598,623,2,3.104,1
45.3578,18.544,2550,598,623,2,3.242,1
45.3733,15.491,2551,598,623,2,3.135,1
45.3899,16.627,2552,598,623,2,3.320,1
45.4039,14.002,2553,597,623,2,2.676,1
45.4242,20.317,2554,595,623,2,3.441,1
45.4393,15.078,2555,593,623,2,3.201,1
45.4588,19.502,2556,589,623,2,3.400,1
45.4728,14.011,2557,585,623,2,2.845,1
45.4961,23.323,2558,580,623,2,3.507,1
45.5193,23.154,2559,574,623,2,2.764,1
45.5343,15.024,2560,566,623,2,2.072,1
45.5575,23.134,2561,558,623,2,3.577,1
45.5705,13.004,2562,545,623,2,2.232,1
45.5889,18.392,2563,545,623,2,3.046,1
45.6022,13.353,2564,545,623,2,2.269,1
45.6201,17.913,2565,545,623,2,2.297,1
45.6336,13.499,2566,545,623,2,2.106,1
45.6514,17.825,2567,545,623,2,2.732,1
45.6663,14.889,2568,545,623,2,2.071,1
45.6870,20.703,2569,545,623,2,3.030,1
45.6999,12.860,2570,545,623,2,2.080,1
45.7188,18.875,2571,545,623,2,3.268,1
45.7323,13.495,2572,545,623,2,2.193,1
45.7499,17.600,2573,545,623,2,2.763,1
45.7673,17.440,2574,545,623,2,2.167,1
45.7842,16.931,2575,545,623,2,2.450,1
45.8010,16.749,2576,545,623,2,2.223,1
45.8182,17.192,2577,545,623,2,2.214,1
45.8309,12.698,2578,545,623,2,2.060,1
45.8472,16.293,2579,545,623,2,3.076,1
45.8611,13.914,2580,545,623,2,2.039,1
45.8746,13.494,2581,545,623,2,2.623,1
45.8898,15.195,2582,545,623,2,2.356,1
45.9044,14.595,2583,545,623,2,3.248,1
45.9216,17.198,2584,545,623,2,2.443,1
45.9385,16.895,2585,545,623,2,2.616,1
45.9555,17.068,2586,545,623,2,2.693,1
45.9703,14.748,2587,545,623,2,2.209,1
45.9880,17.752,2588,545,623,2,2.431,1
46.0037,15.696,2589,545,623,2,2.196,1
46.0214,17.646,2590,545,623,2,2.882,1
46.0362,14.882,2591,545,623,2,2.133,1
46.0551,18.832,2592,545,623,2,2.896,1
46.0698,14.717,2593,545,623,2,2.204,1
46.0885,18.660,2594,545,623,2,2.346,1
46.1050,16.591,2595,545,623,2,2.187,1
46.1220,16.929,2596,545,623,2,2.937,1
46.1370,15.017,2597,545,623,2,2.595,1
46.1557,18.656,2598,545,623,2,2.948,1
46.1710,15.307,2599,545,623,2,2.274,1
46.1896,18.622,2600,545,623,2,2.775,1
46.2045,14.952,2601,545,623,2,2.306,1
46.2217,17.191,2602,545,623,2,2.714,1
46.2376,15.855,2603,545,623,2,2.613,1
46.2546,17.006,2604,545,623,2,2.823,1
46.2697,15.148,2605,545,623,2,2.209,1
46.2870,17.252,2606,545,623,2,2.126,1
46.3040,16.973,2607,545,623,2,2.179,1
46.3217,17.775,2608,545,623,2,2.558,1
46.3370,15.269,2609,545,623,2,2.679,1
46.3551,18.118,2610,545,623,2,3.006,1
46.3700,14.884,2611,545,623,2,2.243,1
46.3893,19.285,2612,545,623,2,2.967,1
46.4045,15.217,2613,545,623,2,2.248,1
46.4219,17.351,2614,545,623,2,2.416,1
46.4368,14.912,2615,545,623,2,2.236,1
46.4535,16.761,2616,545,623,2,2.060,1
46.4711,17.579,2617,545,623,2,2.182,1
46.4910,19.899,2618,545,623,2,2.970,1
46.5058,14.827,2619,545,623,2,2.664,1
46.5234,17.607,2620,545,623,2,3.409,1
46.5380,14.564,2621,545,623,2,2.613,1
46.5550,16.973,2622,545,623,2,2.325,1
46.5697,14.747,2623,545,623,2,2.349,1
46.5869,17.170,2624,545,623,2,2.179,1
46.6032,16.282,2625,545,623,2,2.303,1
46.6205,17.312,2626,545,623,2,2.054,1
46.6365,16.026,2627,545,623,2,2.168,1
46.6544,17.900,2628,545,623,2,2.020,1
46.6697,15.291,2629,545,623,2,2.196,1
46.6874,17.718,2630,545,623,2,2.088,1
46.7029,15.514,2631,545,623,2,2.237,1
46.7206,17.686,2632,545,623,2,2.480,1
46.7361,15.521,2633,545,623,2,2.197,1
46.7533,17.173,2634,545,623,2,2.077,1
46.7695,16.143,2635,545,623,2,2.171,1
46.7878,18.370,2636,545,623,2,2.138,1
46.8075,19.650,2637,545,623,2,2.716,1
46.8250,17.474,2638,545,623,2,3.545,1
46.8379,12.897,2639,545,623,2,2.287,1
46.8551,17.286,2640,545,623,2,2.208,1
46.8738,18.645,2641,545,623,2,2.996,1
46.8927,18.921,2642,545,623,2,3.216,1
46.9085,15.833,2643,545,623,2,3.216,1
46.9288,20.223,2644,545,623,2,3.255,1
46.9476,18.840,2645,545,623,2,3.323,1
46.9676,20.044,2646,545,623,2,3.129,1
46.9887,21.052,2647,545,623,2,2.883,1
47.0080,19.268,2648,545,623,2,3.383,1
47.0268,18.830,2649,545,623,2,2.996,1
47.0411,14.337,2650,545,623,2,3.116,1
47.0649,23.730,2651,545,623,2,3.771,1
47.0845,19.677,2652,545,623,2,2.938,1
47.0975,12.974,2653,545,623,2,2.020,1
47.1140,16.497,2654,545,623,2,3.160,1
47.1265,12.495,2655,545,623,2,2.057,1
47.1390,12.479,2656,545,623,2,2.173,1
47.1534,14.446,2657,545,623,2,2.041,1
47.1651,11.657,2658,545,623,2,2.017,1
47.1851,19.969,2659,545,623,2,3.305,1
47.1978,12.701,2660,545,623,2,2.036,1
47.2169,19.181,2661,545,623,2,2.223,1
47.2309,13.927,2662,545,623,2,2.021,1
47.2505,19.672,2663,545,623,2,2.237,1
47.2642,13.655,2664,545,623,2,2.020,1
47.2848,20.599,2665,545,623,2,2.639,1
47.2975,12.721,2666,545,623,2,2.023,1
47.3173,19.785,2667,545,623,2,2.758,1
47.3324,15.059,2668,545,623,2,2.521,1
47.3514,19.048,2669,545,623,2,2.133,1
47.3655,14.080,2670,545,623,2,2.521,1
47.3844,18.873,2671,545,623,2,2.212,1
47.3976,13.241,2672,545,623,2,2.028,1
47.4170,19.392,2673,545,623,2,2.184,1
47.4315,14.486,2674,545,623,2,2.462,1
47.4507,19.195,2675,545,623,2,2.703,1
47.4642,13.538,2676,545,623,2,2.021,1
47.4858,21.552,2677,545,623,2,3.204,1
47.5017,15.896,2678,545,623,2,2.271,1
47.5210,19.294,2679,545,623,2,3.590,1
47.5399,18.994,2680,545,623,2,3.198,1
47.5576,17.658,2681,545,623,2,3.325,1
47.5702,12.619,2682,545,623,2,3.058,1
47.5870,16.728,2683,545,623,2,2.747,1
47.6015,14.599,2684,545,623,2,2.708,1
47.6203,18.711,2685,545,623,2,2.550,1
47.6371,16.802,2686,545,623,2,3.018,1
47.6528,15.744,2687,545,623,2,2.152,1
47.6649,12.126,2688,545,623,2,2.055,1
47.6834,18.514,2689,545,623,2,2.214,1
47.6976,14.103,2690,545,623,2,2.040,1
47.7177,20.179,2691,545,623,2,2.661,1
47.7321,14.357,2692,545,623,2,2.500,1
47.7507,18.646,2693,545,623,2,2.384,1
47.7644,13.654,2694,545,623,2,2.273,1
47.7832,18.820,2695,545,623,2,2.188,1
47.7997,16.520,2696,545,623,2,2.065,1
47.8171,17.413,2697,545,623,2,2.306,1
47.8311,13.999,2698,545,623,2,2.041,1
47.8503,19.209,2699,545,623,2,2.502,1
47.8645,14.127,2700,545,623,2,2.051,1
47.8839,19.422,2701,545,623,2,2.486,1
47.8975,13.616,2702,545,623,2,2.025,1
47.9166,19.082,2703,545,623,2,2.202,1
47.9310,14.448,2704,545,623,2,2.023,1
47.9505,19.471,2705,545,623,2,2.190,1
47.9669,16.344,2706,545,623,2,2.154,1
47.9859,19.049,2707,545,623,2,3.133,1
48.0013,15.427,2708,545,623,2,2.145,1
48.0187,17.387,2709,545,623,2,2.187,1
48.0319,13.189,2710,545,623,2,2.184,1
48.0506,18.709,2711,545,623,2,2.684,1
48.0647,14.041,2712,545,623,2,2.026,1
48.0852,20.520,2713,545,623,2,2.182,1
48.0994,14.261,2714,545,623,2,2.069,1
48.1204,20.950,2715,545,623,2,2.620,1
48.1336,13.224,2716,550,623,2,2.470,1
48.1517,18.062,2717,556,623,2,2.312,1
48.1649,13.244,2718,562,623,2,2.017,1
48.1855,20.584,2719,573,623,2,2.643,1
48.2027,17.212,2720,584,623,2,2.760,1
48.2206,17.926,2721,593,623,2,2.146,1
48.2336,12.923,2722,602,623,2,2.121,1
48.2515,17.924,2723,611,623,2,3.170,1
48.2660,14.481,2724,619,623,2,2.007,1
48.2841,18.142,2725,626,623,2,2.205,1
48.3003,16.177,2726,633,623,2,2.478,1
48.3183,17.971,2727,638,623,2,2.335,1
48.3334,15.106,2728,643,623,2,2.447,1
48.3561,22.774,2729,647,623,2,2.618,1
48.3689,12.782,2730,650,623,2,2.462,1
48.3862,17.317,2731,654,623,2,2.287,1
48.4023,16.016,2732,655,623,2,2.435,1
48.4218,19.507,2733,657,623,2,2.165,1
48.4424,20.655,2734,658,623,2,2.892,1
48.4593,16.922,2735,660,623,2,2.658,1
48.4738,14.424,2736,660,623,2,2.232,1
48.4922,18.419,2737,660,623,2,3.020,1
48.5101,17.903,2738,660,623,2,3.457,1
48.5301,20.062,2739,660,623,2,3.395,1
48.5495,19.392,2740,660,623,2,3.002,1
48.5651,15.542,2741,660,623,2,2.056,1
48.5822,17.078,2742,660,623,2,2.664,1
48.6010,18.831,2743,660,623,2,2.504,1
48.6178,16.838,2744,660,623,2,2.487,1
48.6319,14.120,2745,660,623,2,1.997,1
48.6513,19.342,2746,660,623,2,2.703,1
48.6653,14.032,2747,660,623,2,2.010,1
48.6826,17.306,2748,660,623,2,3.267,1
48.6961,13.439,2749,660,623,2,2.042,1
48.7137,17.637,2750,660,623,2,2.618,1
48.7283,14.632,2751,660,623,2,2.161,1
48.7459,17.551,2752,660,623,2,3.931,1
48.7620,16.154,2753,660,623,2,2.433,1
48.7810,18.976,2754,660,623,2,3.544,1
48.7953,14.330,2755,660,623,2,2.086,1
48.8102,14.896,2756,660,623,2,2.654,1
48.8265,16.258,2757,660,623,2,2.763,1
48.8491,22.557,2758,660,623,2,3.118,1
48.8641,15.034,2759,660,623,2,2.485,1
48.8835,19.453,2760,660,623,2,3.542,1
48.9018,18.208,2761,660,623,2,2.319,1
48.9217,19.954,2762,660,623,2,2.483,1
48.9355,13.825,2763,660,623,2,2.114,1
48.9522,16.631,2764,660,623,2,2.239,1
48.9670,14.829,2765,660,623,2,2.021,1
48.9864,19.410,2766,660,623,2,2.175,1
49.0033,16.946,2767,660,623,2,2.364,1
49.0209,17.574,2768,660,623,2,2.120,1
49.0369,15.991,2769,660,623,2,2.261,1
49.0550,18.062,2770,660,623,2,2.785,1
49.0696,14.661,2771,660,623,2,2.129,1
49.0878,18.173,2772,660,623,2,2.423,1
49.1081,20.252,2773,660,623,2,2.177,1
49.1263,18.220,2774,660,623,2,2.767,1
49.1434,17.108,2775,660,623,2,3.259,1
49.1648,21.405,2776,660,623,2,3.149,1
49.1845,19.751,2777,660,623,2,2.469,1
49.2013,16.777,2778,660,623,2,2.219,1
49.2205,19.177,2779,660,623,2,2.325,1
49.2363,15.798,2780,660,623,2,2.279,1
49.2530,16.660,2781,660,623,2,2.184,1
49.2666,13.647,2782,660,623,2,2.031,1
49.2848,18.178,2783,660,623,2,2.249,1
49.2990,14.225,2784,660,623,2,2.009,1
49.3164,17.428,2785,660,623,2,2.329,1
49.3348,18.405,2786,660,623,2,2.211,1
49.3603,25.502,2787,660,623,2,3.177,1
49.3758,15.456,2788,660,623,2,3.007,1
49.3923,16.506,2789,660,623,2,2.413,1
49.4120,19.669,2790,660,623,2,4.002,1
49.4288,16.791,2791,660,623,2,2.309,1
49.4431,14.354,2792,660,623,2,3.175,1
49.4594,16.273,2793,660,623,2,2.552,1
49.4729,13.488,2794,660,623,2,2.075,1
49.4939,21.036,2795,660,623,2,3.349,1
49.5141,20.143,2796,660,623,2,4.585,1
49.5305,16.425,2797,660,623,2,2.250,1
49.5485,17.978,2798,660,623,2,3.749,1
49.5630,14.539,2799,660,623,2,2.032,1
49.5818,18.771,2800,660,623,2,2.948,1
49.5973,15.491,2801,660,623,2,2.233,1
49.6212,23.912,2802,660,623,2,2.167,1
49.6364,15.250,2803,660,623,2,2.184,1
49.6540,17.582,2804,660,623,2,2.597,1
49.6673,13.303,2805,660,623,2,1.996,1
49.6852,17.886,2806,660,623,2,2.280,1
49.6998,14.559,2807,660,623,2,2.048,1
49.7193,19.579,2808,660,623,2,3.037,1
49.7353,15.922,2809,660,623,2,2.554,1
49.7534,18.114,2810,660,623,2,2.181,1
49.7673,13.886,2811,660,623,2,2.083,1
49.7849,17.636,2812,660,623,2,2.247,1
49.8007,15.841,2813,660,623,2,2.473,1
49.8179,17.195,2814,660,623,2,2.389,1
49.8316,13.710,2815,660,623,2,2.019,1
49.8539,22.232,2816,660,623,2,2.903,1
49.8687,14.793,2817,660,623,2,2.139,1
49.8875,18.854,2818,660,623,2,2.849,1
49.9023,14.820,2819,660,623,2,2.143,1
49.9205,18.176,2820,660,623,2,2.515,1
49.9340,13.444,2821,660,623,2,2.045,1
49.9519,17.901,2822,660,623,2,2.867,1
49.9659,14.035,2823,660,623,2,2.058,1
49.9854,19.533,2824,660,623,2,2.690,1
49.9998,14.407,2825,660,623,2,2.026,1
50.0176,17.804,2826,660,623,2,2.221,1
50.0349,17.234,2827,660,623,2,2.405,1
50.0554,20.488,2828,660,623,2,2.561,1
50.0699,14.574,2829,660,623,2,2.172,1
50.0891,19.202,2830,660,623,2,2.796,1
50.1103,21.117,2831,660,623,2,3.254,1
50.1265,16.211,2832,660,623,2,2.600,1
50.1401,13.670,2833,660,623,2,2.044,1
50.1586,18.515,2834,660,623,2,2.438,1
50.1713,12.635,2835,660,623,2,2.079,1
50.1884,17.070,2836,660,623,2,2.506,1
50.2037,15.373,2837,660,623,2,2.136,1
50.2234,19.716,2838,660,623,2,2.191,1
50.2355,12.056,2839,660,623,2,2.129,1
50.2532,17.654,2840,660,623,2,2.752,1
50.2674,14.206,2841,660,623,2,2.068,1
50.2833,15.925,2842,660,623,2,2.667,1
50.2969,13.636,2843,660,623,2,2.110,1
50.3107,13.808,2844,660,623,2,3.253,1
50.3255,14.812,2845,660,623,2,2.225,1
50.3433,17.738,2846,660,623,2,3.145,1
50.3598,16.554,2847,660,623,2,2.994,1
50.3774,17.592,2848,660,623,2,2.741,1
50.3936,16.134,2849,660,623,2,3.075,1
50.4107,17.141,2850,660,623,2,2.947,1
50.4264,15.709,2851,660,623,2,2.546,1
50.4471,20.673,2852,660,623,2,3.566,1
50.4624,15.304,2853,660,623,2,3.080,1
50.4770,14.610,2854,660,623,2,3.693,1
50.4971,20.072,2855,660,623,2,3.328,1
50.5156,18.546,2856,660,623,2,4.736,1
50.5311,15.473,2857,660,623,2,2.203,1
50.5477,16.595,2858,660,623,2,3.290,1
50.5630,15.356,2859,660,623,2,2.678,1
50.5762,13.166,2860,660,623,2,2.530,1
50.5923,16.140,2861,660,623,2,2.078,1
50.6103,17.939,2862,660,623,2,2.800,1
50.6254,15.139,2863,660,623,2,2.025,1
50.6440,18.547,2864,660,623,2,3.478,1
50.6595,15.483,2865,660,623,2,2.454,1
50.6776,18.130,2866,660,623,2,2.821,1
50.6940,16.468,2867,660,623,2,3.101,1
50.7105,16.426,2868,660,623,2,3.589,1
50.7254,14.885,2869,660,623,2,2.143,1
50.7436,18.191,2870,660,623,2,3.089,1
50.7594,15.810,2871,660,623,2,2.101,1
50.7817,22.360,2872,660,623,2,4.196,1
50.8000,18.320,2873,660,623,2,2.150,1
50.8158,15.797,2874,660,623,2,3.295,1
50.8306,14.757,2875,660,623,2,2.091,1
50.8441,13.472,2876,660,623,2,3.080,1
50.8598,15.777,2877,660,623,2,2.676,1
50.8776,17.716,2878,660,623,2,2.506,1
50.8939,16.341,2879,660,623,2,2.737,1
50.9099,15.986,2880,660,623,2,2.360,1
50.9272,17.283,2881,660,623,2,2.551,1
50.9431,15.934,2882,660,623,2,2.723,1
50.9592,16.060,2883,660,623,2,2.109,1
50.9776,18.396,2884,660,623,2,3.504,1
50.9925,14.988,2885,660,623,2,2.478,1
51.0103,17.707,2886,660,623,2,2.798,1
51.0257,15.417,2887,660,623,2,2.047,1
51.0441,18.448,2888,660,623,2,2.601,1
51.0604,16.289,2889,660,623,2,2.305,1
51.0773,16.911,2890,660,623,2,2.563,1
51.0964,19.103,2891,660,623,2,3.115,1
51.1107,14.299,2892,660,623,2,3.092,1
51.1263,15.627,2893,660,623,2,2.500,1
51.1428,16.487,2894,660,623,2,2.510,1
51.1594,16.519,2895,660,623,2,2.444,1
51.1774,18.080,2896,660,623,2,3.096,1
51.1923,14.900,2897,660,623,2,2.115,1
51.2100,17.623,2898,660,623,2,2.795,1
51.2259,15.920,2899,660,623,2,2.050,1
51.2431,17.199,2900,660,623,2,2.452,1
51.2594,16.340,2901,660,623,2,2.473,1
51.2772,17.803,2902,660,623,2,2.540,1
51.2923,15.129,2903,660,623,2,2.101,1
51.3099,17.512,2904,660,623,2,2.178,1
51.3263,16.398,2905,660,623,2,2.465,1
51.3431,16.846,2906,660,623,2,2.362,1
51.3589,15.784,2907,660,623,2,2.043,1
51.3764,17.468,2908,660,623,2,2.316,1
51.3931,16.739,2909,660,623,2,2.491,1
51.4101,17.035,2910,660,623,2,2.245,1
51.4279,17.761,2911,660,623,2,2.457,1
51.4442,16.347,2912,660,623,2,2.913,1
51.4606,16.320,2913,660,623,2,2.335,1
51.4765,15.908,2914,660,623,2,2.652,1
51.4949,18.401,2915,660,623,2,3.077,1
51.5141,19.271,2916,660,623,2,4.377,1
51.5305,16.411,2917,660,623,2,2.524,1
51.5501,19.573,2918,660,623,2,2.974,1
51.5643,14.170,2919,660,623,2,2.341,1
51.5779,13.597,2920,660,623,2,3.069,1
51.5916,13.715,2921,660,623,2,2.044,1
51.6094,17.841,2922,660,623,2,2.462,1
51.6247,15.275,2923,660,623,2,2.032,1
51.6426,17.918,2924,660,623,2,2.343,1
51.6590,16.368,2925,660,623,2,2.470,1
51.6765,17.545,2926,660,623,2,2.428,1
51.6916,15.086,2927,660,623,2,2.043,1
51.7104,18.720,2928,660,623,2,2.870,1
51.7300,19.667,2929,660,623,2,3.382,1
51.7471,17.106,2930,660,623,2,4.172,1
51.7624,15.310,2931,660,623,2,2.368,1
51.7762,13.773,2932,660,623,2,2.400,1
51.7917,15.474,2933,660,623,2,2.033,1
51.8099,18.210,2934,660,623,2,2.607,1
51.8261,16.176,2935,660,623,2,2.042,1
51.8433,17.233,2936,660,623,2,2.417,1
51.8582,14.875,2937,660,623,2,2.034,1
51.8759,17.738,2938,660,623,2,2.420,1
51.8915,15.606,2939,660,623,2,2.031,1
51.9089,17.403,2940,660,623,2,2.396,1
51.9252,16.275,2941,660,623,2,2.481,1
51.9452,20.025,2942,660,623,2,3.155,1
51.9592,13.950,2943,660,623,2,2.473,1
51.9770,17.786,2944,660,623,2,2.826,1
51.9929,15.928,2945,660,623,2,2.209,1
52.0097,16.832,2946,660,623,2,2.403,1
52.0257,15.948,2947,660,623,2,2.044,1
52.0429,17.206,2948,660,623,2,2.416,1
52.0588,15.966,2949,660,623,2,2.089,1
52.0761,17.227,2950,660,623,2,2.375,1
52.0916,15.564,2951,660,623,2,2.028,1
52.1089,17.221,2952,660,623,2,2.389,1
52.1247,15.881,2953,660,623,2,2.099,1
52.1422,17.501,2954,660,623,2,2.499,1
52.1584,16.153,2955,660,623,2,2.015,1
52.1806,22.195,2956,660,623,2,3.970,1
52.1958,15.180,2957,660,623,2,2.838,1
52.2102,14.419,2958,660,623,2,3.038,1
52.2257,15.533,2959,660,623,2,2.331,1
52.2470,21.273,2960,660,623,2,3.566,1
52.2677,20.687,2961,660,623,2,2.160,1
52.2844,16.702,2962,660,623,2,2.470,1
52.2966,12.179,2963,660,623,2,3.001,1
52.3098,13.292,2964,660,623,2,2.469,1
52.3250,15.158,2965,660,623,2,2.039,1
52.3423,17.250,2966,660,623,2,2.495,1
52.3582,15.896,2967,660,623,2,2.036,1
52.3778,19.682,2968,660,623,2,3.093,1
52.3948,16.969,2969,660,623,2,2.110,1
52.4110,16.160,2970,660,623,2,2.858,1
52.4269,15.939,2971,660,623,2,2.488,1
52.4431,16.238,2972,660,623,2,2.676,1
52.4583,15.117,2973,660,623,2,2.186,1
52.4769,18.633,2974,660,623,2,2.508,1
52.4951,18.194,2975,660,623,2,2.752,1
52.5147,19.576,2976,660,623,2,3.527,1
52.5300,15.357,2977,660,623,2,3.469,1
52.5454,15.334,2978,660,623,2,3.176,1
52.5622,16.885,2979,660,623,2,2.690,1
52.5774,15.174,2980,660,623,2,2.390,1
52.5922,14.799,2981,660,623,2,2.043,1
52.6089,16.664,2982,660,623,2,2.487,1
52.6258,16.949,2983,660,623,2,2.053,1
52.6445,18.694,2984,660,623,2,2.979,1
52.6586,14.047,2985,660,623,2,2.044,1
52.6779,19.286,2986,660,623,2,3.342,1
52.6936,15.771,2987,660,623,2,2.086,1
52.7115,17.866,2988,660,623,2,2.917,1
52.7258,14.358,2989,660,623,2,2.566,1
52.7425,16.620,2990,660,623,2,2.501,1
52.7618,19.338,2991,660,623,2,2.203,1
52.7776,15.771,2992,660,623,2,2.974,1
52.7916,14.031,2993,660,623,2,2.019,1
52.8091,17.457,2994,660,623,2,2.333,1
52.8261,17.019,2995,660,623,2,2.479,1
52.8439,17.772,2996,660,623,2,2.932,1
52.8614,17.526,2997,660,623,2,2.474,1
52.8768,15.377,2998,660,623,2,2.435,1
52.8923,15.542,2999,660,623,2,2.472,1
52.9100,17.696,3000,660,623,2,2.794,1
52.9251,15.093,3001,660,623,2,2.186,1
52.9425,17.443,3002,660,623,2,2.790,1
52.9584,15.910,3003,660,623,2,2.339,1
52.9772,18.721,3004,660,623,2,2.992,1
52.9921,14.939,3005,660,623,2,2.037,1
53.0093,17.152,3006,660,623,2,2.463,1
53.0249,15.602,3007,660,623,2,2.037,1
53.0423,17.452,3008,660,623,2,2.288,1
53.0581,15.831,3009,660,623,2,2.031,1
53.0757,17.595,3010,660,623,2,2.531,1
53.0915,15.790,3011,660,623,2,2.026,1
53.1101,18.611,3012,660,623,2,2.745,1
53.1261,15.928,3013,660,623,2,2.099,1
53.1444,18.347,3014,660,623,2,3.021,1
53.1607,16.252,3015,660,623,2,2.462,1
53.1774,16.742,3016,660,623,2,2.620,1
53.1923,14.858,3017,660,623,2,2.188,1
53.2091,16.811,3018,660,623,2,2.573,1
53.2254,16.372,3019,660,623,2,2.055,1
53.2425,17.092,3020,660,623,2,2.403,1
53.2588,16.232,3021,660,623,2,2.470,1
53.2756,16.824,3022,660,623,2,2.437,1
53.2913,15.750,3023,660,623,2,2.012,1
53.3093,17.970,3024,660,623,2,2.406,1
53.3268,17.471,3025,660,623,2,2.348,1
53.3427,15.891,3026,660,623,2,2.507,1
53.3584,15.691,3027,660,623,2,2.026,1
53.3770,18.648,3028,660,623,2,2.926,1
53.3944,17.383,3029,660,623,2,2.613,1
53.4094,14.953,3030,660,623,2,2.959,1
53.4255,16.140,3031,660,623,2,2.268,1
53.4427,17.250,3032,660,623,2,2.822,1
53.4586,15.810,3033,660,623,2,2.509,1
53.4759,17.359,3034,660,623,2,2.529,1
53.4964,20.521,3035,660,623,2,3.541,1
53.5144,17.975,3036,660,623,2,3.466,1
53.5302,15.803,3037,660,623,2,2.507,1
53.5429,12.706,3038,660,623,2,2.548,1
53.5590,16.121,3039,660,623,2,2.121,1
53.5762,17.203,3040,660,623,2,2.437,1
53.5912,14.986,3041,660,623,2,2.031,1
53.6092,17.977,3042,660,623,2,2.577,1
53.6249,15.704,3043,660,623,2,2.020,1
53.6430,18.067,3044,660,623,2,2.375,1
53.6598,16.814,3045,660,623,2,2.487,1
53.6760,16.240,3046,660,623,2,2.742,1
53.6916,15.598,3047,660,623,2,2.150,1
53.7092,17.534,3048,660,623,2,2.320,1
53.7252,15.992,3049,660,623,2,2.055,1
53.7427,17.573,3050,660,623,2,2.472,1
53.7586,15.829,3051,660,623,2,2.042,1
53.7756,17.028,3052,660,623,2,2.231,1
53.7914,15.795,3053,660,623,2,2.019,1
53.8088,17.452,3054,660,623,2,2.385,1
53.8248,15.943,3055,660,623,2,2.026,1
53.8433,18.563,3056,660,623,2,2.813,1
53.8597,16.383,3057,660,623,2,2.485,1
53.8758,16.079,3058,660,623,2,2.726,1
53.8920,16.254,3059,660,623,2,2.503,1
53.9090,16.960,3060,660,623,2,2.356,1
53.9250,15.966,3061,660,623,2,2.057,1
53.9425,17.501,3062,660,623,2,2.413,1
53.9581,15.674,3063,660,623,2,2.021,1
53.9755,17.326,3064,660,623,2,2.344,1
53.9919,16.455,3065,660,623,2,2.428,1
54.0089,16.932,3066,660,623,2,2.401,1
54.0253,16.457,3067,660,623,2,2.049,1
54.0422,16.843,3068,660,623,2,2.338,1
54.0587,16.500,3069,660,623,2,2.450,1
54.0763,17.666,3070,660,623,2,2.282,1
54.0934,17.044,3071,660,623,2,2.544,1
54.1090,15.668,3072,660,623,2,2.557,1
54.1259,16.886,3073,660,623,2,2.196,1
54.1427,16.727,3074,660,623,2,2.516,1
54.1591,16.458,3075,660,642,2,2.041,1
54.1769,17.795,3076,660,684,2,2.427,1
54.1923,15.429,3077,660,685,2,2.070,1
54.2101,17.731,3078,660,696,2,2.469,1
54.2260,15.943,3079,660,697,2,2.533,1
54.2434,17.439,3080,660,699,2,2.414,1
54.2592,15.744,3081,660,699,2,2.668,1
54.2771,17.940,3082,660,700,2,2.480,1
54.2938,16.622,3083,660,701,2,2.193,1
54.3105,16.717,3084,660,702,2,2.387,1
54.3261,15.621,3085,660,703,2,2.212,1
54.3437,17.631,3086,660,704,2,2.476,1
54.3590,15.314,3087,660,705,2,2.066,1
54.3771,18.028,3088,660,706,2,2.416,1
54.3927,15.684,3089,660,708,2,2.097,1
54.4095,16.763,3090,660,708,2,2.560,1
54.4266,17.104,3091,660,709,2,2.520,1
54.4440,17.391,3092,660,710,2,2.889,1
54.4590,14.959,3093,660,711,2,2.066,1
54.4775,18.551,3094,660,712,2,2.978,1
54.4967,19.171,3095,660,713,2,2.483,1
54.5160,19.297,3096,660,714,2,3.561,1
54.5324,16.396,3097,660,715,2,3.477,1
54.5483,15.874,3098,660,716,2,3.047,1
54.5646,16.337,3099,660,715,2,2.260,1
54.5814,16.803,3100,660,716,2,2.805,1
54.5951,13.716,3101,660,717,2,2.130,1
54.6106,15.444,3102,660,718,2,2.583,1
54.6259,15.313,3103,660,720,2,2.084,1
54.6425,16.651,3104,660,720,2,2.335,1
54.6596,17.071,3105,660,712,2,2.529,1
54.6767,17.079,3106,660,714,2,2.424,1
54.6924,15.717,3107,660,714,2,2.172,1
54.7138,21.449,3108,660,715,2,2.622,1
54.7327,18.888,3109,660,721,2,2.948,1
54.7478,15.095,3110,660,717,2,2.657,1
54.7607,12.861,3111,660,718,2,2.052,1
54.7758,15.134,3112,660,718,2,2.425,1
54.7932,17.359,3113,660,719,2,2.092,1
54.8107,17.529,3114,660,720,2,2.134,1
54.8280,17.256,3115,660,712,2,2.206,1
54.8432,15.276,3116,660,713,2,2.524,1
54.8595,16.259,3117,660,714,2,2.374,1
54.8778,18.264,3118,660,715,2,2.618,1
54.8929,15.144,3119,660,711,2,2.087,1
54.9093,16.393,3120,660,711,2,2.309,1
54.9262,16.861,3121,660,712,2,2.078,1
54.9441,17.951,3122,660,711,2,2.963,1
54.9598,15.644,3123,660,710,2,2.098,1
54.9764,16.642,3124,660,711,2,2.119,1
54.9926,16.245,3125,660,714,2,2.108,1
55.0115,18.900,3126,660,715,2,3.121,1
55.0261,14.532,3127,660,672,2,2.504,1
55.0435,17.446,3128,660,673,2,2.450,1
55.0601,16.594,3129,660,673,2,2.546,1
55.0767,16.551,3130,660,673,2,2.416,1
55.0924,15.751,3131,660,673,2,2.283,1
55.1091,16.649,3132,660,673,2,2.418,1
55.1254,16.341,3133,660,673,2,2.560,1
55.1442,18.807,3134,660,673,2,2.485,1
55.1614,17.193,3135,660,673,2,2.194,1
55.1759,14.516,3136,660,673,2,2.240,1
55.1932,17.294,3137,660,674,2,2.541,1
55.2102,16.950,3138,660,674,2,2.542,1
55.2272,16.997,3139,660,675,2,2.068,1
55.2436,16.476,3140,660,676,2,2.440,1
55.2598,16.120,3141,660,677,2,2.600,1
55.2775,17.764,3142,660,678,2,2.529,1
55.2929,15.354,3143,660,680,2,2.090,1
55.3120,19.171,3144,660,681,2,2.651,1
55.3261,14.103,3145,660,683,2,2.187,1
55.3433,17.179,3146,660,684,2,2.316,1
55.3603,16.966,3147,660,683,2,2.519,1
55.3788,18.518,3148,660,684,2,2.709,1
55.3946,15.807,3149,660,685,2,2.078,1
55.4117,17.057,3150,660,686,2,2.846,1
55.4265,14.784,3151,660,687,2,2.052,1
55.4423,15.813,3152,660,687,2,2.339,1
55.4592,16.879,3153,660,688,2,2.082,1
55.4768,17.653,3154,660,689,2,2.493,1
55.4955,18.665,3155,660,690,2,2.594,1
55.5151,19.623,3156,660,691,2,3.756,1
55.5312,16.135,3157,660,692,2,2.380,1
55.5478,16.538,3158,660,694,2,2.472,1
55.5608,13.002,3159,660,694,2,2.619,1
55.5772,16.436,3160,660,695,2,2.489,1
55.5935,16.337,3161,660,696,2,2.629,1
55.6104,16.867,3162,660,697,2,2.509,1
55.6262,15.772,3163,660,698,2,2.097,1
55.6431,16.949,3164,660,699,2,2.334,1
55.6598,16.637,3165,660,700,2,2.699,1
55.6775,17.766,3166,660,701,2,2.574,1
55.6981,20.542,3167,660,702,2,2.753,1
55.7186,20.558,3168,660,704,2,4.920,1
55.7319,13.300,3169,660,704,2,2.603,1
55.7463,14.410,3170,660,705,2,2.920,1
55.7605,14.146,3171,660,707,2,2.085,1
55.7794,18.916,3172,660,708,2,3.025,1
55.7957,16.298,3173,660,708,2,2.124,1
55.8095,13.785,3174,660,708,2,2.321,1
55.8262,16.758,3175,660,709,2,2.095,1
55.8436,17.399,3176,660,710,2,2.261,1
55.8602,16.522,3177,660,711,2,2.537,1
55.8774,17.214,3178,660,712,2,2.931,1
55.8926,15.221,3179,660,710,2,2.073,1
55.9098,17.159,3180,660,714,2,2.267,1
55.9259,16.095,3181,660,715,2,2.104,1
55.9431,17.232,3182,660,713,2,2.147,1
55.9592,16.140,3183,660,717,2,2.071,1
55.9776,18.400,3184,660,718,2,2.235,1
55.9940,16.423,3185,660,718,2,2.685,1
56.0117,17.645,3186,660,719,2,2.571,1
56.0269,15.181,3187,660,720,2,2.530,1
56.0432,16.363,3188,660,721,2,2.547,1
56.0625,19.222,3189,660,718,2,2.400,1
56.0778,15.347,3190,660,719,2,2.606,1
56.0951,17.266,3191,660,720,2,2.103,1
56.1100,14.881,3192,660,721,2,2.359,1
56.1270,17.023,3193,660,722,2,2.597,1
56.1433,16.308,3194,660,721,2,2.156,1
56.1599,16.622,3195,660,722,2,2.573,1
56.1767,16.763,3196,660,720,2,2.361,1
56.1944,17.776,3197,660,721,2,2.100,1
56.2106,16.173,3198,660,712,2,2.128,1
56.2287,18.087,3199,660,713,2,2.754,1
56.2446,15.890,3200,660,708,2,3.503,1
56.2599,15.323,3201,660,709,2,2.188,1
56.2771,17.207,3202,660,710,2,2.803,1
56.2928,15.707,3203,660,711,2,2.102,1
56.3103,17.461,3204,660,708,2,2.251,1
56.3262,15.944,3205,660,709,2,2.080,1
56.3435,17.228,3206,660,710,2,2.277,1
56.3591,15.670,3207,660,711,2,2.099,1
56.3764,17.269,3208,660,712,2,2.205,1
56.3926,16.160,3209,660,712,2,2.087,1
56.4107,18.169,3210,660,713,2,2.435,1
56.4262,15.434,3211,660,714,2,2.125,1
56.4447,18.496,3212,660,715,2,2.837,1
56.4612,16.500,3213,660,716,2,2.528,1
56.4772,16.051,3214,660,717,2,2.429,1
56.4948,17.629,3215,660,676,2,2.474,1
56.5156,20.775,3216,660,676,2,2.758,1
56.5265,10.895,3217,660,676,2,2.197,1
56.5423,15.827,3218,660,676,2,2.300,1
56.5598,17.454,3219,660,676,2,2.539,1
56.5777,17.921,3220,660,676,2,3.206,1
56.5949,17.176,3221,660,675,2,2.296,1
56.6102,15.281,3222,660,675,2,2.795,1
56.6270,16.807,3223,660,676,2,2.217,1
56.6459,18.913,3224,660,677,2,2.256,1
56.6628,16.880,3225,660,677,2,2.098,1
56.6779,15.143,3226,660,679,2,2.520,1
56.6928,14.929,3227,660,680,2,2.068,1
56.7113,18.405,3228,660,686,2,2.221,1
56.7269,15.685,3229,660,681,2,2.187,1
56.7458,18.855,3230,660,682,2,3.046,1
56.7604,14.598,3231,660,683,2,2.181,1
56.7766,16.209,3232,660,684,2,2.271,1
56.7956,19.018,3233,660,685,2,2.133,1
56.8109,15.301,3234,660,686,2,2.590,1
56.8273,16.428,3235,660,687,2,2.107,1
56.8450,17.671,3236,660,688,2,3.092,1
56.8602,15.145,3237,660,689,2,2.540,1
56.8784,18.227,3238,660,690,2,2.678,1
56.8943,15.863,3239,660,691,2,2.585,1
56.9101,15.897,3240,660,692,2,2.407,1
56.9255,15.364,3241,660,692,2,2.120,1
56.9463,20.803,3242,660,693,2,2.994,1
56.9602,13.921,3243,660,691,2,2.075,1
56.9787,18.467,3244,660,693,2,2.924,1
56.9937,14.950,3245,660,695,2,2.240,1
57.0108,17.192,3246,660,697,2,2.620,1
57.0262,15.355,3247,660,699,2,2.113,1
57.0496,23.415,3248,660,701,2,3.439,1
57.0658,16.204,3249,660,701,2,2.551,1
57.0824,16.566,3250,660,698,2,3.252,1
57.0949,12.530,3251,660,702,2,2.095,1
57.1115,16.583,3252,660,699,2,2.566,1
57.1292,17.745,3253,660,675,2,2.527,1
57.1448,15.602,3254,660,623,2,3.197,1
57.1589,14.080,3255,660,623,2,2.483,1
57.1780,19.063,3256,660,680,2,2.962,1
57.1968,18.829,3257,660,686,2,2.793,1
57.2123,15.464,3258,660,709,2,2.900,1
57.2312,18.919,3259,660,710,2,2.560,1
57.2442,13.017,3260,660,705,2,2.494,1
57.2607,16.487,3261,660,706,2,2.612,1
57.2786,17.921,3262,660,707,2,2.740,1
57.2946,15.951,3263,660,713,2,2.270,1
57.3107,16.087,3264,660,709,2,2.462,1
57.3263,15.674,3265,660,715,2,2.089,1
57.3463,19.946,3266,660,716,2,2.980,1
57.3614,15.102,3267,660,718,2,2.524,1
57.3779,16.509,3268,660,718,2,3.028,1
57.3937,15.773,3269,660,719,2,2.568,1
57.4105,16.796,3270,660,719,2,3.011,1
57.4264,15.959,3271,660,715,2,2.533,1
57.4484,21.981,3272,660,716,2,3.486,1
57.4620,13.626,3273,660,721,2,2.168,1
57.4790,16.987,3274,660,719,2,3.033,1
57.4950,16.015,3275,660,719,2,2.357,1
57.5151,20.056,3276,660,720,2,2.792,1
57.5337,18.638,3277,660,721,2,2.224,1
57.5542,20.465,3278,660,720,2,3.683,1
57.5718,17.565,3279,660,701,2,3.131,1
57.5887,16.905,3280,660,702,2,3.083,1
57.6017,13.045,3281,660,703,2,2.238,1
57.6165,14.839,3282,660,653,2,3.317,1
57.6299,13.359,3283,660,648,2,2.466,1
57.6502,20.318,3284,660,648,2,3.143,1
57.6655,15.243,3285,660,705,2,2.976,1
57.6829,17.468,3286,660,657,2,4.165,1
57.6968,13.854,3287,660,645,2,2.637,1
57.7132,16.436,3288,660,645,2,4.436,1
57.7311,17.841,3289,660,642,2,2.068,1
57.7459,14.789,3290,660,642,2,2.566,1
57.7605,14.673,3291,660,623,2,2.013,1
57.7767,16.132,3292,660,623,2,2.442,1
57.7941,17.437,3293,660,623,2,2.105,1
57.8138,19.699,3294,660,623,2,2.865,1
57.8258,12.049,3295,660,623,2,2.435,1
57.8435,17.614,3296,660,623,2,2.246,1
57.8602,16.766,3297,660,623,2,2.062,1
57.8765,16.313,3298,660,623,2,2.046,1
57.8929,16.337,3299,660,623,2,2.485,1
57.9090,16.090,3300,660,623,2,2.275,1
57.9253,16.325,3301,660,623,2,2.478,1
57.9433,18.014,3302,660,623,2,3.034,1
57.9585,15.234,3303,660,623,2,2.458,1
57.9759,17.332,3304,660,623,2,2.494,1
57.9942,18.372,3305,660,623,2,2.574,1
58.0089,14.683,3306,660,623,2,2.575,1
58.0248,15.898,3307,660,623,2,2.143,1
58.0437,18.871,3308,660,623,2,3.307,1
58.0593,15.582,3309,660,623,2,2.037,1
58.0767,17.461,3310,660,623,2,2.031,1
58.0950,18.295,3311,660,623,2,2.475,1
58.1095,14.440,3312,660,623,2,2.444,1
58.1250,15.518,3313,660,623,2,2.036,1
58.1438,18.790,3314,660,623,2,3.042,1
58.1637,19.916,3315,660,642,2,2.185,1
58.1836,19.931,3316,660,668,2,3.374,1
58.1977,14.075,3317,660,674,2,2.151,1
58.2144,16.746,3318,660,686,2,3.366,1
58.2297,15.278,3319,660,687,2,2.666,1
58.2459,16.218,3320,660,688,2,3.342,1
58.2595,13.585,3321,660,689,2,2.461,1
58.2780,18.456,3322,660,690,2,3.111,1
58.2943,16.288,3323,660,691,2,2.236,1
58.3111,16.780,3324,660,692,2,2.463,1
58.3269,15.878,3325,660,693,2,2.102,1
58.3440,17.088,3326,660,695,2,2.526,1
58.3597,15.687,3327,660,697,2,2.042,1
58.3795,19.836,3328,660,697,2,3.116,1
58.3941,14.522,3329,660,699,2,2.093,1
58.4096,15.512,3330,660,699,2,2.259,1
58.4253,15.763,3331,660,699,2,2.051,1
58.4444,19.057,3332,660,701,2,2.545,1
58.4596,15.187,3333,660,701,2,2.554,1
58.4778,18.263,3334,660,703,2,2.526,1
58.4955,17.660,3335,660,703,2,2.649,1
58.5155,20.011,3336,660,704,2,3.486,1
58.5292,13.638,3337,660,704,2,2.345,1
58.5481,18.917,3338,660,705,2,3.319,1
58.5611,12.990,3339,660,706,2,2.065,1
58.5786,17.587,3340,660,708,2,2.634,1
58.5925,13.863,3341,660,708,2,2.099,1
58.6111,18.570,3342,660,710,2,2.469,1
58.6288,17.715,3343,660,711,2,2.254,1
58.6457,16.928,3344,660,711,2,2.660,1
58.6603,14.555,3345,660,712,2,2.109,1
58.6784,18.146,3346,660,713,2,2.509,1
58.6941,15.692,3347,660,724,2,2.550,1
58.7116,17.518,3348,660,724,2,3.192,1
58.7272,15.574,3349,660,716,2,2.569,1
58.7436,16.441,3350,660,716,2,2.577,1
58.7615,17.887,3351,660,717,2,2.549,1
58.7777,16.213,3352,660,717,2,2.711,1
58.7951,17.356,3353,660,717,2,3.080,1
58.8127,17.642,3354,660,718,2,2.888,1
58.8272,14.424,3355,660,719,2,2.542,1
58.8439,16.768,3356,660,713,2,2.462,1
58.8597,15.757,3357,660,716,2,2.126,1
58.8795,19.846,3358,660,715,2,2.611,1
58.8935,13.962,3359,660,716,2,2.094,1
58.9129,19.408,3360,660,718,2,3.095,1
58.9257,12.756,3361,660,718,2,2.116,1
58.9459,20.237,3362,660,719,2,3.072,1
58.9626,16.697,3363,660,706,2,2.548,1
58.9784,15.794,3364,660,707,2,2.382,1
58.9946,16.209,3365,660,708,2,2.575,1
59.0119,17.299,3366,660,709,2,2.803,1
59.0283,16.407,3367,660,710,2,2.285,1
59.0474,19.110,3368,660,711,2,3.401,1
59.0635,16.039,3369,660,712,2,2.215,1
59.0792,15.747,3370,660,713,2,2.556,1
59.0947,15.448,3371,660,714,2,2.569,1
59.1123,17.676,3372,660,715,2,3.232,1
59.1262,13.882,3373,660,712,2,2.095,1
59.1446,18.341,3374,660,724,2,2.097,1
59.1646,20.016,3375,660,724,2,2.293,1
59.1827,18.088,3376,660,713,2,2.823,1
59.1963,13.645,3377,660,676,2,2.487,1
59.2140,17.733,3378,660,676,2,3.241,1
59.2286,14.571,3379,660,676,2,2.382,1
59.2485,19.939,3380,660,678,2,3.266,1
59.2647,16.118,3381,660,678,2,2.635,1
59.2811,16.457,3382,660,679,2,2.825,1
59.2969,15.807,3383,660,679,2,2.156,1
59.3156,18.665,3384,660,679,2,4.018,1
59.3297,14.072,3385,660,679,2,2.198,1
59.3458,16.091,3386,660,679,2,3.029,1
59.3615,15.717,3387,660,679,2,2.178,1
59.3793,17.805,3388,660,679,2,2.964,1
59.3939,14.606,3389,660,679,2,2.160,1
59.4133,19.425,3390,660,679,2,3.221,1
59.4305,17.171,3391,660,679,2,2.660,1
59.4473,16.859,3392,660,679,2,2.890,1
59.4602,12.836,3393,660,679,2,2.228,1
59.4776,17.423,3394,660,680,2,2.642,1
59.4953,17.665,3395,660,680,2,2.258,1
59.5160,20.697,3396,660,681,2,3.323,1
59.5327,16.779,3397,660,682,2,2.697,1
59.5495,16.801,3398,660,683,2,2.980,1
59.5635,13.960,3399,660,684,2,2.079,1
59.5793,15.769,3400,660,685,2,2.512,1
59.5944,15.174,3401,660,686,2,2.570,1
59.6147,20.211,3402,660,687,2,3.759,1
59.6307,16.008,3403,660,688,2,2.055,1
59.6486,17.983,3404,660,689,2,3.202,1
59.6650,16.368,3405,660,690,2,2.614,1
59.6798,14.836,3406,660,691,2,2.870,1
59.6954,15.550,3407,660,692,2,2.194,1
59.7132,17.772,3408,660,693,2,3.022,1
59.7298,16.595,3409,660,694,2,2.382,1
59.7450,15.266,3410,660,695,2,2.177,1
59.7616,16.564,3411,660,696,2,2.581,1
59.7785,16.943,3412,660,698,2,2.326,1
59.7953,16.731,3413,660,699,2,2.485,1
59.8126,17.300,3414,660,700,2,2.763,1
59.8284,15.808,3415,660,700,2,2.261,1
59.8525,24.146,3416,660,702,2,4.059,1
59.8681,15.592,3417,660,702,2,2.608,1
59.8878,19.686,3418,660,703,2,3.230,1
59.9030,15.242,3419,660,704,2,2.176,1
59.9254,22.311,3420,660,704,2,2.951,1
59.9429,17.548,3421,660,705,2,3.437,1
59.9628,19.853,3422,660,706,2,2.470,1
59.9810,18.276,3423,660,707,2,3.326,1
59.9964,15.379,3424,660,708,2,2.203,1
60.0122,15.776,3425,660,709,2,2.139,1
60.0332,20.996,3426,660,710,2,2.435,1
60.0516,18.437,3427,660,711,2,2.879,1
60.0660,14.364,3428,660,712,2,2.881,1
60.0911,25.101,3429,660,713,2,4.018,1
60.1069,15.819,3430,660,714,2,2.895,1
60.1254,18.461,3431,660,715,2,3.324,1
60.1449,19.545,3432,660,716,2,2.430,1
60.1657,20.826,3433,660,717,2,2.256,1
60.1863,20.530,3434,660,718,2,3.425,1
60.1992,12.888,3435,660,718,2,2.383,1
60.2175,18.306,3436,660,720,2,2.834,1
60.2381,20.607,3437,660,718,2,3.717,1
60.2579,19.832,3438,660,700,2,3.425,1
60.2732,15.312,3439,660,703,2,3.472,1
60.2907,17.504,3440,660,720,2,4.018,1
60.3062,15.463,3441,660,722,2,3.772,1
60.3219,15.751,3442,660,722,2,2.979,1
60.3358,13.846,3443,660,717,2,2.135,1
60.3531,17.349,3444,660,709,2,3.705,1
60.3665,13.419,3445,660,710,2,2.580,1
60.3850,18.488,3446,660,713,2,3.458,1
60.4000,15.020,3447,660,692,2,2.176,1
60.4221,22.071,3448,660,692,2,2.831,1
60.4339,11.826,3449,660,708,2,2.125,1
60.4495,15.545,3450,660,709,2,3.076,1
60.4630,13.533,3451,660,710,2,2.058,1
60.4800,16.996,3452,660,711,2,2.582,1
60.4971,17.053,3453,660,712,2,2.340,1
60.5173,20.215,3454,660,713,2,3.990,1
60.5320,14.701,3455,660,714,2,2.582,1
60.5498,17.801,3456,660,715,2,3.245,1
60.5636,13.763,3457,660,713,2,2.354,1
60.5780,14.480,3458,660,694,2,2.096,1
60.5954,17.338,3459,660,695,2,2.758,1
60.6095,14.147,3460,660,695,2,2.513,1
60.6266,17.093,3461,660,716,2,2.419,1
60.6385,11.850,3462,660,695,2,3.114,1
60.6581,19.671,3463,660,695,2,2.688,1
60.6716,13.433,3464,660,695,2,2.856,1
60.6899,18.373,3465,660,695,2,3.028,1
60.7046,14.660,3466,660,695,2,2.948,1
60.7218,17.198,3467,660,695,2,2.907,1
60.7375,15.663,3468,660,695,2,3.241,1
60.7562,18.704,3469,660,696,2,2.766,1
60.7726,16.440,3470,660,697,2,3.092,1
60.7896,16.996,3471,660,697,2,2.749,1
60.8042,14.556,3472,660,697,2,2.945,1
60.8215,17.302,3473,660,697,2,2.535,1
60.8378,16.307,3474,660,697,2,2.895,1
60.8564,18.602,3475,660,698,2,3.137,1
60.8708,14.436,3476,660,698,2,2.834,1
60.8892,18.402,3477,660,698,2,3.125,1
60.9063,17.060,3478,660,698,2,2.912,1
60.9220,15.719,3479,660,698,2,2.880,1
60.9385,16.507,3480,660,698,2,2.788,1
60.9565,17.993,3481,660,698,2,3.331,1
60.9715,14.973,3482,660,698,2,2.483,1
60.9883,16.802,3483,660,698,2,2.869,1
61.0049,16.634,3484,660,699,2,3.004,1
61.0234,18.476,3485,660,700,2,2.936,1
61.0378,14.447,3486,660,700,2,2.996,1
61.0553,17.469,3487,660,700,2,2.733,1
61.0710,15.665,3488,660,700,2,2.800,1
61.0898,18.821,3489,660,701,2,3.031,1
61.1047,14.929,3490,660,701,2,2.523,1
61.1228,18.074,3491,660,701,2,2.943,1
61.1428,20.046,3492,660,701,2,3.653,1
61.1622,19.423,3493,660,701,2,2.786,1
61.1809,18.613,3494,660,701,2,2.471,1
61.1984,17.510,3495,660,701,2,2.089,1
61.2179,19.514,3496,660,701,2,3.427,1
61.2320,14.080,3497,660,701,2,2.278,1
61.2527,20.756,3498,660,703,2,4.085,1
61.2653,12.630,3499,660,703,2,2.202,1
61.2877,22.371,3500,660,703,2,3.776,1
61.3062,18.528,3501,660,704,2,3.062,1
61.3238,17.569,3502,660,706,2,3.158,1
61.3361,12.274,3503,660,706,2,2.217,1
61.3564,20.320,3504,660,707,2,3.658,1
61.3684,12.006,3505,660,708,2,2.247,1
61.3915,23.081,3506,660,709,2,3.957,1
61.4130,21.536,3507,660,709,2,2.643,1
61.4280,14.927,3508,660,711,2,2.105,1
61.4420,14.059,3509,660,712,2,2.753,1
61.4578,15.810,3510,660,713,2,2.428,1
61.4714,13.573,3511,660,714,2,2.708,1
61.4896,18.172,3512,660,715,2,3.795,1
61.5138,24.217,3513,660,715,2,3.770,1
61.5344,20.629,3514,660,716,2,2.732,1
61.5506,16.211,3515,660,718,2,3.426,1
61.5646,13.919,3516,660,718,2,2.272,1
61.5841,19.518,3517,660,720,2,3.386,1
61.6005,16.475,3518,660,720,2,2.355,1
61.6209,20.323,3519,660,721,2,2.350,1
61.6348,13.893,3520,660,722,2,2.111,1
61.6521,17.344,3521,660,720,2,3.334,1
61.6687,16.626,3522,660,721,2,2.087,1
61.6902,21.456,3523,660,722,2,2.775,1
61.7009,10.675,3524,660,723,2,2.112,1
61.7207,19.811,3525,660,719,2,3.821,1
61.7345,13.809,3526,660,719,2,2.246,1
61.7521,17.641,3527,660,718,2,3.171,1
61.7642,12.124,3528,660,719,2,2.148,1
61.7817,17.490,3529,660,713,2,3.487,1
61.7961,14.343,3530,660,714,2,2.127,1
61.8143,18.219,3531,660,715,2,2.686,1
61.8290,14.658,3532,660,708,2,2.198,1
61.8403,11.317,3533,660,711,2,2.773,1
61.8553,15.024,3534,660,712,2,2.607,1
61.8689,13.591,3535,660,713,2,2.102,1
61.8886,19.688,3536,660,710,2,2.512,1
61.9104,21.777,3537,660,712,2,3.387,1
61.9266,16.260,3538,660,713,2,3.377,1
61.9446,17.947,3539,660,714,2,3.078,1
61.9604,15.787,3540,660,715,2,3.099,1
61.9723,11.920,3541,660,715,2,2.545,1
61.9906,18.373,3542,660,715,2,3.778,1
62.0074,16.733,3543,660,716,2,2.914,1
62.0264,19.032,3544,660,717,2,3.272,1
62.0378,11.431,3545,660,710,2,3.250,1
62.0541,16.285,3546,660,710,2,2.202,1
62.0739,19.797,3547,660,712,2,3.343,1
62.0914,17.482,3548,660,713,2,3.365,1
62.1034,11.956,3549,660,713,2,2.284,1
62.1217,18.313,3550,660,713,2,2.537,1
62.1354,13.701,3551,660,713,2,2.280,1
62.1534,18.070,3552,660,713,2,2.202,1
62.1680,14.559,3553,660,713,2,2.145,1
62.1861,18.118,3554,660,713,2,2.176,1
62.2013,15.200,3555,660,713,2,2.145,1
62.2250,23.667,3556,660,715,2,3.808,1
62.2390,13.975,3557,660,716,2,3.232,1
62.2553,16.373,3558,660,716,2,2.495,1
62.2751,19.794,3559,660,717,2,3.325,1
62.2954,20.270,3560,660,716,2,2.637,1
62.3092,13.792,3561,660,716,2,2.755,1
62.3265,17.336,3562,660,716,2,2.940,1
62.3414,14.891,3563,660,718,2,3.263,1
62.3591,17.711,3564,660,719,2,3.584,1
62.3705,11.332,3565,660,719,2,2.284,1
62.3891,18.639,3566,660,720,2,2.400,1
62.4013,12.223,3567,660,720,2,2.237,1
62.4213,20.021,3568,660,720,2,2.736,1
62.4361,14.725,3569,660,720,2,2.781,1
62.4545,18.446,3570,660,721,2,2.581,1
62.4767,22.216,3571,660,722,2,2.365,1
62.4995,22.762,3572,660,722,2,3.350,1
62.5206,21.110,3573,660,722,2,3.055,1
62.5354,14.808,3574,660,723,2,2.117,1
62.5513,15.859,3575,660,723,2,3.001,1
62.5649,13.670,3576,660,723,2,2.130,1
62.5832,18.248,3577,660,723,2,3.046,1
62.5995,16.275,3578,660,725,2,2.627,1
62.6129,13.451,3579,660,725,2,2.522,1
62.6307,17.807,3580,660,726,2,2.755,1
62.6509,20.150,3581,660,726,2,4.690,1
62.6649,13.979,3582,660,726,2,2.170,1
62.6808,15.960,3583,660,726,2,2.551,1
62.6998,19.001,3584,660,726,2,2.165,1
62.7253,25.460,3585,660,726,2,3.663,1
62.7383,13.001,3586,660,727,2,2.239,1
62.7553,16.997,3587,660,727,2,2.399,1
62.7698,14.538,3588,660,728,2,2.277,1
62.7863,16.529,3589,660,728,2,2.757,1
62.8008,14.478,3590,660,728,2,2.074,1
62.8218,21.034,3591,660,728,2,2.755,1
62.8338,11.949,3592,660,728,2,2.135,1
62.8509,17.079,3593,660,728,2,2.846,1
62.8638,12.921,3594,660,728,2,2.087,1
62.8808,17.041,3595,660,728,2,2.895,1
62.8965,15.633,3596,660,728,2,2.683,1
62.9108,14.296,3597,660,728,2,2.629,1
62.9258,15.072,3598,660,728,2,2.155,1
62.9515,25.672,3599,660,728,2,3.735,1
62.9677,16.155,3600,660,728,2,2.369,1
62.9911,23.410,3601,660,728,2,3.144,1
63.0036,12.496,3602,660,728,2,2.847,1
63.0221,18.495,3603,660,728,2,2.765,1
63.0356,13.494,3604,660,728,2,2.240,1
63.0517,16.112,3605,660,728,2,3.342,1
63.0650,13.303,3606,660,728,2,2.078,1
63.0822,17.268,3607,660,728,2,3.189,1
63.0965,14.231,3608,660,728,2,2.136,1
63.1121,15.611,3609,660,729,2,3.223,1
63.1271,15.038,3610,660,728,2,2.634,1
63.1425,15.356,3611,660,728,2,3.466,1
63.1612,18.722,3612,660,728,2,2.883,1
63.1838,22.629,3613,660,728,2,4.034,1
63.1999,16.109,3614,660,728,2,2.113,1
63.2245,24.605,3615,660,728,2,3.783,1
63.2405,15.933,3616,660,728,2,3.289,1
63.2600,19.504,3617,660,728,2,2.886,1
63.2813,21.330,3618,660,728,2,3.521,1
63.2984,17.054,3619,660,728,2,2.166,1
63.3180,19.616,3620,660,729,2,3.272,1
63.3359,17.944,3621,660,728,2,2.392,1
63.3554,19.502,3622,660,728,2,3.003,1
63.3755,20.092,3623,660,728,2,3.266,1
63.3942,18.728,3624,660,728,2,4.334,1
63.4074,13.181,3625,660,728,2,2.657,1
63.4243,16.856,3626,660,728,2,2.697,1
63.4373,13.061,3627,660,730,2,2.759,1
63.4535,16.106,3628,660,728,2,2.633,1
63.4683,14.864,3629,660,728,2,2.309,1
63.4865,18.187,3630,660,728,2,3.479,1
63.5024,15.926,3631,660,728,2,2.492,1
63.5197,17.306,3632,660,728,2,2.411,1
63.5321,12.376,3633,660,728,2,2.943,1
63.5468,14.647,3634,660,728,2,3.258,1
63.5604,13.623,3635,660,728,2,2.625,1
63.5722,11.865,3636,660,728,2,2.233,1
63.5898,17.572,3637,660,728,2,3.013,1
63.6052,15.406,3638,660,728,2,2.248,1
63.6250,19.732,3639,660,728,2,3.108,1
63.6389,13.961,3640,660,728,2,2.451,1
63.6569,17.993,3641,660,728,2,2.833,1
63.6741,17.213,3642,660,728,2,3.078,1
63.6904,16.256,3643,660,728,2,2.603,1
63.7066,16.262,3644,660,728,2,2.318,1
63.7241,17.506,3645,660,728,2,3.063,1
63.7440,19.862,3646,660,728,2,3.272,1
63.7619,17.886,3647,660,728,2,2.879,1
63.7774,15.491,3648,660,728,2,3.252,1
63.7950,17.591,3649,660,728,2,2.833,1
63.8115,16.480,3650,660,728,2,3.109,1
63.8280,16.562,3651,660,728,2,2.915,1
63.8392,11.178,3652,660,728,2,2.201,1
63.8569,17.715,3653,660,728,2,2.194,1
63.8733,16.412,3654,660,728,2,2.287,1
63.8939,20.621,3655,660,728,2,4.078,1
63.9068,12.865,3656,660,728,2,2.683,1
63.9254,18.596,3657,660,729,2,3.075,1
63.9411,15.657,3658,660,728,2,2.415,1
63.9562,15.175,3659,660,728,2,2.220,1
63.9729,16.620,3660,660,728,2,2.371,1
63.9899,17.058,3661,660,728,2,2.791,1
64.0061,16.204,3662,660,728,2,2.713,1
64.0237,17.585,3663,660,728,2,2.500,1
64.0391,15.407,3664,660,728,2,2.382,1
64.0557,16.576,3665,660,728,2,2.129,1
64.0727,17.008,3666,660,728,2,2.252,1
64.0907,18.009,3667,660,728,2,2.658,1
64.1058,15.100,3668,660,728,2,2.274,1
64.1228,16.988,3669,660,728,2,2.480,1
64.1389,16.078,3670,660,728,2,2.811,1
64.1576,18.752,3671,660,728,2,3.237,1
64.1759,18.270,3672,660,728,2,2.395,1
64.1894,13.467,3673,660,728,2,2.170,1
64.2059,16.495,3674,660,728,2,2.693,1
64.2231,17.296,3675,660,728,2,2.654,1
64.2389,15.727,3676,660,728,2,2.193,1
64.2571,18.232,3677,661,728,2,2.602,1
64.2723,15.153,3678,660,728,2,2.193,1
64.2897,17.473,3679,660,728,2,2.128,1
64.3055,15.752,3680,661,729,2,2.232,1
64.3233,17.853,3681,661,728,2,2.125,1
64.3377,14.323,3682,661,728,2,2.247,1
64.3566,18.954,3683,661,729,2,2.142,1
64.3738,17.225,3684,662,728,2,2.182,1
64.3908,16.989,3685,661,728,2,2.488,1
64.4095,18.676,3686,661,728,2,3.512,1
64.4268,17.320,3687,662,728,2,3.556,1
64.4392,12.402,3688,662,728,2,2.218,1
64.4569,17.705,3689,661,728,2,2.187,1
64.4724,15.473,3690,662,728,2,2.166,1
64.4922,19.834,3691,662,728,2,3.021,1
64.5102,17.950,3692,662,728,2,3.738,1
64.5273,17.091,3693,662,728,2,2.928,1
64.5466,19.271,3694,662,728,2,5.504,1
64.5629,16.378,3695,662,728,2,2.615,1
64.5807,17.801,3696,662,728,2,3.063,1
64.5951,14.391,3697,662,728,2,2.761,1
64.6100,14.858,3698,662,728,2,3.045,1
64.6250,15.052,3699,662,728,2,3.004,1
64.6378,12.757,3700,662,728,2,2.247,1
64.6568,19.045,3701,662,728,2,2.606,1
64.6733,16.475,3702,662,728,2,2.689,1
64.6908,17.472,3703,661,728,2,2.667,1
64.7056,14.842,3704,662,728,2,2.527,1
64.7226,16.969,3705,662,728,2,2.394,1
64.7391,16.503,3706,661,728,2,2.236,1
64.7564,17.314,3707,662,728,2,2.134,1
64.7730,16.573,3708,662,728,2,2.181,1
64.7904,17.409,3709,661,728,2,2.660,1
64.8052,14.855,3710,662,728,2,2.194,1
64.8243,19.011,3711,661,728,2,2.688,1
64.8377,13.451,3712,661,728,2,2.239,1
64.8566,18.934,3713,662,728,2,2.148,1
64.8719,15.213,3714,661,728,2,2.250,1
64.8904,18.542,3715,661,728,2,2.668,1
64.9054,15.006,3716,660,728,2,2.209,1
64.9236,18.214,3717,661,728,2,2.622,1
64.9403,16.674,3718,660,728,2,2.176,1
64.9572,16.946,3719,660,728,2,2.861,1
64.9725,15.269,3720,660,728,2,2.937,1
64.9885,15.991,3721,660,728,2,2.285,1
65.0047,16.186,3722,660,728,2,2.411,1
65.0237,19.024,3723,659,728,2,2.697,1
65.0390,15.336,3724,660,728,2,2.231,1
65.0563,17.259,3725,659,728,2,2.141,1
65.0759,19.639,3726,659,728,2,2.940,1
65.0961,20.204,3727,658,730,2,3.237,1
65.1189,22.781,3728,658,728,2,4.449,1
65.1353,16.340,3729,659,728,2,2.191,1
65.1532,17.944,3730,658,728,2,2.449,1
65.1676,14.387,3731,658,728,2,2.515,1
65.1853,17.675,3732,657,728,2,2.348,1
65.2001,14.783,3733,658,728,2,2.128,1
65.2161,16.036,3734,657,728,2,2.909,1
65.2305,14.386,3735,657,728,2,2.126,1
65.2481,17.636,3736,656,728,2,2.793,1
65.2621,13.990,3737,656,728,2,2.514,1
65.2756,13.502,3738,656,728,2,2.740,1
65.2896,13.961,3739,656,728,2,2.106,1
65.3074,17.807,3740,655,728,2,2.679,1
65.3234,15.990,3741,655,728,2,2.781,1
65.3387,15.337,3742,654,729,2,2.209,1
65.3575,18.792,3743,655,729,2,2.777,1
65.3717,14.229,3744,654,729,2,2.201,1
65.3900,18.303,3745,653,729,2,2.691,1
65.4046,14.594,3746,653,729,2,2.220,1
65.4244,19.800,3747,652,729,2,2.634,1
65.4381,13.698,3748,652,729,2,2.216,1
65.4556,17.441,3749,652,729,2,2.400,1
65.4719,16.332,3750,652,733,2,2.503,1
65.4939,22.006,3751,651,733,2,3.459,1
65.5143,20.447,3752,651,729,2,3.837,1
65.5275,13.186,3753,650,731,2,2.680,1
65.5397,12.208,3754,649,729,2,2.171,1
65.5564,16.669,3755,650,729,2,2.644,1
65.5711,14.659,3756,650,729,2,2.192,1
65.5894,18.365,3757,651,729,2,2.181,1
65.6044,14.951,3758,651,729,2,2.260,1
65.6242,19.771,3759,652,729,2,2.393,1
65.6383,14.147,3760,652,729,2,2.787,1
65.6563,18.016,3761,652,729,2,2.725,1
65.6740,17.668,3762,653,729,2,2.955,1
65.6906,16.581,3763,653,729,2,2.409,1
65.7067,16.100,3764,654,729,2,2.436,1
65.7219,15.203,3765,654,729,2,2.351,1
65.7392,17.310,3766,654,729,2,2.564,1
65.7602,21.009,3767,655,729,2,2.967,1
65.7766,16.408,3768,655,729,2,3.039,1
65.7935,16.860,3769,656,729,2,2.754,1
65.8048,11.354,3770,656,729,2,2.225,1
65.8223,17.541,3771,656,729,2,2.671,1
65.8399,17.503,3772,657,733,2,2.194,1
65.8568,16.916,3773,657,729,2,2.704,1
65.8727,15.950,3774,657,730,2,2.265,1
65.8907,17.937,3775,658,729,2,2.633,1
65.9052,14.499,3776,658,735,2,2.220,1
65.9240,18.819,3777,658,729,2,2.723,1
65.9391,15.130,3778,659,729,2,2.475,1
65.9576,18.454,3779,659,729,2,2.929,1
65.9719,14.362,3780,659,729,2,2.195,1
65.9896,17.649,3781,660,729,2,2.163,1
66.0054,15.819,3782,660,729,2,2.752,1
66.0240,18.640,3783,660,729,2,2.900,1
66.0391,15.058,3784,661,729,2,2.226,1
66.0561,17.017,3785,661,729,2,2.684,1
66.0715,15.372,3786,661,729,2,2.745,1
66.0897,18.245,3787,662,729,2,2.679,1
66.1089,19.173,3788,662,729,2,2.607,1
66.1262,17.356,3789,662,729,2,3.005,1
66.1420,15.713,3790,663,730,2,2.152,1
66.1568,14.834,3791,663,730,2,2.837,1
66.1727,15.885,3792,663,729,2,2.644,1
66.1895,16.813,3793,663,729,2,2.732,1
66.2094,19.902,3794,664,729,2,2.659,1
66.2270,17.570,3795,664,730,2,2.779,1
66.2409,13.959,3796,664,730,2,2.129,1
66.2576,16.718,3797,665,730,2,2.947,1
66.2722,14.597,3798,665,735,2,2.281,1
66.2916,19.402,3799,665,730,2,2.532,1
66.3046,12.999,3800,665,730,2,2.218,1
66.3232,18.582,3801,666,730,2,2.717,1
66.3380,14.790,3802,666,730,2,2.187,1
66.3554,17.352,3803,666,730,2,2.204,1
66.3711,15.739,3804,666,730,2,2.207,1
66.3923,21.198,3805,666,730,2,2.464,1
66.4069,14.609,3806,667,730,2,2.386,1
66.4235,16.623,3807,667,730,2,2.920,1
66.4382,14.686,3808,667,730,2,2.561,1
66.4559,17.642,3809,667,730,2,2.273,1
66.4721,16.217,3810,668,730,2,2.222,1
66.4931,20.996,3811,668,730,2,3.410,1
66.5094,16.307,3812,668,730,2,2.362,1
66.5267,17.315,3813,668,730,2,2.573,1
66.5421,15.359,3814,668,730,2,2.881,1
66.5630,20.994,3815,669,730,2,3.881,1
66.5807,17.633,3816,669,730,2,4.376,1
66.5949,14.242,3817,669,730,2,2.902,1
66.6086,13.702,3818,669,730,2,2.688,1
66.6244,15.761,3819,669,730,2,2.280,1
66.6495,25.125,3820,670,730,2,4.910,1
66.6628,13.327,3821,670,730,2,2.938,1
66.6786,15.730,3822,670,730,2,3.314,1
66.6934,14.848,3823,670,730,2,2.585,1
66.7067,13.281,3824,670,730,2,2.177,1
66.7226,15.890,3825,671,730,2,2.204,1
66.7381,15.562,3826,671,730,2,2.246,1
66.7561,17.953,3827,671,729,2,2.181,1
66.7712,15.131,3828,671,729,2,2.264,1
66.7895,18.313,3829,671,729,2,2.498,1
66.8063,16.805,3830,671,729,2,2.269,1
66.8237,17.379,3831,672,729,2,2.776,1
66.8378,14.053,3832,672,729,2,2.269,1
66.8551,17.354,3833,672,729,2,2.203,1
66.8726,17.496,3834,672,729,2,2.715,1
66.8887,16.101,3835,672,729,2,2.149,1
66.9049,16.130,3836,672,729,2,2.368,1
66.9221,17.274,3837,672,729,2,2.273,1
66.9378,15.638,3838,672,729,2,2.454,1
66.9573,19.534,3839,673,729,2,2.422,1
66.9717,14.425,3840,673,730,2,2.273,1
66.9897,17.938,3841,673,730,2,2.865,1
67.0046,14.906,3842,673,730,2,2.271,1
67.0226,17.974,3843,673,730,2,2.670,1
67.0377,15.190,3844,673,730,2,2.306,1
67.0561,18.363,3845,673,730,2,2.741,1
67.0721,16.027,3846,673,730,2,2.893,1
67.0903,18.155,3847,673,730,2,2.691,1
67.1053,15.024,3848,674,730,2,2.216,1
67.1228,17.512,3849,674,730,2,2.199,1
67.1384,15.586,3850,674,730,2,2.226,1
67.1556,17.157,3851,674,730,2,2.514,1
67.1714,15.794,3852,674,730,2,2.472,1
67.1889,17.525,3853,674,730,2,2.150,1
67.2049,15.988,3854,674,730,2,2.278,1
67.2228,17.879,3855,674,730,2,2.233,1
67.2377,14.950,3856,674,730,2,2.226,1
67.2555,17.753,3857,674,730,2,2.209,1
67.2718,16.311,3858,674,730,2,2.754,1
67.2947,22.941,3859,674,730,2,2.905,1
67.3115,16.772,3860,674,730,2,3.222,1
67.3265,15.063,3861,674,730,2,2.274,1
67.3399,13.380,3862,674,730,2,2.277,1
67.3581,18.207,3863,675,730,2,2.911,1
67.3777,19.573,3864,675,729,2,2.538,1
67.3941,16.380,3865,675,729,2,2.724,1
67.4076,13.493,3866,675,729,2,2.236,1
67.4243,16.676,3867,675,729,2,2.789,1
67.4405,16.232,3868,675,728,2,2.329,1
67.4600,19.538,3869,675,728,2,2.971,1
67.4823,22.240,3870,675,728,2,4.524,1
67.5037,21.400,3871,675,728,2,3.259,1
67.5294,25.776,3872,675,728,2,3.795,1
67.5540,24.516,3873,675,728,2,3.631,1
67.5696,15.665,3874,675,728,2,2.269,1
67.5876,17.994,3875,675,728,2,2.441,1
67.6034,15.771,3876,675,728,2,2.535,1
67.6228,19.464,3877,675,727,2,3.469,1
67.6443,21.459,3878,675,727,2,2.302,1
67.6598,15.456,3879,675,727,2,2.289,1
67.6737,13.918,3880,675,726,2,2.210,1
67.6915,17.846,3881,675,725,2,2.364,1
67.7041,12.597,3882,675,725,2,2.480,1
67.7193,15.203,3883,675,725,2,2.496,1
67.7329,13.590,3884,675,725,2,2.164,1
67.7491,16.182,3885,675,725,2,4.520,1
67.7642,15.132,3886,675,725,2,3.559,1
67.7789,14.657,3887,675,725,2,2.815,1
67.7963,17.402,3888,675,725,2,3.147,1
67.8134,17.096,3889,675,724,2,2.883,1
67.8288,15.425,3890,675,724,2,2.867,1
67.8431,14.326,3891,675,724,2,2.402,1
67.8584,15.253,3892,675,724,2,2.167,1
67.8774,19.029,3893,675,722,2,2.427,1
67.8959,18.524,3894,675,722,2,3.214,1
67.9107,14.803,3895,675,722,2,3.239,1
67.9293,18.544,3896,675,722,2,3.698,1
67.9459,16.638,3897,675,722,2,3.326,1
67.9635,17.577,3898,675,722,2,3.442,1
67.9834,19.925,3899,675,722,2,4.994,1
68.0039,20.453,3900,675,721,2,2.688,1
68.0210,17.155,3901,675,719,2,3.657,1
68.0367,15.671,3902,675,719,2,2.641,1
68.0562,19.474,3903,675,718,2,2.389,1
68.0717,15.506,3904,675,716,2,2.363,1
68.0886,16.881,3905,675,716,2,3.019,1
68.1064,17.836,3906,675,715,2,2.383,1
68.1240,17.594,3907,675,713,2,2.392,1
68.1386,14.623,3908,675,713,2,2.362,1
68.1601,21.458,3909,675,712,2,2.676,1
68.1773,17.233,3910,675,710,2,2.245,1
68.1941,16.784,3911,675,710,2,2.381,1
68.2145,20.356,3912,675,709,2,3.889,1
68.2360,21.533,3913,675,708,2,2.205,1
68.2542,18.173,3914,675,709,2,3.226,1
68.2701,15.986,3915,675,710,2,3.069,1
68.2916,21.453,3916,675,711,2,2.985,1
68.3061,14.529,3917,675,709,2,2.243,1
68.3299,23.807,3918,675,710,2,3.195,1
68.3538,23.902,3919,675,711,2,4.568,1
68.3694,15.533,3920,675,712,2,2.250,1
68.3888,19.457,3921,675,713,2,2.398,1
68.4035,14.663,3922,675,718,2,2.471,1
68.4221,18.572,3923,675,717,2,2.896,1
68.4396,17.529,3924,675,718,2,3.365,1
68.4570,17.428,3925,675,718,2,2.654,1
68.4752,18.182,3926,675,720,2,2.157,1
68.4966,21.400,3927,675,721,2,2.938,1
68.5154,18.819,3928,675,714,2,3.676,1
68.5284,13.029,3929,675,715,2,2.098,1
68.5430,14.556,3930,675,708,2,2.465,1
68.5588,15.800,3931,675,709,2,2.186,1
68.5732,14.398,3932,675,705,2,2.216,1
68.5929,19.655,3933,675,706,2,2.643,1
68.6053,12.408,3934,675,704,2,2.341,1
68.6235,18.241,3935,675,705,2,2.225,1
68.6371,13.612,3936,675,706,2,2.386,1
68.6553,18.196,3937,675,707,2,2.339,1
68.6679,12.592,3938,675,708,2,2.167,1
68.6838,15.893,3939,675,710,2,3.221,1
68.6999,16.073,3940,675,710,2,2.204,1
68.7169,16.988,3941,675,711,2,3.681,1
68.7346,17.761,3942,675,712,2,2.347,1
68.7497,15.098,3943,675,712,2,3.807,1
68.7678,18.098,3944,675,712,2,3.499,1
68.7861,18.274,3945,675,714,2,3.192,1
68.7996,13.559,3946,675,713,2,2.630,1
68.8157,16.065,3947,675,672,2,3.262,1
68.8309,15.138,3948,675,714,2,2.524,1
68.8470,16.198,3949,675,715,2,3.574,1
68.8618,14.753,3950,675,716,2,2.127,1
68.8792,17.367,3951,675,717,2,2.624,1
68.8948,15.633,3952,675,667,2,2.097,1
68.9175,22.747,3953,675,719,2,4.025,1
68.9336,16.066,3954,675,720,2,2.359,1
68.9488,15.138,3955,675,670,2,3.303,1
68.9688,20.055,3956,675,671,2,2.715,1
68.9853,16.444,3957,675,672,2,3.808,1
68.9993,14.065,3958,675,675,2,2.515,1
69.0163,16.948,3959,675,674,2,3.529,1
69.0311,14.827,3960,675,676,2,3.186,1
69.0479,16.784,3961,675,677,2,3.939,1
69.0612,13.325,3962,675,677,2,2.596,1
69.0813,20.055,3963,675,671,2,3.119,1
69.0978,16.519,3964,675,672,2,3.132,1
69.1133,15.484,3965,675,714,2,2.699,1
69.1290,15.760,3966,675,681,2,2.591,1
69.1473,18.303,3967,675,682,2,3.326,1
69.1623,14.946,3968,675,683,2,2.516,1
69.1894,27.084,3969,675,684,2,4.499,1
69.2031,13.748,3970,675,686,2,2.477,1
69.2306,27.460,3971,675,686,2,3.206,1
69.2548,24.204,3972,675,687,2,5.569,1
69.2748,20.045,3973,675,687,2,2.631,1
69.2950,20.204,3974,675,686,2,2.956,1
69.3130,18.017,3975,675,623,2,2.705,1
69.3275,14.438,3976,675,623,2,2.116,1
69.3412,13.706,3977,675,623,2,2.223,1
69.3572,16.067,3978,675,623,2,2.119,1
69.3712,13.976,3979,675,623,2,2.251,1
69.3887,17.511,3980,675,623,2,2.382,1
69.4062,17.478,3981,675,623,2,2.762,1
69.4261,19.851,3982,675,623,2,2.933,1
69.4429,16.886,3983,675,623,2,2.797,1
69.4639,20.929,3984,675,623,2,2.804,1
69.4831,19.207,3985,675,623,2,4.271,1
69.5016,18.533,3986,675,623,2,2.658,1
69.5223,20.689,3987,675,623,2,2.918,1
69.5419,19.608,3988,675,623,2,3.162,1
69.5646,22.645,3989,675,623,2,3.483,1
69.5828,18.288,3990,675,623,2,4.006,1
69.5982,15.353,3991,675,623,2,3.148,1
69.6118,13.592,3992,675,623,2,2.600,1
69.6277,15.960,3993,675,623,2,2.118,1
69.6474,19.683,3994,675,623,2,3.042,1
69.6617,14.232,3995,675,623,2,2.177,1
69.6758,14.104,3996,675,623,2,2.677,1
69.6928,17.045,3997,675,623,2,2.131,1
69.7078,15.005,3998,675,623,2,2.283,1
69.7259,18.111,3999,675,623,2,2.088,1
69.7404,14.486,4000,675,623,2,2.164,1
69.7570,16.561,4001,675,623,2,2.127,1
69.7709,13.904,4002,675,623,2,2.204,1
69.7873,16.375,4003,675,623,2,2.153,1
69.8019,14.667,4004,675,623,2,2.247,1
69.8196,17.642,4005,675,623,2,3.070,1
69.8325,12.967,4006,675,623,2,2.284,1
69.8502,17.696,4007,675,623,2,3.385,1
69.8668,16.556,4008,675,623,2,2.209,1
69.8846,17.817,4009,675,623,2,2.716,1
69.8969,12.314,4010,675,623,2,2.582,1
69.9175,20.623,4011,675,623,2,3.026,1
69.9318,14.230,4012,675,623,2,2.563,1
69.9512,19.386,4013,675,623,2,2.374,1
69.9694,18.249,4014,675,623,2,2.340,1
69.9872,17.799,4015,675,623,2,2.266,1
70.0049,17.746,4016,675,623,2,2.396,1
70.0237,18.755,4017,675,623,2,2.814,1
70.0389,15.212,4018,675,623,2,2.101,1
70.0548,15.930,4019,675,623,2,2.564,1
70.0695,14.650,4020,675,623,2,2.637,1
70.0861,16.583,4021,675,623,2,2.677,1
70.0978,11.769,4022,675,623,2,2.475,1
70.1161,18.297,4023,675,623,2,3.672,1
70.1310,14.836,4024,675,623,2,2.749,1
70.1500,18.995,4025,675,623,2,3.264,1
70.1640,13.998,4026,675,623,2,2.485,1
70.1829,18.932,4027,675,623,2,3.585,1
70.2001,17.205,4028,675,623,2,2.223,1
70.2209,20.783,4029,675,623,2,2.622,1
70.2333,12.455,4030,675,623,2,2.424,1
70.2510,17.636,4031,675,623,2,2.430,1
70.2644,13.378,4032,675,623,2,2.510,1
70.2828,18.435,4033,675,623,2,3.469,1
70.2972,14.436,4034,675,623,2,2.669,1
70.3168,19.534,4035,675,623,2,2.512,1
70.3301,13.315,4036,675,623,2,2.455,1
70.3519,21.789,4037,675,623,2,2.648,1
70.3645,12.586,4038,675,623,2,2.807,1
70.3841,19.608,4039,675,623,2,2.533,1
70.3991,15.050,4040,675,623,2,3.242,1
70.4173,18.187,4041,675,623,2,3.211,1
70.4309,13.647,4042,675,623,2,2.893,1
70.4507,19.762,4043,675,623,2,3.212,1
70.4694,18.677,4044,675,623,2,2.727,1
70.4862,16.846,4045,675,623,2,2.980,1
70.5036,17.337,4046,675,623,2,2.712,1
70.5244,20.808,4047,675,623,2,2.637,1
70.5418,17.438,4048,675,623,2,2.838,1
70.5570,15.158,4049,675,623,2,2.245,1
70.5703,13.351,4050,675,623,2,2.166,1
70.5876,17.242,4051,675,623,2,2.247,1
70.5984,10.849,4052,675,623,2,2.676,1
70.6156,17.193,4053,675,623,2,3.446,1
70.6305,14.923,4054,675,623,2,2.930,1
70.6501,19.608,4055,675,623,2,3.636,1
70.6647,14.599,4056,675,623,2,2.972,1
70.6841,19.375,4057,675,623,2,3.531,1
70.6997,15.580,4058,675,623,2,3.595,1
70.7251,25.408,4059,675,623,2,3.044,1
70.7408,15.680,4060,675,623,2,2.098,1
70.7555,14.759,4061,675,623,2,2.053,1
70.7697,14.141,4062,675,623,2,2.232,1
70.7852,15.560,4063,675,623,2,2.410,1
70.7974,12.179,4064,675,623,2,2.552,1
70.8159,18.472,4065,675,623,2,3.440,1
70.8303,14.372,4066,675,623,2,2.319,1
70.8501,19.852,4067,675,623,2,2.727,1
70.8638,13.662,4068,675,623,2,2.813,1
70.8833,19.549,4069,675,623,2,3.631,1
70.8973,13.940,4070,674,623,2,2.044,1
70.9179,20.628,4071,673,623,2,3.393,1
70.9332,15.274,4072,672,623,2,2.980,1
70.9518,18.625,4073,671,623,2,3.137,1
70.9702,18.363,4074,669,623,2,2.270,1
70.9859,15.741,4075,666,623,2,2.392,1
70.9982,12.250,4076,663,623,2,2.880,1
71.0177,19.514,4077,660,623,2,2.353,1
71.0326,14.981,4078,656,623,2,3.047,1
71.0532,20.525,4079,652,623,2,3.187,1
71.0691,15.881,4080,647,623,2,2.356,1
71.0855,16.479,4081,642,623,2,3.217,1
71.0986,13.043,4082,636,623,2,2.634,1
71.1190,20.470,4083,630,623,2,2.519,1
71.1314,12.317,4084,624,623,2,2.351,1
71.1516,20.226,4085,617,623,2,3.151,1
71.1673,15.710,4086,610,623,2,2.784,1
71.1834,16.109,4087,603,623,2,3.540,1
71.1979,14.453,4088,596,623,2,2.535,1
71.2180,20.120,4089,588,623,2,3.612,1
71.2323,14.325,4090,581,623,2,2.976,1
71.2500,17.680,4091,574,623,2,3.648,1
71.2639,13.913,4092,567,623,2,2.044,1
71.2831,19.247,4093,561,623,2,2.941,1
71.2975,14.339,4094,555,623,2,2.045,1
71.3166,19.148,4095,549,623,2,2.997,1
71.3309,14.251,4096,545,623,2,2.051,1
71.3500,19.085,4097,545,623,2,3.181,1
71.3644,14.388,4098,545,623,2,2.592,1
71.3844,20.086,4099,545,623,2,3.522,1
71.3963,11.877,4100,545,623,2,2.044,1
71.4172,20.918,4101,545,623,2,3.406,1
71.4303,13.050,4102,545,623,2,2.501,1
71.4502,19.892,4103,545,623,2,3.127,1
71.4693,19.111,4104,545,623,2,2.724,1
71.4873,17.992,4105,545,623,2,3.247,1
71.5059,18.577,4106,545,623,2,2.470,1
71.5245,18.629,4107,545,623,2,2.678,1
71.5420,17.509,4108,545,623,2,3.288,1
71.5582,16.205,4109,545,623,2,2.613,1
71.5698,11.596,4110,545,623,2,2.170,1
71.5855,15.728,4111,545,623,2,2.167,1
71.5989,13.352,4112,545,623,2,2.550,1
71.6164,17.537,4113,545,623,2,2.942,1
71.6304,13.938,4114,545,623,2,2.041,1
71.6493,18.996,4115,545,623,2,2.770,1
71.6637,14.358,4116,545,623,2,2.528,1
71.6847,21.017,4117,545,623,2,2.888,1
71.6994,14.722,4118,545,623,2,2.802,1
71.7198,20.328,4119,545,623,2,3.475,1
71.7320,12.269,4120,545,623,2,2.683,1
71.7504,18.396,4121,545,623,2,3.295,1
71.7630,12.544,4122,545,623,2,2.193,1
71.7827,19.750,4123,545,623,2,2.929,1
71.7964,13.629,4124,545,623,2,2.049,1
71.8179,21.492,4125,545,623,2,3.411,1
71.8308,12.939,4126,545,623,2,2.067,1
71.8517,20.941,4127,545,623,2,3.363,1
71.8646,12.873,4128,545,623,2,2.380,1
71.8835,18.888,4129,545,623,2,3.464,1
71.8959,12.449,4130,545,623,2,2.052,1
71.9160,20.049,4131,545,623,2,2.730,1
71.9292,13.246,4132,545,623,2,2.046,1
71.9501,20.855,4133,545,623,2,3.522,1
71.9649,14.855,4134,545,623,2,2.549,1
71.9833,18.383,4135,545,623,2,3.316,1
71.9995,16.179,4136,545,623,2,2.407,1
72.0171,17.637,4137,545,623,2,3.695,1
72.0303,13.131,4138,545,623,2,2.135,1
72.0515,21.202,4139,545,623,2,3.068,1
72.0634,11.970,4140,545,623,2,2.205,1
72.0834,19.934,4141,545,623,2,3.038,1
72.0961,12.671,4142,545,623,2,2.058,1
72.1177,21.665,4143,545,623,2,3.636,1
72.1293,11.540,4144,545,623,2,2.058,1
72.1499,20.674,4145,545,623,2,3.281,1
72.1630,13.052,4146,545,623,2,2.056,1
72.1849,21.896,4147,545,623,2,3.472,1
72.1960,11.084,4148,545,623,2,2.039,1
72.2165,20.533,4149,545,623,2,3.375,1
72.2315,15.018,4150,545,623,2,2.553,1
72.2509,19.358,4151,545,623,2,3.558,1
72.2636,12.687,4152,545,623,2,2.534,1
72.2839,20.381,4153,545,623,2,3.297,1
72.2965,12.576,4154,545,623,2,2.511,1
72.3167,20.155,4155,545,623,2,3.298,1
72.3295,12.848,4156,545,623,2,2.059,1
72.3502,20.706,4157,545,623,2,4.185,1
72.3654,15.172,4158,545,623,2,2.612,1
72.3855,20.079,4159,545,623,2,3.583,1
72.3988,13.365,4160,545,623,2,2.510,1
72.4167,17.857,4161,545,623,2,3.201,1
72.4300,13.297,4162,545,623,2,2.052,1
72.4505,20.485,4163,545,623,2,3.205,1
72.4626,12.094,4164,545,623,2,2.091,1
72.4848,22.264,4165,545,623,2,3.672,1
72.5008,15.976,4166,545,623,2,3.007,1
72.5217,20.862,4167,545,623,2,2.803,1
72.5371,15.373,4168,545,623,2,2.279,1
72.5535,16.413,4169,545,623,2,2.223,1
72.5666,13.134,4170,545,623,2,2.892,1
72.5864,19.837,4171,545,623,2,2.415,1
72.6034,16.947,4172,545,623,2,3.114,1
72.6208,17.379,4173,545,623,2,2.242,1
72.6316,10.858,4174,545,623,2,2.052,1
72.6503,18.691,4175,545,623,2,2.916,1
72.6642,13.933,4176,545,623,2,2.066,1
72.6830,18.727,4177,545,623,2,3.471,1
72.6960,13.024,4178,545,623,2,2.021,1
72.7172,21.180,4179,545,623,2,3.537,1
72.7314,14.252,4180,545,623,2,2.409,1
72.7494,17.958,4181,545,623,2,2.841,1
72.7629,13.472,4182,545,623,2,2.149,1
72.7835,20.626,4183,545,623,2,3.162,1
72.7963,12.804,4184,545,623,2,2.278,1
72.8178,21.559,4185,545,624,2,3.071,1
72.8294,11.552,4186,545,624,2,2.018,1
72.8514,22.040,4187,545,624,2,2.868,1
72.8657,14.277,4188,545,624,2,2.424,1
72.8865,20.809,4189,548,625,2,4.323,1
72.8996,13.038,4190,551,625,2,2.417,1
72.9180,18.407,4191,553,626,2,2.962,1
72.9334,15.454,4192,556,626,2,2.036,1
72.9511,17.665,4193,558,627,2,3.032,1
72.9632,12.094,4194,561,627,2,2.034,1
72.9835,20.280,4195,563,628,2,2.705,1
72.9966,13.131,4196,565,629,2,2.193,1
73.0175,20.943,4197,567,630,2,3.486,1
73.0305,12.978,4198,569,631,2,2.045,1
73.0515,21.019,4199,571,632,2,3.158,1
73.0685,16.950,4200,573,632,2,2.856,1
73.0920,23.555,4201,575,633,2,2.253,1
73.1058,13.730,4202,576,635,2,2.473,1
73.1216,15.870,4203,578,636,2,2.837,1
73.1349,13.242,4204,579,637,2,2.754,1
73.1504,15.492,4205,580,638,2,3.173,1
73.1677,17.315,4206,581,639,2,3.143,1
73.1869,19.227,4207,582,640,2,3.980,1
73.2048,17.910,4208,583,642,2,2.690,1
73.2214,16.558,4209,585,643,2,2.626,1
73.2372,15.835,4210,588,645,2,4.080,1
73.2544,17.149,4211,590,646,2,2.309,1
73.2712,16.849,4212,592,647,2,2.352,1
73.2869,15.734,4213,595,649,2,2.325,1
73.2993,12.338,4214,597,650,2,2.232,1
73.3178,18.498,4215,599,652,2,2.887,1
73.3317,13.938,4216,602,653,2,2.025,1
73.3509,19.156,4217,604,655,2,2.685,1
73.3635,12.591,4218,607,657,2,2.074,1
73.3859,22.392,4219,609,658,2,3.220,1
73.3980,12.137,4220,611,660,2,2.042,1
73.4174,19.426,4221,614,662,2,3.210,1
73.4313,13.850,4222,616,663,2,2.144,1
73.4524,21.118,4223,619,665,2,3.595,1
73.4667,14.304,4224,621,667,2,2.207,1
73.4839,17.191,4225,624,669,2,3.009,1
73.5026,18.701,4226,626,670,2,3.547,1
73.5246,22.018,4227,629,672,2,3.609,1
73.5392,14.578,4228,631,674,2,2.280,1
73.5558,16.597,4229,634,676,2,2.235,1
73.5691,13.270,4230,636,677,2,3.102,1
73.5834,14.325,4231,640,679,2,2.762,1
73.6023,18.939,4232,644,681,2,2.801,1
73.6181,15.817,4233,648,683,2,3.427,1
73.6339,15.764,4234,653,685,2,2.252,1
73.6508,16.872,4235,657,687,2,2.987,1
73.6684,17.659,4236,662,689,2,2.528,1
73.6836,15.209,4237,666,691,2,3.082,1
73.6969,13.274,4238,671,694,2,2.067,1
73.7176,20.687,4239,675,697,2,2.969,1
73.7327,15.064,4240,680,699,2,2.301,1
73.7537,21.035,4241,684,702,2,5.706,1
73.7657,11.980,4242,689,705,2,2.280,1
73.7839,18.246,4243,693,707,2,3.085,1
73.7973,13.384,4244,697,710,2,2.142,1
73.8178,20.477,4245,702,713,2,3.077,1
73.8361,18.324,4246,707,715,2,3.110,1
73.8524,16.261,4247,712,718,2,3.357,1
73.8666,14.197,4248,716,721,2,2.099,1
73.8841,17.527,4249,721,723,2,2.927,1
73.8974,13.296,4250,726,726,2,2.120,1
73.9172,19.815,4251,730,729,2,3.261,1
73.9313,14.072,4252,735,731,2,2.611,1
73.9526,21.309,4253,740,734,2,3.388,1
73.9688,16.231,4254,744,736,2,2.372,1
73.9851,16.313,4255,749,739,2,2.651,1
74.0002,15.094,4256,753,741,2,2.312,1
74.0188,18.534,4257,758,744,2,2.800,1
74.0345,15.792,4258,763,746,2,2.166,1
74.0506,16.085,4259,767,748,2,3.191,1
74.0648,14.204,4260,772,751,2,2.746,1
74.0853,20.432,4261,776,753,2,3.156,1
74.1028,17.549,4262,780,755,2,2.610,1
74.1175,14.662,4263,785,758,2,3.209,1
74.1328,15.364,4264,789,760,2,2.126,1
74.1507,17.895,4265,793,762,2,3.027,1
74.1645,13.718,4266,798,764,2,2.158,1
74.1862,21.778,4267,802,766,2,3.415,1
74.2024,16.165,4268,805,768,2,2.307,1
74.2187,16.269,4269,809,770,2,2.444,1
74.2346,15.891,4270,813,772,2,2.139,1
74.2517,17.098,4271,817,774,2,3.384,2
74.2669,15.202,4272,821,776,2,2.662,2
74.2843,17.432,4273,825,778,2,3.381,2
74.2983,14.043,4274,828,780,2,2.231,2
74.3184,20.061,4275,832,781,2,3.035,2
74.3379,19.523,4276,834,783,2,3.197,2
74.3526,14.673,4277,838,785,2,2.639,2
74.3659,13.343,4278,841,786,2,2.696,2
74.3834,17.501,4279,844,788,2,2.504,2
74.4002,16.789,4280,848,789,2,2.681,2
74.4181,17.912,4281,850,791,2,3.286,2
74.4337,15.541,4282,853,792,2,2.238,2
74.4544,20.681,4283,855,793,2,3.762,2
74.4728,18.489,4284,858,794,2,3.507,2
74.4884,15.529,4285,860,795,2,4.240,2
74.5052,16.790,4286,862,796,2,4.299,2
74.5222,17.070,4287,864,797,2,4.054,2
74.5366,14.349,4288,865,798,2,2.971,2
74.5522,15.660,4289,867,799,2,3.124,2
74.5672,14.945,4290,869,800,2,2.877,2
74.5847,17.503,4291,870,800,2,3.252,2
74.6047,20.021,4292,872,801,2,3.338,2
74.6198,15.086,4293,873,802,2,3.210,2
74.6317,11.884,4294,874,802,2,2.231,2
74.6545,22.855,4295,875,802,2,3.342,2
74.6719,17.313,4296,875,803,2,3.371,2
74.6887,16.808,4297,876,803,2,3.284,2
74.7006,11.895,4298,877,803,2,2.157,2
74.7184,17.798,4299,877,803,2,3.730,2
74.7320,13.613,4300,877,803,2,2.279,2
74.7519,19.949,4301,877,803,2,3.113,2
74.7651,13.142,4302,877,803,2,2.172,2
74.7840,18.963,4303,877,803,2,3.260,2
74.7987,14.659,4304,877,803,2,2.811,2
74.8235,24.840,4305,877,803,2,3.216,2
74.8318,8.241,4306,877,803,2,2.706,2
74.8521,20.313,4307,877,803,2,3.608,2
74.8647,12.674,4308,877,803,2,2.714,2
74.8851,20.371,4309,877,803,2,3.197,2
74.8984,13.256,4310,877,803,2,2.696,2
74.9160,17.583,4311,877,803,2,3.207,2
74.9320,16.072,4312,877,803,2,2.681,2
74.9507,18.632,4313,877,803,2,2.945,2
74.9648,14.110,4314,877,803,2,2.260,2
74.9853,20.512,4315,877,803,2,3.746,2
74.9982,12.910,4316,877,803,2,2.733,2
75.0192,21.022,4317,877,803,2,4.123,2
75.0318,12.602,4318,877,803,2,2.176,2
75.0490,17.196,4319,877,803,2,2.691,2
75.0650,16.015,4320,877,803,2,2.822,2
75.0850,19.941,4321,877,803,2,3.363,2
75.0978,12.843,4322,877,803,2,2.420,2
75.1175,19.653,4323,877,803,2,3.909,2
75.1310,13.580,4324,877,803,2,2.188,2
75.1509,19.902,4325,877,803,2,3.338,2
75.1645,13.531,4326,877,803,2,2.192,2
75.1839,19.419,4327,877,803,2,3.097,2
75.1985,14.598,4328,877,803,2,2.680,2
75.2174,18.860,4329,877,803,2,2.873,2
75.2310,13.634,4330,877,803,2,2.157,2
75.2509,19.936,4331,877,803,2,3.449,2
75.2646,13.655,4332,877,803,2,2.696,2
75.2843,19.715,4333,877,803,2,3.183,2
75.2988,14.549,4334,877,803,2,2.709,2
75.3169,18.105,4335,877,803,2,2.779,2
75.3309,13.907,4336,877,803,2,2.304,2
75.3510,20.168,4337,877,803,2,3.962,2
75.3643,13.238,4338,877,803,2,2.205,2
75.3825,18.219,4339,877,803,2,3.030,2
75.3978,15.350,4340,877,803,2,2.179,2
75.4163,18.490,4341,877,803,2,2.739,2
75.4308,14.431,4342,877,803,2,2.145,2
75.4489,18.164,4343,877,803,2,2.563,2
75.4635,14.564,4344,877,803,2,2.160,2
75.4831,19.617,4345,877,803,2,3.334,2
75.5014,18.287,4346,877,803,2,2.931,2
75.5195,18.125,4347,876,803,2,2.977,2
75.5364,16.919,4348,875,803,2,2.851,2
75.5522,15.818,4349,874,802,2,3.930,2
75.5667,14.441,4350,874,802,2,2.743,2
75.5855,18.778,4351,872,801,2,3.543,2
75.5989,13.441,4352,870,800,2,2.169,2
75.6185,19.625,4353,869,799,2,2.985,2
75.6314,12.911,4354,867,799,2,2.164,2
75.6517,20.215,4355,864,797,2,3.007,2
75.6682,16.569,4356,862,796,2,2.300,2
75.6858,17.605,4357,859,795,2,2.523,2
75.7040,18.191,4358,857,794,2,2.404,2
75.7203,16.229,4359,853,792,2,3.536,2
75.7419,21.650,4360,850,791,2,2.417,2
75.7588,16.892,4361,846,789,2,3.052,2
75.7717,12.943,4362,843,787,2,3.458,2
75.7877,16.001,4363,839,785,2,2.638,2
75.7999,12.159,4364,836,784,2,2.239,2
75.8167,16.844,4365,832,782,2,3.139,2
75.8319,15.108,4366,827,780,2,2.195,2
75.8509,19.091,4367,823,777,2,2.877,2
75.8647,13.727,4368,818,775,2,2.178,2
75.8842,19.557,4369,814,773,2,3.008,2
75.8977,13.445,4370,809,771,2,2.154,2
75.9172,19.527,4371,805,768,2,3.437,2
75.9308,13.570,4372,800,766,2,2.127,2
75.9505,19.759,4373,795,763,2,3.478,2
75.9697,19.217,4374,791,761,2,2.546,2
75.9841,14.319,4375,785,758,2,3.322,2
75.9983,14.228,4376,780,755,2,2.635,2
76.0176,19.271,4377,774,753,2,3.642,2
76.0313,13.706,4378,770,750,2,2.619,2
76.0500,18.695,4379,765,747,2,3.307,2
76.0652,15.203,4380,759,744,2,2.630,2
76.0838,18.597,4381,753,741,2,3.422,2
76.0977,13.892,4382,748,738,2,2.364,2
76.1167,19.047,4383,742,735,2,3.354,2
76.1346,17.928,4384,737,732,2,3.028,2
76.1549,20.309,4385,732,729,2,4.764,2
76.1688,13.865,4386,726,726,2,2.121,2
76.1852,16.353,4387,720,723,2,3.290,2
76.1994,14.273,4388,714,720,2,2.081,2
76.2158,16.344,4389,709,717,2,2.617,2
76.2351,19.327,4390,704,713,2,2.614,2
76.2500,14.916,4391,698,710,2,3.313,2
76.2644,14.425,4392,693,707,2,2.577,2
76.2843,19.851,4393,687,704,2,2.942,2
76.2984,14.081,4394,682,701,2,2.345,2
76.3176,19.274,4395,676,697,2,2.341,2
76.3319,14.296,4396,671,694,2,2.072,2
76.3496,17.666,4397,665,691,2,3.442,2
76.3647,15.121,4398,660,688,2,2.279,2
76.3831,18.356,4399,655,686,2,3.279,2
76.3975,14.439,4400,650,684,2,2.565,2
76.4165,19.022,4401,645,681,2,2.283,2
76.4303,13.782,4402,640,679,2,2.094,2
76.4499,19.535,4403,636,677,2,3.221,2
76.4637,13.836,4404,633,675,2,2.060,2
76.4840,20.267,4405,630,673,2,3.468,2
76.5059,21.956,4406,627,671,2,2.977,2
76.5253,19.366,4407,624,669,2,2.464,2
76.5455,20.201,4408,621,667,2,3.609,2
76.5612,15.710,4409,618,664,2,2.106,2
76.5759,14.738,4410,615,662,2,2.381,2
76.5928,16.829,4411,612,660,2,2.091,2
76.6061,13.328,4412,609,658,2,3.092,2
76.6223,16.188,4413,606,656,2,3.187,2
76.6341,11.816,4414,603,654,2,2.038,2
76.6516,17.462,4415,600,652,2,2.551,2
76.6649,13.298,4416,597,651,2,2.095,2
76.6845,19.641,4417,594,649,2,3.246,2
76.6982,13.657,4418,592,647,2,2.025,2
76.7168,18.595,4419,589,646,2,2.819,2
76.7367,19.964,4420,587,644,2,2.175,2
76.7529,16.178,4421,584,642,2,2.527,2
76.7664,13.522,4422,582,641,2,2.509,2
76.7824,15.950,4423,581,639,2,2.887,2
76.7969,14.534,4424,580,638,2,2.042,2
76.8162,19.298,4425,579,636,2,2.290,2
76.8299,13.737,4426,577,635,2,2.021,2
76.8501,20.194,4427,575,634,2,3.231,2
76.8632,13.039,4428,573,633,2,2.059,2
76.8832,19.992,4429,571,631,2,2.672,2
76.8985,15.363,4430,569,630,2,2.575,2
76.9159,17.390,4431,566,629,2,3.344,2
76.9299,14.029,4432,564,628,2,2.092,2
76.9501,20.115,4433,561,627,2,2.361,2
76.9641,14.011,4434,558,627,2,2.497,2
76.9831,19.050,4435,555,626,2,2.823,2
77.0023,19.197,4436,552,625,2,2.100,2
77.0188,16.510,4437,549,625,2,2.622,2
77.0353,16.477,4438,546,624,2,2.257,2
77.0556,20.338,4439,545,624,2,2.801,2
77.0713,15.661,4440,545,624,2,3.458,2
77.0908,19.520,4441,545,624,2,2.366,2
77.1044,13.559,4442,545,623,2,2.649,2
77.1208,16.452,4443,545,623,2,2.664,2
77.1329,12.065,4444,545,623,2,2.050,2
77.1495,16.584,4445,545,623,2,2.720,2
77.1633,13.847,4446,545,623,2,2.089,2
77.1817,18.332,4447,545,623,2,2.869,2
77.1965,14.849,4448,545,623,2,2.047,2
77.2203,23.739,4449,545,623,2,2.938,2
77.2378,17.589,4450,545,623,2,2.334,2
77.2547,16.837,4451,545,623,2,2.859,2
77.2747,20.024,4452,545,623,2,2.933,2
77.2917,16.974,4453,545,623,2,3.005,2
77.3050,13.347,4454,545,623,2,3.019,2
77.3201,15.041,4455,545,623,2,2.428,2
77.3324,12.321,4456,545,623,2,2.213,2
77.3483,15.887,4457,545,623,2,2.858,2
77.3628,14.560,4458,545,623,2,2.084,2
77.3821,19.251,4459,545,623,2,2.254,2
77.3960,13.942,4460,545,623,2,2.080,2
77.4186,22.622,4461,545,623,2,2.818,2
77.4344,15.721,4462,545,623,2,2.072,2
77.4509,16.500,4463,545,623,2,2.341,2
77.4635,12.675,4464,545,623,2,2.068,2
77.4843,20.762,4465,545,623,2,3.218,2
77.5073,22.990,4466,545,623,2,3.918,2
77.5239,16.654,4467,545,623,2,3.711,2
77.5392,15.297,4468,545,623,2,3.711,2
77.5565,17.233,4469,545,623,2,3.446,2
77.5689,12.459,4470,545,623,2,2.661,2
77.5826,13.712,4471,545,623,2,2.421,2
77.5959,13.225,4472,545,623,2,2.154,2
77.6166,20.743,4473,545,623,2,2.896,2
77.6305,13.894,4474,545,623,2,2.209,2
77.6492,18.702,4475,545,623,2,2.416,2
77.6628,13.599,4476,545,623,2,2.074,2
77.6825,19.686,4477,545,623,2,2.647,2
77.6981,15.581,4478,545,623,2,2.783,2
77.7160,17.954,4479,545,623,2,3.204,2
77.7298,13.810,4480,545,623,2,2.507,2
77.7488,18.979,4481,545,623,2,2.727,2
77.7632,14.383,4482,545,623,2,2.483,2
77.7823,19.082,4483,545,623,2,2.537,2
77.7966,14.273,4484,545,623,2,2.679,2
77.8159,19.293,4485,545,623,2,2.709,2
77.8293,13.464,4486,545,623,2,2.125,2
77.8540,24.675,4487,545,623,2,3.363,2
77.8666,12.654,4488,545,623,2,2.178,2
77.8826,15.999,4489,545,623,2,2.237,2
77.8975,14.894,4490,545,623,2,2.066,2
77.9160,18.421,4491,545,623,2,2.236,2
77.9296,13.651,4492,545,623,2,2.055,2
77.9497,20.094,4493,545,623,2,2.290,2
77.9633,13.578,4494,545,623,2,2.071,2
77.9834,20.139,4495,545,623,2,2.240,2
77.9966,13.131,4496,545,623,2,2.172,2
78.0164,19.846,4497,545,623,2,3.094,2
78.0305,14.147,4498,545,623,2,2.175,2
78.0482,17.698,4499,545,623,2,2.903,2
78.0627,14.455,4500,545,623,2,2.270,2
78.0834,20.665,4501,545,623,2,2.715,2
78.0969,13.528,4502,545,623,2,2.047,2
78.1162,19.272,4503,545,623,2,2.616,2
78.1294,13.252,4504,545,623,2,2.045,2
78.1488,19.358,4505,545,623,2,2.356,2
78.1631,14.308,4506,545,623,2,2.505,2
78.1822,19.069,4507,545,623,2,2.451,2
78.1958,13.683,4508,545,623,2,2.023,2
78.2168,20.926,4509,545,623,2,2.979,2
78.2307,13.922,4510,545,623,2,2.509,2
78.2487,18.023,4511,545,623,2,2.538,2
78.2634,14.649,4512,545,623,2,2.567,2
78.2823,18.913,4513,545,623,2,2.347,2
78.2985,16.219,4514,548,623,2,2.480,2
78.3171,18.638,4515,553,623,2,2.841,2
78.3301,13.023,4516,559,623,2,2.069,2
78.3503,20.183,4517,565,623,2,2.380,2
78.3643,13.996,4518,572,623,2,2.061,2
78.3824,18.053,4519,579,623,2,3.170,2
78.3967,14.281,4520,586,623,2,2.023,2
78.4175,20.803,4521,594,623,2,2.483,2
78.4305,13.013,4522,601,623,2,2.041,2
78.4496,19.135,4523,608,623,2,2.415,2
78.4640,14.353,4524,615,623,2,2.510,2
78.4854,21.418,4525,622,623,2,3.388,2
78.5027,17.281,4526,628,623,2,2.843,2
78.5221,19.454,4527,635,623,2,2.411,2
78.5375,15.426,4528,640,623,2,2.951,2
78.5527,15.203,4529,646,623,2,2.426,2
78.5660,13.209,4530,650,623,2,2.044,2
78.5830,17.017,4531,655,623,2,2.869,2
78.5970,14.025,4532,659,623,2,2.069,2
78.6161,19.106,4533,662,623,2,2.487,2
78.6312,15.052,4534,665,623,2,2.501,2
78.6516,20.431,4535,668,623,2,2.659,2
78.6635,11.902,4536,670,623,2,2.058,2
78.6835,20.011,4537,672,623,2,2.208,2
78.6981,14.621,4538,673,623,2,2.058,2
78.7172,19.058,4539,674,623,2,2.788,2
78.7298,12.667,4540,674,623,2,2.040,2
78.7496,19.733,4541,675,623,2,2.602,2
78.7638,14.199,4542,675,623,2,2.341,2
78.7830,19.247,4543,675,623,2,2.317,2
78.7969,13.887,4544,675,623,2,2.057,2
78.8179,21.037,4545,675,623,2,2.897,2
78.8335,15.561,4546,675,623,2,2.334,2
78.8516,18.078,4547,675,623,2,2.319,2
78.8655,13.891,4548,675,623,2,2.066,2
78.8819,16.401,4549,675,623,2,2.868,2
78.8964,14.545,4550,675,623,2,2.052,2
78.9166,20.139,4551,675,623,2,2.681,2
78.9304,13.873,4552,675,623,2,2.505,2
78.9489,18.465,4553,675,623,2,2.709,2
78.9637,14.804,4554,675,623,2,2.529,2
78.9838,20.066,4555,675,623,2,2.919,2
78.9974,13.588,4556,675,623,2,2.074,2
79.0152,17.845,4557,675,623,2,2.959,2
79.0298,14.619,4558,675,623,2,2.027,2
79.0492,19.417,4559,675,623,2,2.712,2
79.0637,14.435,4560,675,623,2,2.501,2
79.0825,18.779,4561,675,623,2,3.428,2
79.0986,16.171,4562,675,623,2,2.535,2
79.1153,16.676,4563,675,623,2,2.636,2
79.1300,14.700,4564,675,623,2,2.521,2
79.1491,19.076,4565,675,623,2,3.417,2
79.1640,14.940,4566,675,623,2,2.523,2
79.1850,20.949,4567,675,623,2,3.174,2
79.1974,12.435,4568,675,623,2,2.066,2
79.2164,18.998,4569,675,623,2,2.748,2
79.2306,14.240,4570,675,623,2,2.138,2
79.2511,20.486,4571,675,623,2,2.473,2
79.2658,14.699,4572,675,623,2,2.574,2
79.2834,17.576,4573,675,623,2,3.424,2
79.2995,16.086,4574,675,623,2,2.710,2
79.3177,18.219,4575,675,623,2,3.454,2
79.3327,15.032,4576,675,623,2,2.550,2
79.3485,15.803,4577,675,623,2,2.984,2
79.3632,14.652,4578,675,623,2,2.049,2
79.3867,23.469,4579,675,623,2,3.331,2
79.4036,16.928,4580,675,623,2,2.457,2
79.4195,15.934,4581,675,623,2,2.283,2
79.4320,12.528,4582,675,623,2,2.221,2
79.4493,17.263,4583,675,623,2,2.929,2
79.4632,13.931,4584,675,623,2,2.185,2
79.4825,19.212,4585,675,623,2,3.310,2
79.5002,17.795,4586,675,623,2,2.287,2
79.5171,16.823,4587,675,623,2,3.150,2
79.5303,13.221,4588,675,623,2,2.039,2
79.5505,20.177,4589,675,623,2,2.312,2
79.5655,14.992,4590,675,623,2,2.165,2
79.5839,18.481,4591,675,623,2,3.319,2
79.5979,13.975,4592,675,623,2,2.239,2
79.6177,19.748,4593,675,623,2,3.232,2
79.6370,19.299,4594,675,623,2,3.386,2
79.6582,21.217,4595,675,623,2,3.478,2
79.6755,17.276,4596,675,623,2,3.523,2
79.6941,18.643,4597,675,623,2,3.379,2
79.7107,16.574,4598,675,623,2,2.459,2
79.7302,19.570,4599,675,623,2,2.489,2
79.7508,20.515,4600,675,623,2,3.597,2
79.7678,17.026,4601,675,623,2,2.354,2
79.7854,17.638,4602,675,623,2,2.936,2
79.7982,12.803,4603,675,623,2,2.039,2
79.8138,15.602,4604,675,623,2,2.975,2
79.8271,13.286,4605,675,623,2,2.087,2
79.8402,13.087,4606,675,623,2,2.244,2
79.8558,15.610,4607,675,623,2,2.742,2
79.8674,11.629,4608,675,623,2,2.082,2
79.8855,18.089,4609,675,623,2,2.723,2
79.9000,14.430,4610,675,623,2,2.137,2
79.9195,19.504,4611,675,623,2,2.751,2
79.9359,16.403,4612,675,623,2,2.556,2
79.9520,16.185,4613,675,623,2,2.481,2
79.9671,15.014,4614,675,623,2,2.561,2
79.9865,19.424,4615,675,623,2,2.614,2
80.0000,13.521,4616,675,623,2,2.044,2
80.0186,18.611,4617,675,623,2,2.558,2
80.0334,14.821,4618,675,623,2,2.097,2
80.0521,18.705,4619,675,623,2,2.568,2
80.0663,14.195,4620,675,623,2,2.041,2
80.0862,19.837,4621,675,623,2,2.691,2
80.1003,14.156,4622,675,623,2,2.547,2
80.1184,18.058,4623,675,623,2,2.600,2
80.1331,14.672,4624,675,623,2,2.073,2
80.1540,20.898,4625,675,623,2,2.347,2
80.1678,13.852,4626,675,623,2,2.037,2
80.1854,17.543,4627,675,623,2,2.580,2
80.2010,15.626,4628,675,623,2,2.145,2
80.2181,17.160,4629,675,623,2,2.217,2
80.2331,14.997,4630,675,623,2,2.144,2
80.2519,18.759,4631,675,623,2,2.158,2
80.2668,14.910,4632,675,623,2,2.032,2
80.2854,18.638,4633,675,623,2,2.614,2
80.3001,14.636,4634,675,623,2,2.051,2
80.3186,18.495,4635,675,623,2,2.328,2
80.3332,14.618,4636,675,623,2,2.058,2
80.3516,18.452,4637,675,623,2,2.225,2
80.3671,15.410,4638,675,623,2,2.099,2
80.3866,19.502,4639,675,623,2,2.578,2
80.3998,13.235,4640,675,623,2,2.040,2
80.4184,18.557,4641,675,623,2,2.184,2
80.4332,14.852,4642,675,623,2,2.063,2
80.4534,20.148,4643,675,623,2,2.867,2
80.4672,13.894,4644,675,623,2,2.040,2
80.4882,20.941,4645,675,623,2,2.972,2
80.5041,15.904,4646,675,623,2,2.617,2
80.5248,20.746,4647,675,623,2,3.737,2
80.5404,15.515,4648,675,623,2,2.809,2
80.5579,17.577,4649,675,623,2,3.308,2
80.5702,12.291,4650,675,623,2,2.642,2
80.5863,16.109,4651,675,623,2,2.776,2
80.6012,14.918,4652,675,623,2,2.353,2
80.6221,20.871,4653,675,623,2,2.706,2
80.6364,14.283,4654,675,623,2,2.720,2
80.6531,16.695,4655,675,623,2,2.727,2
80.6678,14.694,4656,675,623,2,2.806,2
80.6866,18.817,4657,675,623,2,2.745,2
80.7002,13.582,4658,675,623,2,2.105,2
80.7207,20.527,4659,675,623,2,2.984,2
80.7342,13.475,4660,675,623,2,2.504,2
80.7530,18.823,4661,674,623,2,2.277,2
80.7669,13.909,4662,674,623,2,2.476,2
80.7864,19.466,4663,673,623,2,2.690,2
80.8005,14.142,4664,672,623,2,2.044,2
80.8192,18.632,4665,670,623,2,2.601,2
80.8339,14.689,4666,668,623,2,2.035,2
80.8533,19.473,4667,665,623,2,2.659,2
80.8672,13.860,4668,662,623,2,2.048,2
80.8873,20.109,4669,659,623,2,2.422,2
80.9055,18.184,4670,655,623,2,2.480,2
80.9248,19.345,4671,650,623,2,2.608,2
80.9382,13.410,4672,646,623,2,2.408,2
80.9544,16.177,4673,640,623,2,2.559,2
80.9687,14.302,4674,635,623,2,2.481,2
80.9859,17.202,4675,628,623,2,2.674,2
81.0008,14.875,4676,622,623,2,2.280,2
81.0193,18.465,4677,615,623,2,2.141,2
81.0338,14.496,4678,608,623,2,2.063,2
81.0527,18.905,4679,601,623,2,2.169,2
81.0674,14.720,4680,594,623,2,2.060,2
81.0883,20.939,4681,586,623,2,2.471,2
81.1025,14.175,4682,579,623,2,2.172,2
81.1198,17.297,4683,572,623,2,2.526,2
81.1336,13.845,4684,565,623,2,2.052,2
81.1528,19.193,4685,559,623,2,2.169,2
81.1669,14.080,4686,553,623,2,2.048,2
81.1858,18.932,4687,548,623,2,2.624,2
81.2012,15.334,4688,545,623,2,2.509,2
81.2181,16.879,4689,545,623,2,2.180,2
81.2342,16.134,4690,545,623,2,2.242,2
81.2538,19.629,4691,545,623,2,2.518,2
81.2677,13.856,4692,545,623,2,2.509,2
81.2859,18.276,4693,545,623,2,2.647,2
81.2995,13.531,4694,545,623,2,2.015,2
81.3183,18.865,4695,545,623,2,2.165,2
81.3334,15.044,4696,545,623,2,2.517,2
81.3516,18.248,4697,545,623,2,2.637,2
81.3662,14.601,4698,545,623,2,2.039,2
81.3859,19.709,4699,545,623,2,2.685,2
81.3995,13.593,4700,545,623,2,2.031,2
81.4197,20.135,4701,545,623,2,2.566,2
81.4333,13.636,4702,545,623,2,2.044,2
81.4523,18.979,4703,545,623,2,2.670,2
81.4686,16.278,4704,545,623,2,2.546,2
81.4881,19.568,4705,545,623,2,2.527,2
81.5061,17.926,4706,545,623,2,2.452,2
81.5247,18.676,4707,545,623,2,3.166,2
81.5383,13.607,4708,545,623,2,2.483,2
81.5524,14.063,4709,545,623,2,2.220,2
81.5662,13.833,4710,545,623,2,2.043,2
81.5850,18.728,4711,545,623,2,2.725,2
81.5994,14.449,4712,545,623,2,2.020,2
81.6179,18.515,4713,545,623,2,2.595,2
81.6327,14.789,4714,545,623,2,2.050,2
81.6521,19.379,4715,545,623,2,2.648,2
81.6664,14.331,4716,545,623,2,2.245,2
81.6850,18.615,4717,545,623,2,2.681,2
81.6996,14.513,4718,545,623,2,2.130,2
81.7184,18.878,4719,545,623,2,2.111,2
81.7334,14.991,4720,545,623,2,2.507,2
81.7521,18.674,4721,545,623,2,2.600,2
81.7671,15.029,4722,545,623,2,2.475,2
81.7853,18.218,4723,545,623,2,2.653,2
81.8005,15.169,4724,545,623,2,2.479,2
81.8192,18.656,4725,545,623,2,2.614,2
81.8335,14.359,4726,545,623,2,2.476,2
81.8530,19.476,4727,545,623,2,2.793,2
81.8697,16.699,4728,545,623,2,2.943,2
81.8868,17.112,4729,545,623,2,2.663,2
81.9013,14.480,4730,545,623,2,2.696,2
81.9205,19.202,4731,545,623,2,2.789,2
81.9351,14.622,4732,545,623,2,2.897,2
81.9551,20.029,4733,545,623,2,3.086,2
81.9675,12.328,4734,545,623,2,2.058,2
81.9855,18.008,4735,545,623,2,2.147,2
81.9996,14.139,4736,545,623,2,2.042,2
82.0186,18.927,4737,545,623,2,2.679,2
82.0342,15.687,4738,545,623,2,2.328,2
82.0543,20.095,4739,545,623,2,2.305,2
82.0702,15.916,4740,545,623,2,3.155,2
82.0878,17.570,4741,545,623,2,2.635,2
82.1000,12.156,4742,545,623,2,2.071,2
82.1184,18.388,4743,545,623,2,2.309,2
82.1334,14.990,4744,545,623,2,2.246,2
82.1513,17.905,4745,545,623,2,2.147,2
82.1666,15.375,4746,545,623,2,2.072,2
82.1854,18.718,4747,545,623,2,2.528,2
82.1996,14.292,4748,545,623,2,2.045,2
82.2180,18.360,4749,545,623,2,2.214,2
82.2329,14.890,4750,545,623,2,2.043,2
82.2515,18.622,4751,545,623,2,2.178,2
82.2671,15.563,4752,545,623,2,2.487,2
82.2867,19.603,4753,545,623,2,2.682,2
82.3004,13.747,4754,545,623,2,2.194,2
82.3196,19.218,4755,545,623,2,2.604,2
82.3333,13.669,4756,545,623,2,2.308,2
82.3527,19.355,4757,545,623,2,2.713,2
82.3665,13.820,4758,545,623,2,2.068,2
82.3856,19.155,4759,545,623,2,2.691,2
82.4000,14.332,4760,545,623,2,2.086,2
82.4189,18.900,4761,545,623,2,2.639,2
82.4335,14.639,4762,545,623,2,2.116,2
82.4518,18.276,4763,545,623,2,2.459,2
82.4665,14.658,4764,545,623,2,2.073,2
82.4879,21.475,4765,545,623,2,3.202,2
82.5021,14.203,4766,545,623,2,3.116,2
82.5219,19.805,4767,545,623,2,3.059,2
82.5401,18.181,4768,545,623,2,2.919,2
82.5626,22.486,4769,545,623,2,3.485,2
82.5790,16.398,4770,545,623,2,3.314,2
82.5962,17.155,4771,545,623,2,3.445,2
82.6124,16.284,4772,545,623,2,3.394,2
82.6303,17.877,4773,545,623,2,3.454,2
82.6467,16.365,4774,545,623,2,3.821,2
82.6623,15.602,4775,545,623,2,2.418,2
82.6748,12.484,4776,545,623,2,2.531,2
82.6893,14.524,4777,545,623,2,2.429,2
82.7026,13.315,4778,545,623,2,2.440,2
82.7244,21.755,4779,545,623,2,3.833,2
82.7375,13.126,4780,545,623,2,2.318,2
82.7524,14.953,4781,545,623,2,2.271,2
82.7665,14.097,4782,545,623,2,2.235,2
82.7860,19.420,4783,545,623,2,2.196,2
82.8003,14.321,4784,545,623,2,2.163,2
82.8208,20.486,4785,545,623,2,2.690,2
82.8341,13.325,4786,545,623,2,2.603,2
82.8524,18.312,4787,545,623,2,2.584,2
82.8677,15.280,4788,545,623,2,2.530,2
82.8853,17.601,4789,545,623,2,2.712,2
82.8998,14.517,4790,545,623,2,2.047,2
82.9185,18.719,4791,545,623,2,2.577,2
82.9329,14.410,4792,545,623,2,2.057,2
82.9517,18.749,4793,545,623,2,2.554,2
82.9665,14.803,4794,545,623,2,2.056,2
82.9868,20.371,4795,545,623,2,2.333,2
82.9997,12.811,4796,545,623,2,2.041,2
83.0189,19.221,4797,545,623,2,2.277,2
83.0339,14.995,4798,545,623,2,2.157,2
83.0516,17.744,4799,545,623,2,2.125,2
83.0672,15.604,4800,545,623,2,2.107,2
83.0851,17.826,4801,545,623,2,2.097,2
83.1003,15.278,4802,545,623,2,2.048,2
83.1190,18.662,4803,545,623,2,2.233,2
83.1337,14.663,4804,545,623,2,2.523,2
83.1515,17.816,4805,545,623,2,2.155,2
83.1664,14.967,4806,545,623,2,2.045,2
83.1851,18.703,4807,545,623,2,2.638,2
83.1999,14.808,4808,545,623,2,2.093,2
83.2183,18.401,4809,545,623,2,2.282,2
83.2333,14.936,4810,545,623,2,2.223,2
83.2528,19.527,4811,545,623,2,2.594,2
83.2667,13.869,4812,545,623,2,2.086,2
83.2855,18.862,4813,545,623,2,2.636,2
83.3002,14.639,4814,545,623,2,2.099,2
83.3195,19.299,4815,545,623,2,2.577,2
83.3332,13.689,4816,545,623,2,2.075,2
83.3530,19.826,4817,545,623,2,2.572,2
83.3666,13.622,4818,545,623,2,2.125,2
83.3852,18.587,4819,545,623,2,2.097,2
83.4000,14.819,4820,545,623,2,2.053,2
83.4198,19.784,4821,545,623,2,2.569,2
83.4337,13.845,4822,545,623,2,2.072,2
83.4519,18.216,4823,545,623,2,2.320,2
83.4676,15.767,4824,545,623,2,2.482,2
83.4879,20.280,4825,545,623,2,2.293,2
83.5052,17.319,4826,545,623,2,2.403,2
83.5239,18.668,4827,545,623,2,2.782,2
83.5367,12.833,4828,545,623,2,2.430,2
83.5531,16.375,4829,545,623,2,2.748,2
83.5675,14.436,4830,545,623,2,2.598,2
83.5849,17.335,4831,545,623,2,2.169,2
83.6007,15.807,4832,545,623,2,2.169,2
83.6224,21.695,4833,545,623,2,3.451,2
83.6388,16.458,4834,545,623,2,3.472,2
83.6611,22.247,4835,545,623,2,4.090,2
83.6736,12.498,4836,545,623,2,2.389,2
83.6899,16.350,4837,545,623,2,2.461,2
83.7097,19.739,4838,545,623,2,3.148,2
83.7303,20.623,4839,545,623,2,4.078,2
83.7506,20.305,4840,545,623,2,5.286,2
83.7710,20.350,4841,545,623,2,3.752,2
83.7905,19.512,4842,545,623,2,2.805,2
83.8084,17.981,4843,545,623,2,2.501,2
83.8244,15.995,4844,545,623,2,2.324,2
83.8378,13.390,4845,545,623,2,2.197,2
83.8528,14.956,4846,545,623,2,2.196,2
83.8661,13.336,4847,545,623,2,2.089,2
83.8793,13.202,4848,545,623,2,3.295,2
83.8912,11.827,4849,545,623,2,2.159,2
83.9059,14.700,4850,545,623,2,2.151,2
83.9227,16.883,4851,545,623,2,2.184,2
83.9389,16.132,4852,545,623,2,2.103,2
83.9550,16.106,4853,545,623,2,2.064,2
83.9722,17.182,4854,545,623,2,2.097,2
83.9883,16.128,4855,545,623,2,2.035,2
84.0051,16.802,4856,545,623,2,2.109,2
84.0218,16.698,4857,545,623,2,2.050,2
84.0384,16.596,4858,545,623,2,2.096,2
84.0566,18.256,4859,545,623,2,2.529,2
84.0716,14.941,4860,545,623,2,2.119,2
84.0884,16.781,4861,545,623,2,2.053,2
84.1051,16.697,4862,545,623,2,2.123,2
84.1214,16.377,4863,545,623,2,2.051,2
84.1390,17.615,4864,545,623,2,2.156,2
84.1558,16.746,4865,545,623,2,2.301,2
84.1718,16.015,4866,545,623,2,2.346,2
84.1898,18.004,4867,545,623,2,2.080,2
84.2057,15.934,4868,545,623,2,2.144,2
84.2239,18.201,4869,545,623,2,2.072,2
84.2403,16.343,4870,545,623,2,2.095,2
84.2567,16.382,4871,545,623,2,2.121,2
84.2771,20.475,4872,545,623,2,3.013,2
84.2946,17.420,4873,545,623,2,2.209,2
84.3068,12.205,4874,545,623,2,2.159,2
84.3234,16.583,4875,545,623,2,2.089,2
84.3407,17.343,4876,545,623,2,2.117,2
84.3580,17.328,4877,545,623,2,2.501,2
84.3729,14.884,4878,545,623,2,2.184,2
84.3907,17.808,4879,545,623,2,2.457,2
84.4064,15.704,4880,545,623,2,2.209,2
84.4240,17.561,4881,545,623,2,2.118,2
84.4398,15.808,4882,545,623,2,2.180,2
84.4568,16.972,4883,545,623,2,2.073,2
84.4732,16.419,4884,545,623,2,2.126,2
84.4925,19.299,4885,545,623,2,2.830,2
84.5093,16.838,4886,545,623,2,2.929,2
84.5274,18.130,4887,545,623,2,2.930,2
84.5424,15.002,4888,545,623,2,3.136,2
84.5584,15.975,4889,545,623,2,2.289,2
84.5742,15.749,4890,545,623,2,2.591,2
84.5911,16.940,4891,545,623,2,2.603,2
84.6074,16.297,4892,545,623,2,2.583,2
84.6251,17.698,4893,545,623,2,2.566,2
84.6401,14.966,4894,545,623,2,2.145,2
84.6573,17.194,4895,545,623,2,2.052,2
84.6750,17.712,4896,545,623,2,2.241,2
84.6920,16.997,4897,545,623,2,2.097,2
84.7066,14.639,4898,545,623,2,2.148,2
84.7232,16.578,4899,545,623,2,2.068,2
84.7399,16.704,4900,545,623,2,2.116,2
84.7563,16.397,4901,545,623,2,2.056,2
84.7752,18.951,4902,545,623,2,3.040,2
84.7895,14.271,4903,545,623,2,2.507,2
84.8070,17.534,4904,545,623,2,2.178,2
84.8238,16.726,4905,545,623,2,2.091,2
84.8419,18.144,4906,545,623,2,2.828,2
84.8604,18.481,4907,545,623,2,2.634,2
84.8745,14.133,4908,545,623,2,3.129,2
