elapsed_seconds,present_gap_ms,frame_id,width,height,bitmap_allocations,native_crop_ms,generation2_collections
1.0173,23.533,54,569,819,2,4.009,1
1.0481,30.754,55,570,819,2,5.314,1
1.0759,27.821,56,570,819,2,3.565,1
1.1066,30.682,57,570,819,2,4.091,1
1.1273,20.715,58,570,819,2,2.442,1
1.1462,18.930,59,571,819,2,2.724,1
1.1627,16.544,60,570,819,2,2.192,1
1.1826,19.854,61,566,819,2,3.644,1
1.2020,19.362,62,563,819,2,2.152,1
1.2237,21.734,63,561,819,2,3.266,1
1.2375,13.754,64,558,819,2,2.564,1
1.2606,23.172,65,555,819,2,2.715,1
1.2764,15.798,66,549,819,2,3.329,1
1.2944,18.016,67,549,819,2,2.309,1
1.3114,16.964,68,550,819,2,2.780,1
1.3387,27.247,69,550,819,2,3.185,1
1.3523,13.684,70,550,819,2,4.136,1
1.3615,9.172,71,550,819,2,2.165,1
1.3895,27.977,72,550,819,2,3.357,1
1.3966,7.120,73,551,819,2,2.108,1
1.4250,28.348,74,552,819,2,4.471,1
1.4315,6.511,75,553,819,2,2.115,1
1.4504,18.985,76,554,819,2,2.786,1
1.4783,27.892,77,555,819,2,2.763,1
1.4850,6.631,78,555,819,2,3.269,1
1.5010,16.021,79,556,819,2,2.180,1
1.5186,17.651,80,556,819,2,2.466,1
1.5329,14.205,81,556,819,2,2.114,1
1.5526,19.724,82,557,819,2,2.385,1
1.5666,14.067,83,557,819,2,2.182,1
1.5949,28.238,84,558,819,2,2.400,1
1.6005,5.641,85,558,819,2,2.140,1
1.6296,29.037,86,559,819,2,2.488,1
1.6473,17.780,87,559,819,2,3.323,1
1.6558,8.447,88,559,819,2,2.751,1
1.6832,27.390,89,558,819,2,4.144,1
1.6970,13.810,90,558,819,2,2.376,1
1.7032,6.220,91,558,819,2,2.378,1
1.7206,17.371,92,558,819,2,2.446,1
1.7361,15.547,93,558,819,2,2.986,1
1.7623,26.185,94,558,819,2,2.904,1
1.7807,18.373,95,558,819,2,4.163,1
1.7955,14.838,96,558,819,2,2.609,1
1.8034,7.907,97,557,819,2,2.616,1
1.8244,20.981,98,557,819,2,3.182,1
1.8365,12.045,99,556,819,2,2.266,1
1.8571,20.615,100,555,819,2,2.966,1
1.8684,11.364,101,554,819,2,2.145,1
1.8870,18.578,102,554,819,2,2.821,1
1.9137,26.671,103,554,819,2,3.447,1
1.9312,17.493,104,554,819,2,2.379,1
1.9384,7.246,105,554,819,2,2.728,1
1.9555,17.109,106,553,819,2,2.419,1
1.9712,15.701,107,553,819,2,2.386,1
1.9853,14.088,108,552,819,2,2.599,1
1.9993,13.986,109,552,819,2,2.158,1
2.0190,19.719,110,551,819,2,2.969,1
2.0332,14.168,111,551,819,2,2.099,1
2.0606,27.460,112,550,819,2,2.650,1
2.0783,17.671,113,550,819,2,3.257,1
2.0863,7.955,114,549,819,2,2.528,1
2.1015,15.213,115,549,819,2,2.452,1
2.1183,16.822,116,549,819,2,2.303,1
2.1342,15.859,117,548,819,2,2.736,1
2.1530,18.840,118,546,819,2,2.939,1
2.1674,14.413,119,545,819,2,2.736,1
2.1844,16.955,120,545,819,2,2.407,1
2.1981,13.682,121,545,819,2,2.176,1
2.2194,21.296,122,545,819,2,6.980,1
2.2299,10.588,123,545,819,2,2.224,1
2.2559,26.005,124,545,819,2,3.830,1
2.2624,6.439,125,545,819,2,2.301,1
2.2836,21.178,126,546,819,2,2.603,1
2.3084,24.802,127,548,819,2,3.117,1
2.3209,12.572,128,549,819,2,3.128,1
2.3444,23.456,129,550,819,2,2.741,1
2.3548,10.444,130,551,819,2,2.499,1
2.3780,23.189,131,552,819,2,3.152,1
2.3887,10.662,132,554,819,2,3.149,1
2.4005,11.791,133,556,819,2,2.116,1
2.4192,18.715,134,557,819,2,2.845,1
2.4344,15.192,135,558,819,2,2.103,1
2.4663,31.930,136,560,819,2,2.606,1
2.4726,6.253,137,562,819,2,2.654,1
2.4913,18.753,138,562,819,2,2.714,1
2.5131,21.805,139,562,819,2,3.047,1
2.5286,15.431,140,562,819,2,2.759,1
2.5577,29.174,141,563,819,2,3.324,1
2.5649,7.129,142,563,819,2,2.663,1
2.5834,18.559,143,560,819,2,3.667,1
2.6113,27.845,144,559,819,2,3.047,1
2.6417,30.420,145,559,819,2,3.276,1
2.6514,9.714,146,558,819,2,2.412,1
2.6698,18.391,147,555,819,2,2.769,1
2.6987,28.864,148,545,819,2,3.244,1
2.7062,7.559,149,545,819,2,2.532,1
2.7236,17.393,150,545,819,2,2.670,1
2.7382,14.604,151,545,819,2,2.422,1
2.7554,17.154,152,545,819,2,2.361,1
2.7711,15.784,153,545,819,2,2.325,1
2.7890,17.833,154,545,819,2,2.420,1
2.8028,13.841,155,545,819,2,2.219,1
2.8410,38.184,156,545,819,2,3.244,1
2.8547,13.732,157,545,819,2,2.949,1
2.8645,9.737,158,545,819,2,2.625,1
2.8822,17.690,159,545,819,2,3.368,1
2.8960,13.870,160,545,819,2,2.115,1
2.9154,19.327,161,545,819,2,3.816,1
2.9298,14.466,162,545,819,2,2.114,1
2.9465,16.642,163,545,819,2,3.011,1
2.9620,15.488,164,545,819,2,2.345,1
2.9787,16.695,165,545,819,2,3.215,1
2.9939,15.288,166,545,819,2,2.393,1
3.0123,18.378,167,545,819,2,2.627,1
3.0254,13.070,168,545,819,2,2.429,1
3.0494,24.035,169,545,819,2,4.021,1
3.0705,21.068,170,545,819,2,3.073,1
3.0834,12.940,171,545,819,2,4.052,1
3.0930,9.554,172,545,819,2,2.234,1
3.1185,25.471,173,545,819,2,2.416,1
3.1251,6.622,174,545,819,2,2.607,1
3.1400,14.971,175,545,819,2,2.713,1
3.1649,24.877,176,545,819,2,2.488,1
3.1839,18.939,177,545,819,2,2.588,1
3.1909,7.032,178,545,819,2,2.547,1
3.2047,13.846,179,545,819,2,2.382,1
3.2306,25.850,180,545,819,2,2.931,1
3.2479,17.292,181,545,819,2,3.565,1
3.2550,7.104,182,545,819,2,2.864,1
3.2820,27.014,183,545,819,2,4.015,1
3.2953,13.263,184,545,819,2,2.609,1
3.3015,6.256,185,545,819,2,2.719,1
3.3210,19.501,186,545,819,2,2.498,1
3.3376,16.595,187,545,819,2,3.219,1
3.3604,22.801,188,545,819,2,2.298,1
3.3870,26.583,189,545,819,2,2.765,1
3.3947,7.693,190,555,819,2,2.147,1
3.4129,18.192,191,563,819,2,3.783,1
3.4376,24.700,192,571,819,2,3.155,1
3.4478,10.245,193,577,819,2,3.794,1
3.4630,15.145,194,583,819,2,2.331,1
3.4819,18.954,195,588,819,2,2.889,1
3.4974,15.456,196,592,819,2,2.790,1
3.5253,27.882,197,595,819,2,3.181,1
3.5451,19.809,198,596,819,2,3.637,1
3.5578,12.735,199,598,819,2,3.625,1
3.5793,21.456,200,598,819,2,4.223,1
3.5859,6.647,201,598,819,2,2.637,1
3.6021,16.176,202,598,819,2,2.333,1
3.6214,19.330,203,598,819,2,3.073,1
3.6437,22.256,204,598,819,2,3.327,1
3.6611,17.426,205,598,819,2,2.889,1
3.6762,15.075,206,598,819,2,3.194,1
3.6930,16.842,207,598,819,2,2.883,1
3.7079,14.871,208,598,819,2,2.702,1
3.7248,16.864,209,598,819,2,2.609,1
3.7491,24.308,210,598,819,2,3.382,1
3.7654,16.350,211,598,819,2,2.846,1
3.7728,7.366,212,598,819,2,2.499,1
3.7990,26.260,213,598,819,2,2.940,1
3.8060,6.948,214,598,819,2,2.537,1
3.8329,26.922,215,598,819,2,2.318,1
3.8400,7.052,216,598,819,2,2.962,1
3.8567,16.691,217,598,819,2,2.420,1
3.8732,16.571,218,598,819,2,2.367,1
3.8899,16.687,219,598,819,2,2.314,1
3.9044,14.523,220,599,819,2,2.392,1
3.9223,17.871,221,600,819,2,2.617,1
3.9362,13.852,222,601,819,2,2.244,1
3.9551,18.908,223,602,819,2,2.345,1
3.9836,28.555,224,603,819,2,3.754,1
3.9943,10.658,225,603,819,2,3.288,1
4.0162,21.896,226,603,819,2,3.976,1
4.0230,6.799,227,604,819,2,2.396,1
4.0364,13.469,228,604,819,2,2.849,1
4.0558,19.317,229,604,819,2,2.549,1
4.0722,16.471,230,604,819,2,2.266,1
4.0870,14.726,231,604,819,2,2.378,1
4.1060,19.004,232,605,819,2,2.372,1
4.1211,15.178,233,606,819,2,2.320,1
4.1525,31.383,234,604,819,2,3.612,1
4.1598,7.292,235,598,819,2,3.097,1
4.1743,14.472,236,598,819,2,2.407,1
4.1910,16.747,237,598,819,2,2.573,1
4.2058,14.784,238,606,819,2,2.336,1
4.2241,18.310,239,614,819,2,3.028,1
4.2378,13.631,240,622,819,2,2.402,1
4.2565,18.706,241,630,819,2,2.419,1
4.2704,13.950,242,637,819,2,2.298,1
4.3003,29.926,243,643,819,2,3.105,1
4.3150,14.696,244,648,819,2,5.376,1
4.3321,17.021,245,652,819,2,2.267,1
4.3438,11.766,246,656,819,2,2.662,1
4.3612,17.351,247,658,819,2,2.634,1
4.3863,25.140,248,669,819,2,3.476,1
4.3956,9.238,249,688,819,2,2.625,1
4.4167,21.119,250,709,819,2,3.422,1
4.4336,16.975,251,729,819,2,2.214,1
4.4503,16.635,252,749,819,2,3.374,1
4.4794,29.132,253,770,819,2,3.973,1
4.4968,17.408,254,791,819,2,2.877,1
4.5026,5.748,255,809,819,2,2.354,1
4.5209,18.355,256,827,819,2,2.788,1
4.5361,15.169,257,843,819,2,2.434,1
4.5542,18.140,258,858,819,2,2.605,1
4.5697,15.513,259,872,819,2,2.435,1
4.5970,27.294,260,883,819,2,3.252,1
4.6040,6.967,261,891,819,2,2.416,1
4.6233,19.306,262,896,819,2,2.586,1
4.6381,14.835,263,899,819,2,2.494,1
4.6565,18.341,264,900,819,2,2.550,1
4.6771,20.589,265,900,819,2,3.250,1
4.6936,16.516,266,900,819,2,3.436,1
4.7209,27.258,267,900,819,2,4.144,1
4.7387,17.829,268,900,819,2,3.474,1
4.7578,19.083,269,900,819,2,2.882,1
4.7756,17.828,270,900,819,2,2.820,1
4.7924,16.760,271,900,819,2,3.258,1
4.8118,19.466,272,900,819,2,3.455,1
4.8210,9.179,273,900,819,2,3.167,1
4.8381,17.073,274,900,819,2,2.828,1
4.8569,18.838,275,900,819,2,2.776,1
4.8726,15.659,276,902,819,2,2.563,1
4.8915,18.978,277,907,819,2,2.425,1
4.9068,15.268,278,909,819,2,2.715,1
4.9245,17.688,279,909,819,2,2.357,1
4.9442,19.688,280,909,819,2,3.240,1
4.9600,15.821,281,909,819,2,2.863,1
4.9749,14.936,282,909,819,2,2.467,1
4.9942,19.303,283,909,819,2,3.548,1
5.0098,15.518,284,909,819,2,2.715,1
5.0257,15.952,285,909,819,2,3.196,1
5.0400,14.249,286,909,819,2,2.343,1
5.0606,20.655,287,909,819,2,2.959,1
5.0744,13.768,288,909,819,2,2.312,1
5.0926,18.198,289,909,819,2,3.090,1
5.1054,12.824,290,909,819,2,2.326,1
5.1242,18.759,291,909,819,2,2.525,1
5.1394,15.201,292,909,819,2,2.970,1
5.1552,15.844,293,909,819,2,2.632,1
5.1698,14.539,294,909,819,2,2.795,1
5.1967,26.991,295,909,819,2,3.158,1
5.2042,7.469,296,909,819,2,2.499,1
5.2278,23.607,297,909,819,2,3.348,1
5.2511,23.313,298,909,819,2,4.607,1
5.2865,35.395,299,909,819,2,4.398,1
5.2945,7.968,300,909,819,2,3.519,1
5.3250,30.510,301,909,819,2,4.476,1
5.3351,10.077,302,909,819,2,2.933,1
5.3651,29.980,303,909,819,2,3.626,1
5.3913,26.228,304,909,819,2,5.060,1
5.4115,20.168,305,909,819,2,3.695,1
5.4296,18.098,306,909,819,2,4.894,1
5.4446,15.062,307,910,819,2,3.192,1
5.4747,30.080,308,912,819,2,3.246,1
5.4926,17.941,309,913,819,2,3.229,1
5.5021,9.476,310,914,819,2,2.334,1
5.5346,32.494,311,914,819,2,2.651,1
5.5508,16.148,312,915,819,2,3.936,1
5.5615,10.774,313,916,819,2,3.047,1
5.5794,17.879,314,915,819,2,3.003,1
5.5981,18.728,315,915,819,2,2.524,1
5.6330,34.846,316,916,819,2,3.045,1
5.6505,17.527,317,916,819,2,2.839,1
5.8894,238.911,318,914,819,2,2.808,1
5.9138,24.344,319,909,819,2,3.546,1
5.9321,18.288,320,909,819,2,5.543,1
5.9430,10.963,321,909,819,2,2.774,1
5.9644,21.401,322,909,819,2,2.354,1
5.9836,19.156,323,909,819,2,3.305,1
6.0126,29.041,324,909,819,2,3.530,1
6.0246,11.952,325,909,819,2,2.733,1
6.0463,21.755,326,909,819,2,3.295,1
6.0660,19.633,327,909,819,2,3.661,1
6.0789,12.931,328,909,819,2,3.297,1
6.0942,15.348,329,909,819,2,3.260,1
6.1117,17.429,330,909,819,2,2.901,1
6.1323,20.623,331,909,819,2,3.515,1
6.1531,20.782,332,909,819,2,3.971,1
6.1704,17.339,333,909,819,2,2.660,1
6.1912,20.803,334,909,819,2,3.668,1
6.2251,33.851,335,909,819,2,3.838,1
6.2396,14.497,336,909,819,2,2.901,1
6.2494,9.797,337,909,819,2,4.234,1
6.2804,31.030,338,909,819,2,4.021,1
6.2988,18.381,339,909,819,2,3.250,1
6.3200,21.196,340,909,819,2,5.210,1
6.3365,16.546,341,909,819,2,3.210,1
6.3456,9.126,342,909,819,2,3.535,1
6.3742,28.533,343,909,819,2,3.070,1
6.3909,16.766,344,909,819,2,3.646,1
6.4008,9.910,345,909,819,2,2.797,1
6.4225,21.646,346,909,819,2,3.277,1
6.4383,15.831,347,909,819,2,3.539,1
6.4698,31.509,348,909,819,2,2.944,1
6.4863,16.490,349,909,819,2,3.937,1
6.4944,8.035,350,909,819,2,2.769,1
6.5111,16.712,351,909,819,2,2.733,1
6.5298,18.772,352,909,819,2,3.067,1
6.5460,16.122,353,909,819,2,2.537,1
6.5641,18.176,354,909,819,2,2.965,1
6.5839,19.771,355,909,819,2,3.413,1
6.6004,16.489,356,909,819,2,2.250,1
6.6214,21.001,357,909,819,2,3.131,1
6.6368,15.445,358,909,819,2,3.113,1
6.6653,28.405,359,909,819,2,3.544,1
6.6718,6.594,360,909,819,2,3.224,1
6.6990,27.117,361,909,819,2,3.224,1
6.7045,5.486,362,909,819,2,2.601,1
6.7254,20.957,363,909,819,2,2.970,1
6.7406,15.152,364,909,819,2,2.348,1
6.7589,18.310,365,909,819,2,2.877,1
6.7751,16.197,366,909,819,2,2.426,1
6.7929,17.789,367,909,819,2,2.955,1
6.8063,13.426,368,909,819,2,2.414,1
6.8246,18.323,369,909,819,2,2.325,1
6.8403,15.680,370,909,819,2,2.357,1
6.8579,17.656,371,909,819,2,2.603,1
6.8721,14.138,372,909,819,2,2.529,1
6.8912,19.168,373,909,819,2,2.452,1
6.9070,15.792,374,909,819,2,2.647,1
6.9268,19.795,375,909,819,2,2.489,1
6.9477,20.820,376,909,819,2,3.906,1
6.9629,15.252,377,909,819,2,2.697,1
6.9798,16.893,378,909,819,2,3.627,1
6.9964,16.622,379,909,819,2,2.768,1
7.0119,15.473,380,909,819,2,2.963,1
7.0286,16.694,381,909,819,2,2.752,1
7.0463,17.733,382,909,819,2,3.334,1
7.0629,16.606,383,909,819,2,2.964,1
7.0799,16.992,384,909,819,2,3.291,1
7.0970,17.062,385,909,819,2,2.521,1
7.1148,17.771,386,909,819,2,2.860,1
7.1330,18.255,387,909,819,2,2.302,1
7.1545,21.480,388,909,819,2,3.943,1
7.1709,16.385,389,909,819,2,2.956,1
7.1910,20.079,390,909,819,2,2.499,1
7.2098,18.858,391,909,819,2,2.381,1
7.2286,18.751,392,909,819,2,2.869,1
7.2451,16.573,393,909,819,2,2.709,1
7.2616,16.486,394,909,819,2,3.314,1
7.2807,19.055,395,909,819,2,3.771,1
7.2985,17.826,396,909,819,2,3.971,1
7.3161,17.558,397,909,819,2,4.262,1
7.3338,17.755,398,909,819,2,3.658,1
7.3519,18.076,399,909,819,2,3.692,1
7.3663,14.437,400,909,819,2,2.284,1
7.3863,19.944,401,909,819,2,3.550,1
7.4015,15.239,402,909,819,2,2.310,1
7.4200,18.509,403,909,819,2,3.681,1
7.4367,16.685,404,909,819,2,2.341,1
7.4564,19.727,405,909,819,2,2.832,1
7.4736,17.208,406,909,819,2,2.338,1
7.4959,22.291,407,909,819,2,2.775,1
7.5128,16.844,408,909,819,2,3.000,1
7.5300,17.216,409,909,819,2,3.057,1
7.5489,18.903,410,909,819,2,4.522,1
7.5653,16.428,411,909,819,2,3.001,1
7.5829,17.544,412,909,819,2,3.898,1
7.5989,15.989,413,909,819,2,2.318,1
7.6178,18.917,414,909,819,2,3.913,1
7.6330,15.236,415,909,819,2,2.488,1
7.6540,20.947,416,909,819,2,3.814,1
7.6693,15.296,417,909,819,2,2.370,1
7.6870,17.760,418,909,819,2,3.643,1
7.7064,19.370,419,909,819,2,2.703,1
7.7243,17.968,420,909,819,2,2.766,1
7.7420,17.628,421,909,819,2,2.320,1
7.7631,21.105,422,909,819,2,2.435,1
7.7756,12.551,423,909,819,2,2.355,1
7.7946,18.961,424,909,819,2,2.366,1
7.8109,16.307,425,909,819,2,2.329,1
7.8302,19.345,426,910,819,2,3.260,1
7.8457,15.468,427,910,819,2,3.056,1
7.8630,17.332,428,910,819,2,3.486,1
7.8793,16.247,429,910,819,2,2.834,1
7.8972,17.912,430,910,819,2,2.898,1
7.9173,20.104,431,910,819,2,3.681,1
7.9332,15.931,432,910,819,2,2.277,1
7.9541,20.907,433,909,819,2,3.980,1
7.9746,20.411,434,908,819,2,3.171,1
7.9929,18.332,435,908,819,2,2.844,1
8.0150,22.072,436,908,819,2,3.659,1
8.0318,16.806,437,908,819,2,3.254,1
8.0568,25.011,438,908,819,2,3.314,1
8.0791,22.303,439,908,819,2,3.332,1
8.0981,19.016,440,908,819,2,2.872,1
8.1181,19.966,441,908,819,2,4.348,1
8.1337,15.590,442,908,819,2,2.519,1
8.1518,18.121,443,908,819,2,2.993,1
8.3612,209.410,444,908,819,2,2.489,1
8.3821,20.936,445,908,819,2,3.888,1
8.4015,19.380,446,935,826,2,2.358,1
8.4234,21.879,447,935,823,2,3.797,1
8.4411,17.750,448,935,821,2,2.905,1
8.4623,21.204,449,935,819,2,2.320,1
8.4800,17.641,450,934,819,2,2.369,1
8.5000,20.024,451,934,819,2,2.836,1
8.5178,17.809,452,934,819,2,3.381,1
8.5350,17.227,453,934,819,2,2.499,1
8.5592,24.114,454,933,819,2,2.321,1
8.5743,15.195,455,933,819,2,2.306,1
8.5965,22.166,456,933,819,2,2.772,1
8.6138,17.247,457,932,819,2,2.512,1
8.6313,17.557,458,932,819,2,2.996,1
8.6505,19.222,459,932,819,2,4.313,1
8.6691,18.527,460,931,819,2,2.297,1
8.6895,20.414,461,931,819,2,2.587,1
8.7052,15.697,462,931,819,2,2.368,1
8.7278,22.608,463,930,819,2,2.839,1
8.7440,16.220,464,930,819,2,2.305,1
8.7651,21.114,465,929,819,2,3.216,1
8.7858,20.675,466,929,819,2,3.653,1
8.8051,19.283,467,928,819,2,2.535,1
8.8251,20.035,468,928,819,2,2.367,1
8.8431,18.038,469,928,819,2,2.302,1
8.8627,19.563,470,927,819,2,2.402,1
8.8801,17.419,471,926,819,2,2.531,1
8.8996,19.487,472,926,819,2,2.636,1
8.9192,19.552,473,925,819,2,3.959,1
8.9366,17.470,474,925,819,2,2.607,1
8.9582,21.564,475,924,819,2,3.361,1
8.9745,16.262,476,924,819,2,2.339,1
8.9949,20.442,477,923,819,2,2.733,1
9.0124,17.470,478,923,819,2,2.336,1
9.0323,19.879,479,922,819,2,2.793,1
9.0513,19.088,480,922,819,2,3.453,1
9.0728,21.484,481,921,819,2,2.520,1
9.0929,20.069,482,921,819,2,2.383,1
9.1100,17.117,483,920,819,2,2.345,1
9.1281,18.057,484,920,819,2,2.439,1
9.1457,17.598,485,919,819,2,2.305,1
9.1670,21.336,486,919,819,2,2.836,1
9.1883,21.293,487,918,819,2,3.634,1
9.2077,19.349,488,918,819,2,2.622,1
9.2268,19.148,489,917,819,2,2.225,1
9.2451,18.314,490,917,819,2,2.323,1
9.2666,21.458,491,916,819,2,3.251,1
9.2829,16.338,492,916,819,2,3.008,1
9.3060,23.046,493,915,819,2,2.565,1
9.3234,17.447,494,915,819,2,2.528,1
9.3450,21.631,495,914,819,2,2.262,1
9.3632,18.218,496,914,819,2,2.450,1
9.3847,21.440,497,913,819,2,4.023,1
9.4011,16.431,498,913,819,2,2.667,1
9.4239,22.820,499,912,819,2,2.893,1
9.4408,16.838,500,912,819,2,2.356,1
9.4593,18.545,501,912,819,2,2.298,1
9.4788,19.440,502,911,819,2,2.349,1
9.4969,18.096,503,911,819,2,2.910,1
9.5148,17.974,504,910,819,2,2.693,1
9.5326,17.757,505,910,819,2,3.031,1
9.5510,18.438,506,910,819,2,4.117,1
9.5694,18.353,507,909,819,2,2.266,1
9.5907,21.355,508,909,819,2,2.704,1
9.6101,19.390,509,909,819,2,2.479,1
9.6297,19.533,510,908,819,2,2.266,1
9.6485,18.808,511,908,819,2,2.983,1
9.6653,16.795,512,908,819,2,2.849,1
9.6834,18.181,513,908,819,2,3.782,1
9.7030,19.566,514,908,819,2,2.630,1
9.7226,19.541,515,908,819,2,2.613,1
9.7421,19.593,516,908,819,2,2.282,1
9.7626,20.445,517,908,819,2,2.278,1
9.7793,16.748,518,908,819,2,2.632,1
9.7982,18.860,519,907,818,2,2.891,1
9.8191,20.910,520,907,778,2,4.733,1
9.8390,19.889,521,907,778,2,2.466,1
9.8608,21.759,522,906,778,2,2.602,1
9.9517,90.926,523,906,778,2,3.297,1
9.9631,11.439,524,906,778,2,2.393,1
9.9787,15.610,525,902,536,2,2.339,1
9.9930,14.232,526,902,536,2,2.092,1
10.0088,15.833,527,902,536,2,2.641,1
10.0285,19.656,528,902,536,2,2.298,1
10.0485,20.089,529,902,536,2,4.410,1
10.0689,20.392,530,902,536,2,2.587,1
10.0978,28.901,531,903,536,2,3.348,1
10.1238,25.922,532,903,536,2,3.466,1
10.1469,23.141,533,903,536,2,2.989,1
10.1647,17.831,534,903,536,2,2.669,1
10.1858,21.075,535,903,536,2,4.619,1
10.2036,17.775,536,903,536,2,3.077,1
10.2262,22.633,537,903,536,2,2.728,1
10.2507,24.460,538,903,536,2,4.285,1
10.2682,17.551,539,903,536,2,2.151,1
10.2928,24.586,540,903,536,2,3.164,1
10.3095,16.645,541,903,536,2,2.493,1
10.3244,14.953,542,903,536,2,2.099,1
10.3408,16.407,543,903,536,2,2.149,1
10.3562,15.385,544,903,536,2,2.154,1
10.3703,14.134,545,903,536,2,2.216,1
10.3887,18.412,546,903,536,2,2.556,1
10.4054,16.681,547,903,536,2,2.517,1
10.4229,17.462,548,903,536,2,2.199,1
10.4379,15.062,549,903,536,2,2.303,1
10.4551,17.182,550,903,536,2,2.218,1
10.4692,14.101,551,903,536,2,2.485,1
10.4865,17.238,552,903,536,2,2.862,1
10.5015,15.072,553,903,536,2,2.482,1
10.5185,16.939,554,903,536,2,2.383,1
10.5323,13.863,555,903,536,2,3.054,1
10.5476,15.263,556,903,536,2,3.215,1
10.5628,15.198,557,902,536,2,2.211,1
10.5765,13.675,558,902,536,2,2.483,1
10.5945,17.978,559,902,536,2,2.064,1
10.6084,13.938,560,902,536,2,2.267,1
10.6287,20.264,561,902,536,2,2.307,1
10.6417,13.013,562,902,536,2,2.140,1
10.6597,18.076,563,902,536,2,2.057,1
10.6752,15.444,564,902,536,2,2.068,1
10.6917,16.556,565,902,536,2,2.441,1
10.7084,16.634,566,902,536,2,2.114,1
10.7244,15.974,567,902,536,2,2.056,1
10.7414,17.086,568,902,536,2,2.227,1
10.7585,17.056,569,902,536,2,2.056,1
10.7748,16.329,570,902,536,2,2.125,1
10.7914,16.602,571,902,536,2,2.059,1
10.8084,16.998,572,902,536,2,2.076,1
10.8246,16.206,573,902,536,2,2.139,1
10.8422,17.556,574,902,536,2,2.482,1
10.8579,15.667,575,902,536,2,2.113,1
10.8750,17.123,576,902,536,2,2.250,1
10.8916,16.624,577,902,536,2,2.078,1
10.9084,16.813,578,902,536,2,2.237,1
10.9269,18.516,579,902,536,2,2.037,1
10.9415,14.585,580,902,536,2,2.229,1
10.9583,16.809,581,902,536,2,2.046,1
10.9755,17.126,582,902,536,2,2.513,1
10.9915,16.034,583,902,536,2,2.416,1
11.0087,17.219,584,902,536,2,2.681,1
11.0244,15.742,585,902,536,2,2.430,1
11.0416,17.126,586,902,536,2,2.088,1
11.0586,17.063,587,902,536,2,2.033,1
11.0756,17.007,588,902,536,2,2.129,1
11.0923,16.635,589,902,536,2,2.316,1
11.1084,16.164,590,902,536,2,2.311,1
11.1251,16.627,591,902,536,2,2.326,1
11.1419,16.872,592,902,536,2,2.154,1
11.1601,18.154,593,902,536,2,2.060,1
11.1751,14.989,594,902,536,2,2.060,1
11.1938,18.711,595,902,536,2,2.025,1
11.2091,15.292,596,902,536,2,2.023,1
11.2272,18.141,597,902,536,2,2.038,1
11.2421,14.906,598,902,536,2,2.671,1
11.2583,16.179,599,902,536,2,2.019,1
11.2754,17.122,600,902,536,2,2.345,1
11.2986,23.118,601,902,536,2,2.933,1
11.3158,17.283,602,902,536,2,3.327,1
11.3290,13.132,603,902,536,2,2.214,1
11.3431,14.144,604,902,536,2,2.379,1
11.3604,17.244,605,902,536,2,2.145,1
11.3764,16.076,606,902,538,2,2.251,1
11.3921,15.666,607,902,541,2,2.112,1
11.4092,17.076,608,902,543,2,2.321,1
11.4289,19.690,609,902,545,2,2.084,1
11.4426,13.749,610,902,548,2,2.065,1
11.4619,19.313,611,902,550,2,2.051,1
11.4774,15.445,612,902,552,2,2.234,1
11.4931,15.690,613,902,554,2,2.096,1
11.5097,16.615,614,902,556,2,2.874,1
11.5254,15.742,615,902,558,2,2.104,1
11.5427,17.284,616,902,559,2,2.506,1
11.5604,17.665,617,902,561,2,2.453,1
11.5760,15.596,618,902,562,2,2.091,1
11.5931,17.147,619,902,564,2,2.027,1
11.6096,16.446,620,902,565,2,2.260,1
11.6272,17.665,621,902,566,2,2.344,1
11.6428,15.603,622,902,568,2,2.118,1
11.6596,16.733,623,902,569,2,2.080,1
11.6762,16.597,624,902,570,2,2.301,1
11.6929,16.728,625,902,570,2,2.065,1
11.7094,16.547,626,902,571,2,2.149,1
11.7285,19.053,627,902,572,2,2.433,1
11.7429,14.415,628,902,572,2,2.631,1
11.7603,17.396,629,902,572,2,2.450,1
11.7755,15.205,630,902,572,2,2.663,1
11.7923,16.761,631,902,536,2,2.447,1
11.8091,16.887,632,902,536,2,2.662,1
11.8254,16.230,633,902,536,2,2.492,1
11.8418,16.395,634,902,536,2,2.278,1
11.8600,18.229,635,902,536,2,2.325,1
11.8762,16.242,636,900,536,2,2.365,1
11.8957,19.507,637,896,536,2,2.416,1
11.9099,14.124,638,898,536,2,2.420,1
11.9256,15.705,639,893,536,2,2.133,1
11.9427,17.160,640,902,536,2,2.358,1
11.9598,17.108,641,895,536,2,2.110,1
11.9779,18.104,642,897,536,2,2.513,1
11.9935,15.547,643,902,536,2,2.080,1
12.0097,16.228,644,900,536,2,2.847,1
12.0267,16.957,645,901,536,2,2.511,1
12.0422,15.486,646,901,536,2,2.300,1
12.0583,16.175,647,901,536,2,2.494,1
12.0747,16.343,648,901,536,2,2.102,1
12.0939,19.178,649,901,536,2,2.484,1
12.1102,16.340,650,901,536,2,2.369,1
12.1266,16.373,651,900,536,2,2.545,1
12.1430,16.453,652,896,536,2,2.785,1
12.1613,18.242,653,889,536,2,2.520,1
12.1772,15.962,654,880,536,2,2.566,1
12.1924,15.120,655,870,536,2,2.084,1
12.2091,16.743,656,857,536,2,2.272,1
12.2261,17.047,657,842,536,2,2.533,1
12.2423,16.170,658,827,536,2,2.128,1
12.2622,19.860,659,810,536,2,2.535,1
12.2774,15.246,660,792,536,2,3.030,1
12.2968,19.429,661,773,536,2,2.186,1
12.3150,18.139,662,754,536,2,3.142,1
12.3285,13.465,663,734,536,2,2.165,1
12.3434,14.957,664,715,536,2,2.490,1
12.3589,15.506,665,695,536,2,2.073,1
12.3755,16.623,666,676,536,2,2.361,1
12.3919,16.344,667,659,536,2,2.048,1
12.4090,17.100,668,657,536,2,2.362,1
12.4259,16.954,669,654,536,2,2.052,1
12.4420,16.068,670,650,536,2,2.382,1
12.4588,16.835,671,645,536,2,2.505,1
12.4751,16.301,672,639,536,2,2.307,1
12.4927,17.579,673,633,536,2,2.461,1
12.5093,16.543,674,626,536,2,2.315,1
12.5253,16.016,675,618,536,2,2.148,1
12.5434,18.150,676,610,536,2,2.397,1
12.5601,16.666,677,601,536,2,2.020,1
12.5762,16.079,678,598,536,2,2.628,1
12.5921,15.884,679,598,536,2,2.284,1
12.6080,15.932,680,598,536,2,2.520,1
12.6244,16.413,681,598,536,2,2.105,1
12.6415,17.085,682,598,536,2,2.377,1
12.6576,16.082,683,598,536,2,2.021,1
12.6752,17.582,684,598,536,2,2.619,1
12.6916,16.460,685,598,536,2,2.451,1
12.7080,16.360,686,598,536,2,2.448,1
12.7237,15.756,687,598,536,2,2.029,1
12.7413,17.538,688,598,536,2,2.428,1
12.7620,20.691,689,598,536,2,2.108,1
12.7747,12.791,690,598,536,2,2.661,1
12.7922,17.455,691,598,536,2,2.083,1
12.8083,16.098,692,598,536,2,2.475,1
12.8246,16.321,693,598,536,2,2.020,1
12.8415,16.895,694,598,536,2,2.395,1
12.8573,15.736,695,598,536,2,2.026,1
12.8751,17.825,696,598,536,2,2.398,1
12.8906,15.520,697,598,536,2,2.008,1
12.9086,17.958,698,598,536,2,2.388,1
12.9243,15.788,699,598,536,2,2.079,1
12.9425,18.183,700,598,536,2,2.855,1
12.9593,16.729,701,598,536,2,2.009,1
12.9752,15.963,702,598,536,2,2.399,1
12.9907,15.460,703,598,536,2,2.028,1
13.0079,17.177,704,598,536,2,2.298,1
13.0240,16.154,705,598,536,2,2.435,1
13.0431,19.132,706,598,536,2,2.422,1
13.0587,15.580,707,598,536,2,2.150,1
13.0749,16.151,708,598,536,2,2.645,1
13.0909,16.034,709,598,536,2,2.169,1
13.1080,17.121,710,598,536,2,2.328,1
13.1243,16.226,711,598,536,2,2.012,1
13.1420,17.779,712,598,536,2,2.605,1
13.1579,15.883,713,598,536,2,2.459,1
13.1745,16.629,714,598,536,2,2.320,1
13.1903,15.721,715,598,536,2,2.025,1
13.2081,17.841,716,598,536,2,2.390,1
13.2247,16.607,717,597,536,2,2.034,1
13.2420,17.291,718,596,536,2,2.278,1
13.2608,18.812,719,594,536,2,2.427,1
13.2774,16.616,720,591,536,2,3.303,1
13.2968,19.382,721,587,536,2,2.230,1
13.3166,19.804,722,582,536,2,2.427,1
13.3295,12.897,723,576,536,2,2.004,1
13.3452,15.661,724,569,536,2,2.426,1
13.3607,15.560,725,561,536,2,2.005,1
13.3764,15.620,726,553,536,2,2.506,1
13.3912,14.869,727,545,536,2,2.018,1
13.4086,17.328,728,545,536,2,2.384,1
13.4241,15.510,729,545,536,2,2.015,1
13.4410,16.916,730,545,536,2,2.152,1
13.4574,16.392,731,545,536,2,2.019,1
13.4766,19.214,732,545,536,2,2.909,1
13.4926,16.005,733,545,536,2,2.003,1
13.5094,16.767,734,545,536,2,3.115,1
13.5248,15.406,735,545,536,2,2.038,1
13.5501,25.345,736,545,536,2,3.635,1
13.5584,8.326,737,545,536,2,2.135,1
13.5773,18.823,738,545,536,2,2.791,1
13.5904,13.112,739,545,536,2,2.031,1
13.6086,18.204,740,545,536,2,2.413,1
13.6246,16.065,741,545,536,2,2.021,1
13.6416,17.004,742,545,536,2,2.340,1
13.6577,16.069,743,545,536,2,2.007,1
13.6748,17.057,744,545,536,2,2.429,1
13.6906,15.821,745,545,536,2,2.421,1
13.7082,17.611,746,545,536,2,2.438,1
13.7234,15.247,747,545,536,2,2.003,1
13.7415,18.085,748,545,536,2,2.384,1
13.7573,15.778,749,545,536,2,2.002,1
13.7748,17.498,750,545,536,2,2.597,1
13.7907,15.862,751,545,536,2,2.129,1
13.8137,23.032,752,545,536,2,3.011,1
13.8242,10.460,753,545,536,2,2.026,1
13.8419,17.766,754,545,536,2,2.815,1
13.8571,15.131,755,545,536,2,2.009,1
13.8753,18.206,756,545,536,2,2.467,1
13.8915,16.270,757,545,536,2,2.514,1
13.9083,16.805,758,545,536,2,2.360,1
13.9242,15.903,759,545,536,2,2.435,1
13.9412,16.938,760,545,536,2,2.381,1
13.9579,16.692,761,545,536,2,2.430,1
13.9752,17.343,762,545,536,2,2.465,1
13.9931,17.905,763,545,536,2,2.537,1
14.0102,17.090,764,545,536,2,2.907,1
14.0242,13.981,765,545,536,2,2.145,1
14.0425,18.341,766,545,536,2,2.966,1
14.0577,15.116,767,545,536,2,2.180,1
14.0752,17.581,768,545,536,2,2.653,1
14.0905,15.309,769,545,536,2,2.006,1
14.1087,18.114,770,545,536,2,2.908,1
14.1244,15.747,771,545,536,2,2.438,1
14.1413,16.864,772,545,536,2,2.362,1
14.1576,16.305,773,545,536,2,2.019,1
14.1747,17.120,774,545,536,2,2.355,1
14.1906,15.933,775,545,536,2,2.018,1
14.2083,17.656,776,545,536,2,2.414,1
14.2246,16.361,777,545,536,2,2.418,1
14.2446,19.975,778,545,536,2,2.503,1
14.2585,13.862,779,545,536,2,2.063,1
14.2761,17.612,780,545,536,2,3.483,1
14.2942,18.134,781,545,536,2,2.230,1
14.3108,16.534,782,545,536,2,2.626,1
14.3241,13.382,783,545,536,2,2.020,1
14.3418,17.663,784,545,536,2,2.471,1
14.3573,15.494,785,545,536,2,2.003,1
14.3762,18.917,786,545,536,2,2.977,1
14.3904,14.168,787,545,536,2,1.989,1
14.4085,18.085,788,545,536,2,2.290,1
14.4242,15.737,789,545,536,2,2.019,1
14.4416,17.383,790,545,536,2,2.427,1
14.4579,16.277,791,545,536,2,2.005,1
14.4746,16.760,792,545,536,2,2.425,1
14.4920,17.366,793,545,536,2,2.441,1
14.5092,17.241,794,545,536,2,2.374,1
14.5240,14.754,795,545,536,2,2.076,1
14.5420,17.978,796,545,536,2,2.490,1
14.5575,15.520,797,545,536,2,2.037,1
14.5758,18.304,798,545,536,2,2.568,1
14.5909,15.076,799,545,536,2,2.008,1
14.6085,17.594,800,545,536,2,2.451,1
14.6250,16.503,801,545,536,2,2.461,1
14.6420,17.055,802,545,536,2,2.877,1
14.6574,15.338,803,545,536,2,2.004,1
14.6749,17.520,804,545,536,2,2.367,1
14.6906,15.760,805,545,536,2,2.014,1
14.7085,17.894,806,545,536,2,2.386,1
14.7244,15.920,807,545,536,2,2.448,1
14.7428,18.331,808,545,536,2,2.446,1
14.7592,16.373,809,545,536,2,2.477,1
14.7750,15.808,810,545,536,2,2.598,1
14.7911,16.178,811,545,536,2,2.016,1
14.8090,17.861,812,545,536,2,2.058,1
14.8254,16.377,813,545,536,2,2.022,1
14.8420,16.598,814,545,536,2,2.365,1
14.8575,15.560,815,545,536,2,2.020,1
14.8755,17.934,816,545,536,2,2.519,1
14.8910,15.536,817,545,536,2,2.432,1
14.9094,18.413,818,545,536,2,2.435,1
14.9238,14.389,819,545,536,2,2.010,1
14.9415,17.744,820,545,536,2,2.442,1
14.9577,16.106,821,545,536,2,2.006,1
14.9753,17.654,822,545,536,2,2.918,1
14.9924,17.078,823,545,536,2,2.455,1
15.0097,17.289,824,545,536,2,3.143,1
15.0254,15.744,825,545,536,2,2.372,1
15.0425,17.062,826,545,536,2,2.437,1
15.0574,14.943,827,545,536,2,2.082,1
15.0756,18.181,828,545,536,2,2.387,1
15.0913,15.665,829,545,536,2,2.002,1
15.1085,17.225,830,545,536,2,2.451,1
15.1247,16.195,831,545,536,2,2.024,1
15.1420,17.261,832,545,536,2,2.422,1
15.1582,16.209,833,545,536,2,2.056,1
15.1753,17.157,834,545,536,2,2.478,1
15.1910,15.706,835,545,536,2,2.435,1
15.2089,17.876,836,545,536,2,2.454,1
15.2247,15.776,837,545,536,2,2.017,1
15.2421,17.467,838,545,536,2,2.404,1
15.2581,15.988,839,545,536,2,2.426,1
15.2764,18.304,840,545,536,2,3.082,1
15.2992,22.760,841,545,536,2,2.472,1
15.3110,11.792,842,545,536,2,3.371,1
15.3259,14.959,843,545,536,2,2.071,1
15.3427,16.782,844,545,536,2,2.239,1
15.3589,16.206,845,545,536,2,1.993,1
15.3758,16.893,846,545,536,2,2.464,1
15.3911,15.322,847,545,536,2,2.011,1
15.4101,18.923,848,545,536,2,2.860,1
15.4245,14.469,849,545,536,2,2.080,1
15.4438,19.305,850,545,536,2,2.564,1
15.4616,17.728,851,545,536,2,2.040,1
15.4766,14.987,852,545,536,2,2.509,1
15.4925,15.912,853,545,536,2,2.083,1
15.5098,17.296,854,545,536,2,2.764,1
15.5248,15.031,855,545,536,2,2.495,1
15.5428,17.983,856,545,536,2,2.615,1
15.5581,15.335,857,545,536,2,2.075,1
15.5765,18.381,858,545,536,2,2.900,1
15.5920,15.497,859,545,536,2,2.417,1
15.6089,16.925,860,545,536,2,2.389,1
15.6250,16.048,861,545,536,2,2.029,1
15.6439,18.908,862,545,536,2,2.891,1
15.6586,14.749,863,545,536,2,2.427,1
15.6766,17.968,864,545,536,2,2.905,1
15.6908,14.182,865,545,536,2,1.997,1
15.7096,18.793,866,545,536,2,2.415,1
15.7260,16.427,867,545,536,2,2.020,1
15.7427,16.713,868,545,536,2,2.681,1
15.7613,18.641,869,545,536,2,2.326,1
15.7795,18.168,870,545,536,2,3.699,1
15.7971,17.593,871,545,536,2,2.299,1
15.8191,21.957,872,545,536,2,3.222,1
15.8338,14.740,873,545,536,2,2.193,1
15.8554,21.549,874,545,536,2,3.440,1
15.8707,15.339,875,545,536,2,3.395,1
15.8937,22.989,876,545,536,2,2.612,1
15.9125,18.800,877,545,536,2,3.371,1
15.9327,20.205,878,545,536,2,2.544,1
15.9528,20.162,879,545,537,2,3.439,1
15.9750,22.106,880,545,538,2,3.279,1
15.9889,13.989,881,545,539,2,2.935,1
16.0142,25.305,882,545,540,2,3.362,1
16.0317,17.464,883,545,542,2,2.234,1
16.0532,21.491,884,545,542,2,3.780,1
16.0701,16.852,885,545,541,2,2.756,1
16.0913,21.282,886,545,539,2,3.484,1
16.1053,14.011,887,545,535,2,2.820,1
16.1263,20.988,888,545,529,2,2.571,1
16.1469,20.568,889,545,522,2,3.430,1
16.1661,19.200,890,545,515,2,2.466,1
16.1893,23.207,891,545,507,2,4.179,1
16.2042,14.866,892,545,500,2,2.566,1
16.2269,22.735,893,545,493,2,2.589,1
16.2515,24.541,894,545,487,2,2.667,1
16.2607,9.241,895,545,483,2,2.125,1
16.2846,23.888,896,545,480,2,3.600,1
16.3025,17.933,897,545,479,2,2.443,1
16.3188,16.249,898,545,479,2,2.340,1
16.3318,13.047,899,545,479,2,1.968,1
16.3491,17.271,900,545,479,2,2.218,1
16.3620,12.878,901,545,479,2,1.978,1
16.3779,15.987,902,545,479,2,2.658,1
16.3931,15.133,903,545,478,2,2.371,1
16.4080,14.923,904,545,478,2,3.469,1
16.4245,16.488,905,545,478,2,2.260,1
16.4378,13.317,906,545,478,2,2.474,1
16.4541,16.332,907,545,477,2,2.531,1
16.4729,18.799,908,545,477,2,3.525,1
16.4885,15.595,909,545,477,2,2.610,1
16.5019,13.362,910,545,477,2,2.531,1
16.5208,18.928,911,545,476,2,2.501,1
16.5336,12.761,912,545,476,2,1.965,1
16.5527,19.153,913,545,476,2,2.614,1
16.5670,14.267,914,545,476,2,2.019,1
16.5854,18.421,915,545,476,2,2.654,1
16.6003,14.841,916,545,476,2,1.982,1
16.6180,17.744,917,545,476,2,2.102,1
16.6336,15.597,918,545,476,2,2.002,1
16.6528,19.216,919,545,476,2,2.233,1
16.6690,16.153,920,545,476,2,1.992,1
16.6860,17.031,921,545,476,2,2.787,1
16.7004,14.416,922,545,476,2,2.072,1
16.7187,18.302,923,545,476,2,2.302,1
16.7338,15.077,924,545,476,2,1.991,1
16.7521,18.271,925,545,476,2,2.199,1
16.7676,15.487,926,545,476,2,2.020,1
16.7868,19.210,927,545,477,2,2.370,1
16.8056,18.817,928,545,478,2,3.289,1
16.8219,16.275,929,545,480,2,2.393,1
16.8344,12.531,930,545,482,2,1.999,1
16.8529,18.551,931,545,485,2,2.488,1
16.8690,16.077,932,545,488,2,2.429,1
16.8866,17.607,933,545,492,2,2.455,1
16.9009,14.264,934,545,495,2,2.135,1
16.9210,20.117,935,545,499,2,2.418,1
16.9349,13.882,936,545,503,2,2.317,1
16.9548,19.876,937,545,506,2,3.174,1
16.9680,13.221,938,545,510,2,2.141,1
16.9865,18.543,939,545,513,2,2.327,1
17.0014,14.893,940,545,516,2,2.072,1
17.0195,18.104,941,545,519,2,2.219,1
17.0353,15.762,942,545,522,2,2.164,1
17.0547,19.364,943,545,524,2,3.103,1
17.0718,17.173,944,545,526,2,3.087,1
17.0883,16.461,945,545,528,2,3.038,1
17.1009,12.604,946,545,529,2,2.034,1
17.1193,18.431,947,545,531,2,2.216,1
17.1342,14.826,948,545,532,2,2.027,1
17.1522,18.088,949,545,532,2,2.195,1
17.1683,16.086,950,545,533,2,2.506,1
17.1887,20.390,951,545,534,2,2.799,1
17.2003,11.607,952,545,534,2,2.042,1
17.2214,21.088,953,545,534,2,3.596,1
17.2348,13.387,954,545,534,2,2.999,1
17.2532,18.360,955,545,534,2,2.382,1
17.2676,14.394,956,545,534,2,2.156,1
17.2899,22.321,957,545,534,2,3.658,1
17.3054,15.520,958,545,535,2,2.639,1
17.3271,21.669,959,545,535,2,2.449,1
17.3412,14.116,960,545,535,2,2.434,1
17.3581,16.884,961,545,536,2,2.107,1
17.3699,11.819,962,545,536,2,2.384,1
17.3874,17.488,963,545,537,2,2.444,1
17.4035,16.148,964,545,537,2,2.430,1
17.4212,17.713,965,545,537,2,2.915,1
17.4341,12.913,966,545,538,2,2.072,1
17.4527,18.593,967,545,538,2,2.357,1
17.4679,15.126,968,545,539,2,2.052,1
17.4858,17.967,969,545,539,2,2.567,1
17.5005,14.721,970,545,539,2,2.077,1
17.5185,17.917,971,545,539,2,2.146,1
17.5343,15.846,972,545,540,2,2.059,1
17.5531,18.754,973,545,540,2,2.233,1
17.5675,14.443,974,545,540,2,2.098,1
17.5859,18.437,975,545,540,2,2.334,1
17.6055,19.543,976,545,540,2,4.115,1
17.6237,18.241,977,545,540,2,3.910,1
17.6381,14.419,978,545,540,2,2.760,1
17.6564,18.215,979,545,540,2,3.038,1
17.6771,20.744,980,545,540,2,2.258,1
17.6954,18.336,981,545,540,2,2.139,1
17.7141,18.667,982,545,540,2,3.010,1
17.7316,17.487,983,545,539,2,2.084,1
17.7526,21.038,984,545,538,2,3.786,1
17.7690,16.369,985,545,538,2,2.799,1
17.7918,22.760,986,545,536,2,3.262,1
17.8099,18.137,987,545,535,2,3.153,1
17.8310,21.064,988,545,533,2,2.482,1
17.8535,22.518,989,545,531,2,2.767,1
17.8731,19.596,990,545,529,2,2.831,1
17.8926,19.553,991,545,526,2,3.095,1
17.9093,16.652,992,545,523,2,2.648,1
17.9274,18.088,993,545,519,2,2.069,1
17.9428,15.390,994,545,516,2,3.446,1
17.9609,18.149,995,545,512,2,2.311,1
17.9778,16.907,996,545,509,2,2.690,1
17.9947,16.887,997,545,505,2,1.990,1
18.0118,17.138,998,545,502,2,2.653,1
18.0267,14.882,999,545,499,2,2.048,1
18.0438,17.125,1000,545,496,2,4.100,1
18.0590,15.126,1001,545,494,2,2.024,1
18.0741,15.087,1002,545,492,2,2.622,1
18.0920,17.912,1003,545,491,2,2.394,1
18.1094,17.449,1004,545,491,2,2.943,1
18.1327,23.287,1005,545,491,2,2.379,1
18.1524,19.710,1006,545,490,2,3.529,1
18.1717,19.274,1007,545,489,2,2.807,1
18.1934,21.659,1008,545,488,2,2.587,1
18.2143,20.979,1009,545,487,2,3.071,1
18.2346,20.260,1010,545,484,2,2.687,1
18.2614,26.819,1011,545,481,2,2.976,1
18.2840,22.619,1012,545,477,2,3.514,1
18.3079,23.846,1013,545,471,2,3.444,1
18.3323,24.399,1014,545,465,2,3.125,1
18.3562,23.894,1015,545,457,2,3.243,1
18.3838,27.597,1016,545,448,2,3.476,1
18.4056,21.829,1017,545,439,2,3.244,1
18.4378,32.220,1018,545,434,2,3.286,1
18.4616,23.749,1019,545,434,2,3.191,1
18.4892,27.602,1020,545,434,2,4.179,1
18.5125,23.383,1021,545,434,2,4.077,1
18.5486,36.066,1022,545,434,2,6.046,1
18.5789,30.336,1023,545,434,2,4.162,1
18.6032,24.255,1024,545,434,2,3.409,1
18.6266,23.410,1025,545,434,2,4.038,1
18.6559,29.319,1026,545,434,2,3.605,1
18.6846,28.629,1027,545,434,2,4.140,1
18.6999,15.292,1028,545,434,2,2.144,1
18.7221,22.223,1029,545,434,2,3.329,1
18.7370,14.923,1030,545,434,2,2.215,1
18.7556,18.583,1031,545,434,2,3.105,1
18.7690,13.379,1032,545,434,2,2.148,1
18.7863,17.340,1033,545,442,2,2.103,1
18.8007,14.423,1034,545,448,2,1.973,1
18.8189,18.175,1035,545,454,2,2.472,1
18.8343,15.442,1036,545,459,2,2.439,1
18.8518,17.506,1037,545,465,2,2.250,1
18.8653,13.439,1038,545,469,2,2.006,1
18.8825,17.260,1039,545,474,2,2.540,1
18.8972,14.698,1040,545,477,2,1.983,1
18.9154,18.133,1041,545,481,2,3.177,1
18.9329,17.563,1042,545,483,2,2.011,1
18.9504,17.415,1043,545,486,2,2.877,1
18.9645,14.166,1044,545,487,2,2.058,1
18.9814,16.899,1045,545,489,2,3.351,1
18.9959,14.495,1046,545,490,2,2.028,1
19.0123,16.368,1047,545,490,2,2.653,1
19.0283,16.018,1048,545,491,2,2.443,1
19.0421,13.776,1049,545,491,2,3.247,1
19.0576,15.470,1050,545,491,2,2.159,1
19.0707,13.193,1051,545,493,2,2.227,1
19.0886,17.827,1052,545,495,2,2.217,1
19.1028,14.239,1053,545,499,2,2.190,1
19.1212,18.405,1054,545,503,2,2.098,1
19.1364,15.200,1055,545,507,2,2.625,1
19.1551,18.690,1056,545,511,2,2.162,1
19.1699,14.837,1057,545,516,2,2.653,1
19.1902,20.265,1058,545,521,2,2.761,1
19.2027,12.472,1059,545,526,2,2.150,1
19.2222,19.475,1060,545,530,2,2.891,1
19.2387,16.501,1061,545,534,2,2.580,1
19.2568,18.107,1062,545,537,2,2.680,1
19.2719,15.087,1063,545,539,2,2.168,1
19.2956,23.746,1064,545,541,2,3.710,1
19.3153,19.735,1065,545,542,2,2.918,1
19.3325,17.160,1066,545,542,2,2.170,1
19.3514,18.899,1067,545,542,2,2.218,1
19.3658,14.359,1068,545,541,2,2.103,1
19.3831,17.358,1069,545,540,2,2.474,1
19.3996,16.449,1070,545,539,2,2.152,1
19.4201,20.591,1071,545,538,2,2.918,1
19.4387,18.577,1072,545,537,2,3.013,1
19.4592,20.469,1073,545,537,2,2.606,1
19.4816,22.431,1074,545,536,2,3.019,1
19.4979,16.257,1075,545,536,2,2.039,1
19.5167,18.795,1076,545,536,2,2.449,1
19.5315,14.845,1077,545,536,2,2.125,1
19.5489,17.406,1078,545,536,2,3.365,1
19.5638,14.883,1079,545,536,2,2.226,1
19.5800,16.194,1080,545,536,2,2.495,1
19.5945,14.468,1081,545,536,2,2.022,1
19.6098,15.290,1082,545,536,2,3.492,1
19.6259,16.142,1083,545,536,2,2.138,1
19.6387,12.769,1084,545,536,2,2.382,1
19.6553,16.613,1085,545,536,2,2.575,1
19.6687,13.423,1086,545,536,2,2.418,1
19.6853,16.614,1087,545,536,2,2.651,1
19.6999,14.619,1088,545,536,2,2.431,1
19.7178,17.846,1089,545,536,2,2.246,1
19.7384,20.592,1090,545,536,2,2.324,1
19.7562,17.810,1091,545,536,2,2.873,1
19.7752,19.004,1092,545,536,2,4.018,1
19.7925,17.261,1093,545,536,2,3.007,1
19.8127,20.287,1094,545,536,2,3.586,1
19.8300,17.270,1095,545,536,2,2.252,1
19.8519,21.923,1096,545,536,2,3.155,1
19.8650,13.076,1097,545,536,2,2.080,1
19.8824,17.351,1098,545,536,2,2.657,1
19.8966,14.243,1099,545,536,2,2.537,1
19.9143,17.671,1100,545,536,2,2.904,1
19.9317,17.382,1101,545,536,2,2.344,1
19.9527,20.998,1102,545,536,2,2.670,1
19.9694,16.751,1103,545,536,2,2.684,1
19.9915,22.089,1104,545,536,2,3.533,1
20.0168,25.251,1105,545,536,2,4.297,1
20.0314,14.647,1106,545,536,2,2.055,1
20.0476,16.175,1107,545,536,2,3.387,1
20.0675,19.909,1108,545,536,2,2.662,1
20.0870,19.567,1109,545,536,2,2.901,1
20.1032,16.198,1110,545,536,2,2.777,1
20.1242,20.952,1111,545,536,2,3.110,1
20.1442,20.001,1112,545,536,2,5.155,1
20.1604,16.186,1113,545,536,2,2.185,1
20.1809,20.469,1114,545,536,2,4.670,1
20.1989,18.094,1115,545,536,2,2.243,1
20.2194,20.419,1116,545,536,2,2.872,1
20.2365,17.144,1117,545,536,2,2.733,1
20.2608,24.311,1118,545,536,2,3.343,1
20.2799,19.031,1119,545,536,2,4.722,1
20.2982,18.328,1120,545,536,2,2.273,1
20.3199,21.740,1121,545,536,2,2.859,1
20.3369,16.988,1122,545,536,2,2.583,1
20.3561,19.155,1123,545,536,2,2.622,1
20.3716,15.500,1124,545,536,2,2.582,1
20.3906,19.060,1125,545,536,2,2.430,1
20.4058,15.192,1126,545,536,2,2.414,1
20.4245,18.651,1127,545,536,2,2.822,1
20.4392,14.772,1128,545,536,2,2.194,1
20.4559,16.666,1129,545,536,2,2.211,1
20.4687,12.758,1130,545,536,2,2.203,1
20.4861,17.402,1131,545,536,2,2.262,1
20.5004,14.292,1132,545,536,2,2.084,1
20.5199,19.557,1133,545,536,2,2.154,1
20.5327,12.809,1134,545,536,2,2.004,1
20.5496,16.833,1135,545,536,2,2.571,1
20.5630,13.455,1136,545,536,2,2.014,1
20.5798,16.823,1137,545,536,2,3.133,1
20.5938,13.948,1138,545,536,2,2.009,1
20.6078,14.017,1139,545,536,2,3.235,1
20.6229,15.055,1140,545,536,2,2.221,1
20.6405,17.623,1141,545,536,2,2.735,1
20.6562,15.703,1142,545,536,2,2.629,1
20.6719,15.757,1143,545,536,2,2.063,1
20.6895,17.544,1144,545,536,2,2.128,1
20.7051,15.574,1145,545,536,2,2.088,1
20.7221,17.079,1146,545,536,2,2.466,1
20.7381,15.955,1147,545,536,2,2.134,1
20.7554,17.318,1148,545,536,2,2.024,1
20.7719,16.490,1149,545,536,2,2.173,1
20.7922,20.281,1150,545,536,2,2.470,1
20.8054,13.205,1151,545,536,2,2.671,1
20.8222,16.793,1152,545,536,2,2.019,1
20.8391,16.920,1153,545,536,2,2.174,1
20.8552,16.097,1154,545,536,2,2.073,1
20.8721,16.897,1155,545,536,2,2.075,1
20.8884,16.314,1156,545,536,2,2.015,1
20.9053,16.938,1157,545,536,2,2.125,1
20.9217,16.307,1158,545,536,2,1.999,1
20.9408,19.108,1159,545,536,2,2.729,1
20.9563,15.560,1160,545,536,2,2.125,1
20.9716,15.311,1161,545,536,2,2.100,1
20.9887,17.099,1162,545,536,2,2.488,1
21.0050,16.307,1163,545,536,2,2.051,1
21.0218,16.780,1164,545,536,2,2.441,1
21.0391,17.238,1165,545,536,2,2.523,1
21.0597,20.680,1166,545,536,2,2.838,1
21.0716,11.896,1167,545,536,2,2.102,1
21.0893,17.691,1168,545,536,2,2.118,1
21.1057,16.339,1169,545,536,2,2.235,1
21.1220,16.381,1170,545,536,2,2.055,1
21.1390,16.980,1171,545,536,2,2.085,1
21.1552,16.134,1172,545,536,2,2.056,1
21.1745,19.337,1173,545,536,2,2.770,1
21.1906,16.136,1174,545,536,2,2.292,1
21.2048,14.212,1175,545,536,2,2.106,1
21.2221,17.256,1176,545,536,2,2.028,1
21.2385,16.355,1177,545,536,2,2.051,1
21.2555,17.089,1178,545,536,2,2.490,1
21.2719,16.400,1179,545,536,2,2.342,1
21.2939,21.961,1180,545,536,2,3.198,1
21.3091,15.166,1181,545,536,2,3.160,1
21.3262,17.090,1182,545,536,2,2.406,1
21.3393,13.142,1183,545,536,2,2.052,1
21.3554,16.122,1184,545,536,2,2.012,1
21.3717,16.233,1185,545,536,2,2.047,1
21.3881,16.438,1186,545,536,2,2.048,1
21.4048,16.756,1187,545,536,2,2.060,1
21.4220,17.166,1188,545,536,2,2.421,1
21.4385,16.513,1189,545,536,2,2.545,1
21.4573,18.775,1190,545,536,2,2.032,1
21.4714,14.129,1191,545,536,2,2.112,1
21.4897,18.294,1192,545,536,2,2.438,1
21.5049,15.203,1193,545,536,2,2.080,1
21.5218,16.900,1194,545,536,2,2.003,1
21.5398,17.965,1195,545,536,2,2.509,1
21.5570,17.160,1196,545,536,2,2.377,1
21.5727,15.785,1197,545,536,2,2.096,1
21.5897,16.978,1198,545,536,2,2.487,1
21.6052,15.486,1199,545,536,2,2.596,1
21.6235,18.308,1200,545,536,2,2.137,1
21.6382,14.715,1201,545,536,2,2.135,1
21.6550,16.789,1202,545,536,2,2.016,1
21.6720,16.951,1203,545,536,2,2.043,1
21.6886,16.619,1204,545,536,2,2.127,1
21.7049,16.364,1205,545,536,2,2.136,1
21.7219,17.001,1206,545,536,2,2.017,1
21.7387,16.714,1207,545,536,2,2.047,1
21.7554,16.743,1208,545,536,2,2.017,1
21.7716,16.211,1209,545,536,2,2.055,1
21.7883,16.663,1210,545,536,2,2.030,1
21.8050,16.745,1211,545,536,2,2.085,1
21.8220,17.023,1212,545,536,2,2.424,1
21.8381,16.019,1213,545,536,2,2.083,1
21.8565,18.398,1214,545,536,2,2.009,1
21.8719,15.417,1215,545,536,2,2.522,1
21.8885,16.605,1216,545,536,2,2.012,1
21.9050,16.485,1217,545,536,2,2.180,1
21.9233,18.295,1218,545,536,2,2.444,1
21.9405,17.205,1219,545,536,2,2.607,1
21.9562,15.766,1220,545,536,2,2.323,1
21.9719,15.635,1221,545,536,2,2.255,1
21.9880,16.096,1222,545,536,2,2.117,1
22.0052,17.232,1223,545,536,2,2.101,1
22.0220,16.814,1224,545,536,2,2.004,1
22.0384,16.435,1225,545,536,2,2.098,1
22.0553,16.811,1226,545,536,2,2.016,1
22.0718,16.523,1227,545,536,2,2.048,1
22.0890,17.225,1228,545,536,2,2.453,1
22.1053,16.337,1229,545,536,2,2.108,1
22.1215,16.154,1230,545,536,2,2.006,1
22.1380,16.506,1231,545,536,2,2.102,1
22.1564,18.369,1232,545,536,2,2.435,1
22.1717,15.330,1233,545,536,2,2.084,1
22.1883,16.550,1234,545,536,2,2.017,1
22.2048,16.591,1235,545,536,2,2.167,1
22.2228,17.921,1236,545,536,2,2.483,1
22.2383,15.518,1237,545,536,2,2.128,1
22.2554,17.147,1238,545,536,2,2.034,1
22.2717,16.238,1239,545,536,2,2.173,1
22.2944,22.709,1240,545,536,2,3.022,1
22.3120,17.631,1241,545,536,2,3.837,1
22.3251,13.108,1242,545,536,2,2.318,1
22.3386,13.504,1243,545,536,2,2.133,1
22.3562,17.587,1244,545,536,2,2.106,1
22.3721,15.857,1245,545,536,2,2.222,1
22.3901,17.992,1246,545,536,2,2.011,1
22.4053,15.242,1247,545,536,2,2.072,1
22.4225,17.218,1248,545,536,2,2.004,1
22.4392,16.734,1249,545,536,2,2.105,1
22.4556,16.383,1250,545,536,2,2.033,1
22.4716,15.943,1251,545,536,2,2.076,1
22.4881,16.520,1252,545,536,2,2.010,1
22.5049,16.844,1253,545,536,2,2.051,1
22.5217,16.747,1254,545,536,2,2.451,1
22.5384,16.715,1255,545,536,2,2.564,1
22.5561,17.746,1256,545,536,2,2.499,1
22.5720,15.903,1257,545,536,2,2.507,1
22.5896,17.517,1258,545,536,2,2.426,1
22.6118,22.247,1259,545,536,2,2.495,1
22.6216,9.835,1260,545,536,2,2.221,1
22.6387,17.021,1261,545,536,2,2.164,1
22.6550,16.356,1262,545,536,2,2.032,1
22.6716,16.589,1263,545,536,2,2.108,1
22.6895,17.877,1264,545,536,2,2.055,1
22.7050,15.491,1265,545,536,2,2.109,1
22.7223,17.351,1266,545,536,2,2.019,1
22.7384,16.045,1267,545,536,2,2.039,1
22.7546,16.207,1268,545,536,2,2.011,1
22.7716,17.065,1269,545,536,2,2.038,1
22.7884,16.746,1270,545,536,2,2.447,1
22.8049,16.456,1271,545,536,2,2.117,1
22.8221,17.284,1272,545,536,2,2.467,1
22.8384,16.254,1273,545,536,2,2.072,1
22.8550,16.652,1274,545,536,2,2.072,1
22.8719,16.823,1275,545,536,2,2.278,1
22.8884,16.524,1276,545,536,2,2.017,1
22.9053,16.903,1277,545,536,2,2.081,1
22.9215,16.229,1278,545,536,2,2.034,1
22.9388,17.232,1279,545,536,2,2.059,1
22.9554,16.647,1280,545,536,2,2.029,1
22.9714,16.002,1281,545,536,2,2.072,1
22.9885,17.115,1282,545,536,2,2.016,1
23.0048,16.298,1283,545,536,2,2.075,1
23.0231,18.290,1284,545,536,2,2.496,1
23.0383,15.180,1285,545,536,2,2.057,1
23.0551,16.783,1286,545,536,2,2.443,1
23.0733,18.212,1287,545,536,2,2.591,1
23.0882,14.899,1288,545,536,2,2.201,1
23.1050,16.808,1289,545,536,2,2.170,1
23.1219,16.871,1290,545,536,2,2.009,1
23.1443,22.439,1291,545,536,2,2.859,1
23.1563,12.008,1292,545,536,2,2.050,1
23.1737,17.354,1293,545,536,2,2.257,1
23.1892,15.542,1294,545,536,2,1.996,1
23.2047,15.491,1295,545,536,2,2.096,1
23.2229,18.212,1296,545,536,2,2.417,1
23.2382,15.270,1297,545,536,2,2.098,1
23.2551,16.928,1298,545,536,2,2.012,1
23.2723,17.228,1299,545,536,2,2.586,1
23.2930,20.698,1300,545,536,2,3.310,1
23.3090,15.936,1301,545,536,2,2.309,1
23.3246,15.652,1302,545,536,2,2.005,1
23.3385,13.901,1303,545,536,2,2.119,1
23.3549,16.408,1304,545,536,2,2.077,1
23.3719,17.017,1305,545,536,2,2.054,1
23.3892,17.296,1306,545,536,2,2.010,1
23.4059,16.625,1307,545,536,2,2.107,1
23.4241,18.251,1308,545,536,2,2.074,1
23.4390,14.867,1309,545,536,2,2.075,1
23.4546,15.641,1310,545,536,2,2.023,1
23.4715,16.915,1311,545,536,2,2.053,1
23.4881,16.515,1312,545,536,2,2.025,1
23.5049,16.826,1313,545,536,2,2.071,1
23.5219,16.981,1314,545,536,2,2.008,1
23.5390,17.150,1315,545,536,2,2.188,1
23.5550,16.010,1316,545,536,2,2.178,1
23.5715,16.501,1317,545,536,2,2.247,1
23.5884,16.885,1318,545,536,2,2.056,1
23.6051,16.731,1319,545,536,2,2.099,1
23.6218,16.620,1320,545,536,2,2.011,1
23.6383,16.592,1321,545,536,2,2.064,1
23.6557,17.356,1322,545,536,2,2.032,1
23.6723,16.593,1323,545,536,2,2.125,1
23.6906,18.259,1324,545,536,2,2.421,1
23.7048,14.264,1325,545,536,2,2.102,1
23.7219,17.116,1326,545,536,2,2.458,1
23.7382,16.287,1327,545,536,2,2.043,1
23.7558,17.564,1328,545,536,2,2.515,1
23.7714,15.620,1329,545,536,2,2.087,1
23.7901,18.668,1330,545,536,2,2.011,1
23.8056,15.557,1331,545,536,2,2.137,1
23.8216,15.986,1332,545,536,2,2.124,1
23.8386,16.938,1333,545,536,2,2.132,1
23.8549,16.296,1334,545,536,2,2.080,1
23.8715,16.610,1335,545,536,2,2.167,1
23.8888,17.360,1336,545,536,2,2.005,1
23.9049,16.074,1337,545,536,2,2.098,1
23.9221,17.232,1338,545,536,2,2.013,1
23.9388,16.626,1339,545,536,2,2.107,1
23.9577,18.953,1340,545,536,2,2.030,1
23.9715,13.768,1341,545,536,2,2.141,1
23.9882,16.687,1342,545,536,2,2.022,1
24.0048,16.605,1343,545,536,2,2.073,1
24.0226,17.858,1344,545,536,2,2.180,1
24.0381,15.486,1345,545,536,2,2.280,1
24.0558,17.709,1346,545,536,2,2.043,1
24.0721,16.279,1347,545,536,2,2.077,1
24.0891,16.969,1348,545,536,2,2.041,1
24.1059,16.797,1349,545,536,2,2.095,1
24.1218,15.966,1350,545,536,2,2.020,1
24.1383,16.456,1351,545,536,2,2.062,1
24.1550,16.699,1352,545,536,2,2.012,1
24.1714,16.429,1353,545,536,2,2.064,1
24.1889,17.496,1354,545,536,2,2.032,1
24.2043,15.417,1355,545,536,2,2.147,1
24.2230,18.674,1356,545,536,2,2.527,1
24.2380,15.039,1357,545,536,2,2.119,1
24.2552,17.163,1358,545,536,2,2.443,1
24.2716,16.410,1359,545,536,2,2.209,1
24.2899,18.332,1360,545,536,2,2.256,1
24.3062,16.285,1361,545,536,2,2.341,1
24.3234,17.193,1362,545,536,2,2.114,1
24.3388,15.393,1363,545,536,2,2.077,1
24.3553,16.485,1364,545,536,2,2.033,1
24.3719,16.564,1365,545,536,2,2.085,1
24.3884,16.487,1366,545,536,2,2.011,1
24.4049,16.584,1367,545,536,2,2.118,1
24.4217,16.767,1368,545,536,2,2.000,1
24.4386,16.864,1369,545,536,2,2.538,1
24.4556,16.983,1370,545,536,2,2.015,1
24.4714,15.835,1371,545,536,2,2.152,1
24.4895,18.073,1372,545,536,2,2.610,1
24.5050,15.498,1373,545,536,2,2.051,1
24.5217,16.713,1374,545,536,2,2.431,1
24.5392,17.518,1375,545,536,2,2.120,1
24.5549,15.665,1376,545,536,2,2.279,1
24.5717,16.838,1377,545,536,2,2.100,1
24.5884,16.754,1378,545,536,2,2.006,1
24.6050,16.566,1379,545,536,2,2.125,1
24.6219,16.893,1380,545,536,2,2.000,1
24.6382,16.247,1381,545,536,2,2.123,1
24.6548,16.660,1382,545,536,2,2.013,1
24.6714,16.593,1383,545,536,2,2.070,1
24.6877,16.338,1384,545,536,2,2.027,1
24.7043,16.528,1385,545,536,2,2.120,1
24.7231,18.861,1386,545,536,2,2.643,1
24.7406,17.480,1387,545,536,2,2.333,1
24.7594,18.741,1388,545,536,2,2.273,1
24.7771,17.734,1389,545,536,2,3.756,1
24.7919,14.841,1390,545,536,2,2.019,1
24.8058,13.833,1391,545,536,2,2.161,1
24.8219,16.149,1392,545,536,2,2.026,1
24.8386,16.700,1393,545,536,2,2.069,1
24.8553,16.703,1394,545,536,2,2.080,1
24.8723,16.942,1395,545,536,2,2.080,1
24.8883,16.040,1396,545,536,2,2.024,1
24.9048,16.468,1397,545,536,2,2.073,1
24.9213,16.534,1398,545,536,2,2.008,1
24.9384,17.072,1399,545,536,2,2.057,1
24.9551,16.738,1400,545,536,2,2.029,1
24.9714,16.319,1401,545,536,2,2.101,1
24.9885,17.114,1402,545,536,2,2.009,1
25.0050,16.495,1403,545,536,2,2.065,1
25.0213,16.305,1404,545,536,2,2.105,1
25.0386,17.219,1405,545,536,2,2.511,1
25.0553,16.787,1406,545,536,2,2.452,1
25.0719,16.549,1407,545,536,2,2.529,1
25.0907,18.773,1408,545,536,2,2.436,1
25.1050,14.325,1409,545,536,2,2.079,1
25.1232,18.240,1410,545,536,2,2.455,1
25.1390,15.772,1411,545,536,2,2.057,1
25.1561,17.065,1412,545,536,2,2.017,1
25.1726,16.568,1413,545,536,2,2.173,1
25.1891,16.504,1414,545,536,2,2.132,1
25.2049,15.773,1415,545,536,2,2.126,1
25.2217,16.738,1416,545,536,2,2.464,1
25.2387,17.050,1417,545,536,2,2.055,1
25.2552,16.531,1418,545,536,2,2.035,1
25.2717,16.496,1419,545,536,2,2.124,1
25.2928,21.105,1420,545,536,2,2.667,1
25.3114,18.522,1421,545,536,2,2.552,1
25.3249,13.552,1422,545,536,2,2.014,1
25.3423,17.346,1423,545,536,2,2.425,1
25.3565,14.230,1424,545,536,2,2.013,1
25.3714,14.956,1425,545,536,2,2.056,1
25.3883,16.873,1426,545,536,2,2.007,1
25.4049,16.631,1427,545,536,2,2.211,1
25.4221,17.158,1428,545,536,2,2.427,1
25.4381,15.973,1429,545,536,2,2.069,1
25.4546,16.503,1430,545,536,2,2.008,1
25.4714,16.838,1431,545,536,2,2.070,1
25.4882,16.801,1432,545,536,2,2.492,1
25.5047,16.460,1433,545,536,2,2.268,1
25.5213,16.627,1434,545,536,2,2.117,1
25.5383,17.011,1435,545,536,2,2.053,1
25.5557,17.339,1436,545,536,2,2.068,1
25.5721,16.474,1437,545,536,2,2.588,1
25.5890,16.828,1438,545,536,2,2.508,1
25.6046,15.679,1439,545,536,2,2.173,1
25.6213,16.691,1440,545,536,2,2.052,1
25.6383,16.958,1441,545,536,2,2.060,1
25.6546,16.343,1442,545,536,2,2.012,1
25.6717,17.095,1443,545,536,2,2.046,1
25.6891,17.382,1444,545,536,2,2.418,1
25.7050,15.888,1445,545,536,2,2.128,1
25.7218,16.768,1446,545,536,2,2.020,1
25.7385,16.696,1447,545,536,2,2.079,1
25.7550,16.511,1448,545,536,2,2.012,1
25.7715,16.577,1449,545,536,2,2.063,1
25.7884,16.820,1450,545,536,2,2.440,1
25.8050,16.587,1451,545,536,2,2.088,1
25.8225,17.498,1452,545,536,2,2.419,1
25.8377,15.284,1453,545,536,2,2.180,1
25.8555,17.808,1454,545,536,2,2.474,1
25.8712,15.689,1455,545,536,2,2.126,1
25.8887,17.448,1456,545,536,2,2.413,1
25.9045,15.830,1457,545,536,2,2.108,1
25.9241,19.590,1458,545,536,2,2.444,1
25.9395,15.411,1459,545,536,2,2.096,1
25.9556,16.051,1460,545,536,2,2.072,1
25.9716,16.060,1461,545,536,2,2.118,1
25.9888,17.205,1462,545,536,2,2.078,1
26.0064,17.603,1463,545,536,2,2.136,1
26.0216,15.209,1464,545,536,2,2.012,1
26.0398,18.128,1465,545,536,2,2.598,1
26.0552,15.426,1466,545,536,2,2.020,1
26.0713,16.127,1467,545,536,2,2.068,1
26.0885,17.158,1468,545,536,2,2.032,1
26.1049,16.378,1469,545,536,2,2.092,1
26.1219,17.028,1470,545,536,2,2.011,1
26.1381,16.168,1471,545,536,2,2.104,1
26.1558,17.779,1472,545,536,2,2.051,1
26.1713,15.514,1473,545,536,2,2.118,1
26.1883,16.935,1474,545,536,2,2.000,1
26.2047,16.382,1475,545,536,2,2.302,1
26.2223,17.650,1476,545,536,2,2.040,1
26.2379,15.595,1477,545,536,2,2.377,1
26.2564,18.480,1478,545,536,2,2.415,1
26.2715,15.084,1479,545,536,2,2.136,1
26.2931,21.671,1480,545,536,2,2.224,1
26.3117,18.600,1481,545,536,2,2.339,1
26.3254,13.705,1482,545,536,2,2.078,1
26.3395,14.101,1483,545,536,2,2.129,1
26.3557,16.117,1484,545,536,2,2.088,1
26.3724,16.705,1485,545,536,2,2.601,1
26.3884,15.991,1486,545,536,2,2.083,1
26.4053,16.914,1487,545,536,2,2.608,1
26.4219,16.633,1488,545,536,2,2.463,1
26.4383,16.439,1489,545,536,2,2.121,1
26.4552,16.804,1490,545,536,2,2.117,1
26.4716,16.415,1491,545,536,2,2.091,1
26.4886,17.049,1492,545,536,2,2.004,1
26.5050,16.420,1493,545,536,2,2.082,1
26.5216,16.578,1494,545,536,2,2.008,1
26.5381,16.534,1495,545,536,2,2.078,1
26.5547,16.543,1496,545,536,2,1.997,1
26.5712,16.527,1497,545,536,2,2.094,1
26.5884,17.186,1498,545,536,2,2.474,1
26.6044,15.968,1499,545,536,2,2.132,1
26.6232,18.789,1500,545,536,2,2.477,1
26.6376,14.393,1501,545,536,2,2.155,1
26.6553,17.730,1502,545,536,2,2.115,1
26.6716,16.282,1503,545,536,2,2.080,1
26.6897,18.160,1504,545,536,2,2.337,1
26.7047,15.009,1505,545,536,2,2.208,1
26.7213,16.519,1506,545,536,2,2.038,1
26.7385,17.255,1507,545,536,2,2.049,1
26.7554,16.878,1508,545,536,2,2.018,1
26.7722,16.814,1509,545,536,2,2.100,1
26.7882,16.024,1510,545,536,2,2.062,1
26.8048,16.609,1511,545,536,2,2.155,1
26.8217,16.910,1512,545,536,2,2.030,1
26.8386,16.838,1513,545,536,2,2.074,1
26.8552,16.592,1514,545,536,2,2.454,1
26.8716,16.471,1515,545,536,2,2.052,1
26.8885,16.869,1516,545,536,2,2.006,1
26.9052,16.725,1517,545,536,2,2.168,1
26.9218,16.554,1518,545,536,2,2.053,1
26.9392,17.435,1519,545,536,2,2.061,1
26.9558,16.618,1520,545,536,2,2.436,1
26.9716,15.722,1521,545,536,2,2.054,1
26.9882,16.683,1522,545,536,2,2.009,1
27.0053,17.062,1523,545,536,2,2.075,1
27.0222,16.880,1524,545,536,2,2.429,1
27.0384,16.181,1525,545,536,2,2.038,1
27.0552,16.816,1526,545,536,2,2.486,1
27.0711,15.944,1527,545,536,2,2.099,1
27.0882,17.048,1528,545,536,2,2.003,1
27.1046,16.454,1529,545,536,2,2.110,1
27.1231,18.426,1530,545,536,2,2.475,1
27.1387,15.687,1531,545,536,2,2.205,1
27.1550,16.211,1532,545,536,2,2.205,1
27.1714,16.399,1533,545,536,2,2.360,1
27.1901,18.775,1534,545,536,2,2.054,1
27.2057,15.568,1535,545,536,2,2.071,1
27.2218,16.110,1536,545,536,2,2.011,1
27.2396,17.745,1537,545,536,2,2.525,1
27.2577,18.161,1538,545,536,2,1.991,1
27.2745,16.738,1539,545,536,2,2.984,1
27.2970,22.579,1540,545,536,2,2.706,1
27.3159,18.879,1541,545,536,2,3.081,1
27.3283,12.417,1542,545,536,2,2.086,1
27.3440,15.672,1543,545,536,2,2.996,1
27.3588,14.844,1544,545,536,2,2.485,1
27.3716,12.728,1545,545,536,2,2.080,1
27.3888,17.223,1546,545,536,2,2.009,1
27.4061,17.355,1547,545,536,2,2.174,1
27.4229,16.714,1548,545,536,2,2.487,1
27.4382,15.314,1549,545,536,2,2.164,1
27.4550,16.868,1550,545,536,2,2.021,1
27.4718,16.801,1551,545,536,2,2.106,1
27.4884,16.599,1552,545,536,2,2.014,1
27.5050,16.564,1553,545,536,2,2.053,1
27.5213,16.287,1554,545,536,2,2.013,1
27.5394,18.149,1555,545,536,2,2.540,1
27.5563,16.876,1556,545,536,2,2.050,1
27.5719,15.553,1557,545,536,2,2.126,1
27.5885,16.580,1558,545,536,2,2.065,1
27.6050,16.503,1559,545,536,2,2.156,1
27.6217,16.771,1560,545,536,2,2.143,1
27.6387,16.965,1561,545,536,2,2.299,1
27.6554,16.750,1562,545,536,2,2.170,1
27.6721,16.683,1563,545,536,2,2.062,1
27.6891,17.004,1564,545,536,2,2.092,1
27.7058,16.646,1565,545,536,2,2.113,1
27.7221,16.334,1566,545,536,2,2.054,1
27.7390,16.935,1567,545,536,2,2.148,1
27.7553,16.304,1568,545,536,2,2.014,1
27.7710,15.634,1569,545,536,2,2.151,1
27.7892,18.251,1570,545,536,2,2.031,1
27.8052,16.002,1571,545,536,2,2.078,1
27.8227,17.432,1572,545,536,2,2.006,1
27.8386,15.960,1573,545,536,2,2.063,1
27.8567,18.033,1574,545,536,2,2.122,1
27.8728,16.161,1575,545,536,2,2.150,1
27.8904,17.618,1576,545,536,2,2.006,1
27.9052,14.740,1577,545,536,2,2.176,1
27.9220,16.821,1578,545,536,2,1.997,1
27.9384,16.387,1579,545,536,2,2.078,1
27.9560,17.587,1580,545,536,2,2.027,1
27.9716,15.674,1581,545,536,2,2.164,1
27.9903,18.645,1582,545,536,2,2.492,1
28.0056,15.315,1583,545,536,2,2.079,1
28.0240,18.350,1584,545,536,2,2.034,1
28.0385,14.519,1585,545,536,2,2.105,1
28.0553,16.816,1586,545,536,2,2.016,1
28.0717,16.443,1587,545,536,2,2.070,1
28.0907,18.926,1588,545,536,2,2.480,1
28.1052,14.563,1589,545,536,2,2.102,1
28.1226,17.346,1590,545,536,2,2.163,1
28.1398,17.247,1591,545,536,2,2.432,1
28.1577,17.897,1592,545,536,2,2.418,1
28.1730,15.250,1593,545,536,2,2.073,1
28.1906,17.606,1594,545,536,2,2.234,1
28.2052,14.677,1595,545,536,2,2.071,1
28.2229,17.666,1596,545,536,2,2.441,1
28.2385,15.580,1597,545,536,2,2.084,1
28.2554,16.945,1598,545,536,2,2.040,1
28.2725,17.054,1599,545,536,2,2.686,1
28.2936,21.122,1600,545,536,2,2.501,1
28.3116,18.019,1601,545,536,2,3.119,1
28.3249,13.242,1602,545,536,2,2.134,1
28.3409,16.008,1603,545,536,2,2.640,1
28.3564,15.504,1604,545,536,2,2.243,1
28.3746,18.167,1605,545,536,2,3.310,1
28.3910,16.436,1606,545,536,2,2.094,1
28.4100,18.986,1607,545,536,2,3.029,1
28.4265,16.518,1608,545,536,2,2.052,1
28.4532,26.754,1609,545,536,2,2.372,1
28.4724,19.191,1610,545,536,2,2.213,1
28.4920,19.515,1611,545,536,2,2.055,1
28.5075,15.501,1612,545,536,2,2.347,1
28.5229,15.451,1613,545,536,2,2.020,1
28.5372,14.275,1614,545,536,2,2.110,1
28.5555,18.276,1615,545,536,2,2.467,1
28.5705,15.085,1616,545,536,2,2.570,1
28.5872,16.658,1617,545,536,2,2.140,1
28.6007,13.482,1618,545,536,2,2.196,1
28.6174,16.720,1619,545,536,2,3.465,1
28.6293,11.921,1620,545,536,2,2.030,1
28.6450,15.649,1621,545,536,2,3.344,1
28.6584,13.427,1622,545,536,2,2.012,1
28.6742,15.790,1623,545,536,2,2.342,1
28.6902,16.039,1624,545,536,2,2.021,1
28.7078,17.619,1625,545,536,2,2.364,1
28.7236,15.707,1626,545,536,2,1.998,1
28.7406,17.045,1627,545,536,2,2.308,1
28.7566,16.049,1628,545,536,2,2.058,1
28.7740,17.351,1629,545,536,2,2.405,1
28.7907,16.715,1630,545,536,2,2.508,1
28.8075,16.757,1631,545,536,2,2.362,1
28.8238,16.371,1632,545,536,2,2.256,1
28.8413,17.444,1633,545,536,2,2.580,1
28.8589,17.636,1634,545,536,2,2.022,1
28.8742,15.267,1635,545,536,2,2.282,1
28.8902,15.987,1636,545,536,2,2.150,1
28.9074,17.209,1637,545,536,2,2.346,1
28.9230,15.629,1638,545,536,2,1.999,1
28.9408,17.803,1639,545,536,2,2.374,1
28.9564,15.556,1640,545,536,2,2.000,1
28.9737,17.352,1641,545,536,2,2.169,1
28.9899,16.166,1642,545,536,2,2.007,1
29.0075,17.589,1643,545,536,2,2.256,1
29.0236,16.099,1644,545,536,2,2.446,1
29.0411,17.477,1645,545,536,2,2.740,1
29.0569,15.835,1646,545,536,2,2.463,1
29.0745,17.596,1647,545,536,2,2.110,1
29.0916,17.087,1648,545,536,2,2.517,1
29.1077,16.155,1649,545,536,2,2.914,1
29.1238,16.086,1650,545,536,2,2.170,1
29.1412,17.357,1651,545,536,2,2.982,1
29.1569,15.739,1652,545,536,2,2.010,1
29.1740,17.091,1653,545,536,2,2.260,1
29.1901,16.101,1654,545,536,2,2.006,1
29.2073,17.203,1655,545,536,2,2.219,1
29.2231,15.744,1656,545,536,2,2.002,1
29.2417,18.629,1657,545,536,2,2.896,1
29.2587,17.009,1658,545,536,2,2.430,1
29.2749,16.231,1659,545,536,2,3.136,1
29.2948,19.881,1660,545,536,2,2.411,1
29.3118,17.010,1661,545,536,2,2.571,1
29.3262,14.360,1662,545,536,2,2.140,1
29.3425,16.310,1663,545,536,2,2.905,1
29.3592,16.755,1664,545,536,2,2.433,1
29.3747,15.508,1665,545,536,2,2.198,1
29.3914,16.666,1666,545,536,2,2.078,1
29.4080,16.640,1667,545,536,2,2.864,1
29.4275,19.481,1668,545,536,2,3.130,1
29.4460,18.479,1669,545,536,2,3.000,1
29.4627,16.661,1670,545,536,2,3.140,1
29.4771,14.430,1671,545,536,2,2.445,1
29.4905,13.374,1672,545,536,2,2.018,1
29.5077,17.239,1673,545,536,2,2.078,1
29.5241,16.433,1674,545,536,2,2.475,1
29.5412,17.043,1675,545,536,2,2.621,1
29.5572,16.008,1676,545,536,2,2.495,1
29.5741,16.909,1677,545,536,2,2.306,1
29.5900,15.904,1678,545,536,2,2.031,1
29.6074,17.436,1679,545,536,2,2.320,1
29.6239,16.436,1680,545,536,2,2.431,1
29.6412,17.300,1681,545,536,2,2.338,1
29.6569,15.693,1682,545,536,2,2.010,1
29.6741,17.256,1683,545,536,2,2.412,1
29.6906,16.446,1684,545,536,2,2.032,1
29.7074,16.828,1685,545,536,2,2.070,1
29.7248,17.364,1686,545,536,2,2.099,1
29.7417,16.907,1687,545,536,2,2.032,1
29.7569,15.238,1688,545,536,2,2.006,1
29.7744,17.500,1689,545,536,2,2.374,1
29.7900,15.574,1690,545,536,2,2.027,1
29.8082,18.239,1691,545,536,2,2.965,1
29.8236,15.413,1692,545,536,2,2.007,1
29.8401,16.507,1693,545,536,2,2.040,1
29.8581,17.967,1694,545,536,2,2.429,1
29.8751,16.969,1695,545,536,2,2.375,1
29.8904,15.286,1696,545,536,2,2.427,1
29.9087,18.350,1697,545,536,2,2.274,1
29.9253,16.568,1698,545,536,2,2.535,1
29.9406,15.361,1699,545,536,2,2.458,1
29.9572,16.512,1700,545,536,2,2.015,1
29.9745,17.351,1701,545,536,2,2.371,1
29.9904,15.893,1702,545,536,2,2.015,1
30.0076,17.200,1703,545,536,2,2.306,1
30.0232,15.621,1704,545,536,2,2.014,1
30.0432,19.977,1705,545,536,2,2.567,1
30.0599,16.722,1706,545,536,2,2.084,1
30.0751,15.173,1707,545,536,2,2.937,1
30.0902,15.080,1708,545,536,2,2.001,1
30.1072,17.013,1709,545,536,2,2.270,1
30.1238,16.558,1710,545,536,2,2.020,1
30.1408,17.050,1711,545,536,2,2.328,1
30.1569,16.088,1712,545,536,2,2.022,1
30.1743,17.450,1713,545,536,2,2.599,1
30.1904,16.028,1714,545,537,2,2.058,1
30.2080,17.680,1715,545,537,2,2.344,1
30.2242,16.191,1716,545,538,2,2.078,1
30.2425,18.241,1717,545,539,2,2.454,1
30.2610,18.494,1718,545,540,2,2.508,1
30.2764,15.416,1719,545,541,2,2.684,1
30.2933,16.900,1720,545,542,2,2.079,1
30.3152,21.879,1721,545,542,2,2.659,1
30.3250,9.869,1722,545,542,2,2.096,1
30.3453,20.216,1723,545,541,2,2.548,1
30.3603,15.095,1724,545,539,2,2.033,1
30.3756,15.209,1725,545,536,2,2.381,1
30.3917,16.124,1726,545,533,2,2.039,1
30.4091,17.431,1727,545,529,2,2.519,1
30.4243,15.157,1728,545,524,2,2.070,1
30.4423,18.066,1729,545,519,2,2.471,1
30.4586,16.288,1730,545,514,2,2.016,1
30.4759,17.251,1731,545,508,2,2.110,1
30.4938,17.878,1732,545,503,2,2.024,1
30.5093,15.529,1733,545,499,2,2.607,1
30.5247,15.392,1734,545,495,2,2.002,1
30.5420,17.332,1735,545,492,2,2.325,1
30.5575,15.453,1736,545,491,2,2.003,1
30.5760,18.546,1737,545,491,2,2.869,1
30.5951,19.121,1738,545,490,2,2.140,1
30.6100,14.904,1739,545,490,2,2.483,1
30.6252,15.202,1740,545,489,2,2.121,1
30.6418,16.587,1741,545,487,2,2.390,1
30.6584,16.566,1742,545,485,2,1.995,1
30.6752,16.846,1743,545,482,2,2.405,1
30.6909,15.655,1744,545,479,2,1.984,1
30.7093,18.462,1745,545,475,2,2.252,1
30.7254,16.030,1746,545,470,2,1.983,1
30.7421,16.749,1747,545,465,2,2.350,1
30.7582,16.118,1748,545,459,2,1.955,1
30.7751,16.889,1749,545,453,2,2.539,1
30.7912,16.111,1750,545,447,2,1.948,1
30.8090,17.791,1751,545,440,2,2.287,1
30.8245,15.476,1752,545,434,2,1.942,1
30.8419,17.428,1753,545,434,2,2.595,1
30.8599,17.985,1754,545,434,2,2.013,1
30.8755,15.563,1755,545,434,2,2.446,1
30.8905,14.986,1756,545,434,2,2.025,1
30.9083,17.778,1757,545,434,2,2.428,1
30.9237,15.399,1758,545,434,2,1.974,1
30.9411,17.426,1759,545,434,2,2.313,1
30.9584,17.361,1760,545,434,2,1.946,1
30.9742,15.768,1761,545,434,2,2.257,1
30.9901,15.863,1762,545,434,2,1.947,1
31.0074,17.330,1763,545,434,2,2.119,1
31.0237,16.307,1764,545,434,2,1.971,1
31.0413,17.605,1765,545,434,2,2.373,1
31.0573,15.980,1766,545,434,2,1.969,1
31.0757,18.373,1767,545,434,2,2.300,1
31.0927,17.019,1768,545,434,2,2.371,1
31.1096,16.925,1769,545,434,2,2.335,1
31.1259,16.340,1770,545,434,2,1.967,1
31.1413,15.392,1771,545,434,2,2.424,1
31.1573,15.935,1772,545,434,2,1.942,1
31.1747,17.384,1773,545,434,2,2.269,1
31.1906,15.949,1774,545,434,2,2.046,1
31.2083,17.728,1775,545,434,2,2.321,1
31.2237,15.362,1776,545,434,2,1.956,1
31.2417,18.045,1777,545,434,2,2.456,1
31.2573,15.574,1778,545,439,2,1.952,1
31.2765,19.197,1779,545,445,2,2.972,1
31.2963,19.741,1780,545,451,2,2.048,1
31.3123,16.081,1781,545,456,2,2.297,1
31.3284,16.106,1782,545,461,2,1.962,1
31.3427,14.220,1783,545,466,2,2.399,1
31.3575,14.884,1784,545,471,2,1.990,1
31.3773,19.731,1785,545,475,2,2.521,1
31.3936,16.329,1786,545,478,2,1.987,1
31.4096,16.039,1787,545,481,2,2.566,1
31.4257,16.015,1788,545,484,2,2.016,1
31.4427,17.029,1789,545,486,2,2.592,1
31.4596,16.887,1790,545,487,2,1.993,1
31.4773,17.706,1791,545,489,2,2.659,1
31.4921,14.802,1792,545,490,2,2.036,1
31.5089,16.830,1793,545,490,2,2.545,1
31.5246,15.734,1794,545,491,2,2.102,1
31.5419,17.290,1795,545,491,2,2.431,1
31.5580,16.037,1796,545,491,2,2.010,1
31.5753,17.371,1797,545,491,2,2.447,1
31.5909,15.543,1798,545,491,2,1.976,1
31.6081,17.184,1799,545,491,2,2.218,1
31.6243,16.227,1800,545,491,2,1.982,1
31.6431,18.752,1801,545,491,2,3.128,1
31.6616,18.560,1802,545,491,2,2.068,1
31.6765,14.897,1803,545,491,2,2.500,1
31.6911,14.638,1804,545,491,2,2.081,1
31.7087,17.545,1805,545,491,2,2.366,1
31.7245,15.839,1806,545,491,2,2.003,1
31.7418,17.300,1807,545,491,2,2.394,1
31.7577,15.838,1808,545,491,2,1.987,1
31.7753,17.581,1809,545,491,2,2.365,1
31.7909,15.675,1810,545,491,2,1.981,1
31.8087,17.794,1811,545,491,2,2.463,1
31.8240,15.245,1812,545,491,2,2.003,1
31.8421,18.090,1813,545,491,2,2.419,1
31.8575,15.479,1814,545,491,2,1.984,1
31.8760,18.462,1815,545,491,2,2.465,1
31.8920,15.963,1816,545,491,2,2.031,1
31.9146,22.677,1817,545,491,2,2.536,1
31.9245,9.862,1818,545,491,2,2.037,1
31.9421,17.603,1819,545,491,2,2.579,1
31.9575,15.383,1820,545,491,2,2.018,1
31.9754,17.898,1821,545,491,2,2.421,1
31.9920,16.641,1822,545,492,2,2.045,1
32.0101,18.094,1823,545,493,2,2.460,1
32.0257,15.551,1824,545,495,2,1.990,1
32.0432,17.581,1825,545,497,2,2.452,1
32.0595,16.252,1826,545,500,2,2.074,1
32.0769,17.423,1827,545,503,2,2.496,1
32.0928,15.895,1828,545,506,2,2.013,1
32.1091,16.240,1829,545,509,2,2.437,1
32.1255,16.484,1830,545,513,2,2.061,1
32.1432,17.702,1831,545,516,2,2.422,1
32.1588,15.520,1832,545,519,2,2.018,1
32.1761,17.385,1833,545,522,2,2.127,1
32.1929,16.755,1834,545,524,2,2.071,1
32.2096,16.733,1835,545,527,2,2.458,1
32.2256,15.920,1836,545,529,2,2.209,1
32.2431,17.542,1837,545,531,2,2.624,1
32.2601,16.972,1838,545,533,2,2.009,1
32.2779,17.852,1839,545,535,2,2.990,1
32.2983,20.421,1840,545,536,2,2.512,1
32.3169,18.580,1841,545,537,2,2.622,1
32.3301,13.169,1842,545,538,2,2.020,1
32.3461,15.978,1843,545,539,2,2.743,1
32.3600,13.934,1844,545,540,2,2.017,1
32.3761,16.132,1845,545,540,2,2.129,1
32.3936,17.459,1846,545,540,2,2.034,1
32.4087,15.067,1847,545,540,2,2.493,1
32.4244,15.732,1848,545,540,2,2.114,1
32.4416,17.239,1849,545,540,2,2.409,1
32.4616,19.949,1850,545,540,2,2.131,1
32.4746,13.055,1851,545,540,2,2.201,1
32.4922,17.542,1852,545,540,2,2.009,1
32.5087,16.504,1853,545,540,2,2.525,1
32.5247,16.022,1854,545,540,2,2.068,1
32.5428,18.061,1855,545,540,2,2.986,1
32.5582,15.428,1856,545,539,2,2.012,1
32.5757,17.468,1857,545,539,2,2.461,1
32.5907,15.083,1858,545,539,2,2.019,1
32.6085,17.765,1859,545,538,2,2.195,1
32.6245,15.987,1860,545,538,2,2.064,1
32.6415,16.981,1861,545,538,2,2.237,1
32.6583,16.828,1862,545,537,2,2.018,1
32.6765,18.178,1863,545,537,2,2.490,1
32.6923,15.777,1864,545,536,2,2.027,1
32.7091,16.863,1865,545,536,2,2.551,1
32.7271,17.974,1866,545,535,2,2.023,1
32.7423,15.220,1867,545,535,2,2.394,1
32.7574,15.036,1868,545,535,2,2.011,1
32.7750,17.692,1869,545,535,2,2.372,1
32.7922,17.136,1870,545,534,2,2.016,1
32.8094,17.206,1871,545,534,2,2.519,1
32.8249,15.527,1872,545,534,2,2.012,1
32.8420,17.041,1873,545,534,2,2.819,1
32.8572,15.274,1874,545,534,2,2.024,1
32.8753,18.054,1875,545,534,2,2.490,1
32.8910,15.740,1876,545,533,2,2.028,1
32.9097,18.723,1877,545,532,2,2.580,1
32.9254,15.693,1878,545,531,2,2.076,1
32.9421,16.706,1879,545,530,2,2.477,1
32.9587,16.512,1880,545,529,2,2.121,1
32.9761,17.406,1881,545,527,2,2.560,1
32.9943,18.196,1882,545,525,2,2.018,1
33.0095,15.216,1883,545,523,2,2.433,1
33.0252,15.675,1884,545,520,2,2.014,1
33.0429,17.760,1885,545,518,2,2.767,1
33.0586,15.670,1886,545,514,2,2.013,1
33.0787,20.105,1887,545,511,2,3.514,1
33.0933,14.624,1888,545,507,2,2.131,1
33.1091,15.825,1889,545,503,2,2.665,1
33.1267,17.519,1890,545,499,2,2.416,1
33.1442,17.573,1891,545,495,2,2.945,1
33.1590,14.821,1892,545,492,2,1.988,1
33.1761,17.009,1893,545,488,2,2.415,1
33.1922,16.176,1894,545,485,2,1.989,1
33.2101,17.836,1895,545,482,2,2.612,1
33.2247,14.679,1896,545,479,2,2.132,1
33.2432,18.406,1897,545,478,2,2.111,1
33.2624,19.199,1898,545,476,2,2.037,1
33.2781,15.742,1899,545,476,2,2.782,1
33.2956,17.519,1900,545,476,2,2.085,1
33.3125,16.903,1901,545,476,2,2.941,1
33.3275,14.937,1902,545,476,2,2.018,1
33.3429,15.405,1903,545,476,2,2.350,1
33.3573,14.454,1904,545,476,2,1.975,1
33.3749,17.606,1905,545,476,2,2.319,1
33.3904,15.480,1906,545,476,2,1.994,1
33.4083,17.917,1907,545,476,2,2.457,1
33.4238,15.448,1908,545,476,2,2.004,1
33.4412,17.463,1909,545,476,2,2.314,1
33.4573,16.036,1910,545,476,2,2.001,1
33.4750,17.763,1911,545,476,2,2.405,1
33.4914,16.334,1912,545,476,2,2.197,1
33.5087,17.370,1913,545,477,2,2.582,1
33.5265,17.741,1914,545,477,2,2.395,1
33.5434,16.917,1915,545,477,2,3.328,1
33.5576,14.191,1916,545,477,2,1.986,1
33.5756,18.067,1917,545,478,2,2.581,1
33.5914,15.767,1918,545,478,2,1.979,1
33.6083,16.926,1919,545,478,2,2.405,1
33.6245,16.164,1920,545,478,2,2.011,1
33.6430,18.524,1921,545,479,2,2.428,1
33.6581,15.082,1922,545,479,2,1.992,1
33.6749,16.748,1923,545,479,2,2.351,1
33.6904,15.555,1924,545,479,2,1.977,1
33.7082,17.805,1925,545,479,2,2.388,1
33.7245,16.238,1926,545,479,2,1.985,1
33.7418,17.365,1927,545,479,2,2.436,1
33.7577,15.910,1928,545,480,2,2.045,1
33.7757,17.950,1929,545,483,2,2.444,1
33.7944,18.695,1930,545,486,2,1.985,1
33.8097,15.291,1931,545,491,2,2.790,1
33.8245,14.806,1932,545,496,2,2.151,1
33.8420,17.507,1933,545,502,2,2.410,1
33.8575,15.504,1934,545,509,2,2.061,1
33.8769,19.385,1935,545,515,2,2.650,1
33.8920,15.136,1936,545,522,2,2.079,1
33.9092,17.225,1937,545,528,2,2.806,1
33.9247,15.516,1938,545,533,2,2.201,1
33.9422,17.424,1939,545,537,2,2.737,1
33.9587,16.552,1940,545,540,2,2.595,1
33.9757,16.948,1941,545,541,2,2.835,1
33.9919,16.262,1942,545,542,2,2.956,1
34.0086,16.699,1943,545,542,2,2.485,1
34.0265,17.898,1944,545,541,2,2.068,1
34.0425,15.993,1945,545,540,2,2.599,1
34.0612,18.696,1946,545,539,2,2.018,1
34.0759,14.655,1947,545,538,2,2.475,1
34.0925,16.655,1948,545,537,2,2.013,1
34.1086,16.123,1949,545,536,2,2.336,1
34.1243,15.685,1950,545,536,2,2.446,1
34.1415,17.168,1951,545,536,2,2.453,1
34.1597,18.205,1952,545,536,2,2.606,1
34.1762,16.537,1953,545,536,2,2.726,1
34.1938,17.552,1954,545,536,2,2.060,1
34.2083,14.480,1955,545,536,2,2.614,1
34.2235,15.269,1956,545,536,2,2.136,1
34.2416,18.092,1957,545,536,2,2.556,1
34.2575,15.909,1958,545,536,2,2.497,1
34.2767,19.172,1959,545,536,2,2.817,1
34.2974,20.675,1960,545,536,2,2.338,1
34.3101,12.691,1961,545,536,2,3.292,1
34.3291,18.978,1962,545,536,2,2.120,1
34.3454,16.366,1963,545,536,2,2.894,1
34.3577,12.280,1964,545,536,2,2.060,1
34.3751,17.399,1965,545,536,2,2.836,1
34.3901,15.000,1966,545,536,2,2.196,1
34.4088,18.681,1967,545,536,2,2.719,1
34.4247,15.894,1968,545,536,2,2.103,1
34.4421,17.452,1969,545,536,2,3.012,1
34.4575,15.376,1970,545,536,2,2.246,1
34.4750,17.487,1971,545,536,2,2.487,1
34.4904,15.446,1972,545,536,2,2.304,1
34.5088,18.308,1973,545,536,2,2.994,1
34.5236,14.865,1974,545,536,2,2.174,1
34.5416,17.942,1975,545,536,2,2.725,1
34.5576,16.013,1976,545,536,2,2.055,1
34.5751,17.495,1977,545,536,2,2.564,1
34.5925,17.392,1978,545,536,2,2.011,1
34.6092,16.762,1979,545,536,2,2.773,1
34.6236,14.363,1980,545,536,2,2.379,1
34.6428,19.231,1981,545,536,2,2.506,1
34.6569,14.125,1982,545,536,2,2.749,1
34.6754,18.424,1983,545,536,2,2.901,1
34.6908,15.409,1984,545,536,2,2.721,1
34.7086,17.799,1985,545,536,2,3.334,1
34.7238,15.191,1986,545,536,2,2.352,1
34.7416,17.852,1987,545,536,2,2.598,1
34.7574,15.784,1988,545,536,2,2.141,1
34.7746,17.241,1989,545,536,2,2.476,1
34.7911,16.423,1990,545,537,2,2.301,1
34.8087,17.614,1991,545,537,2,2.888,1
34.8269,18.193,1992,545,538,2,2.172,1
34.8421,15.226,1993,545,539,2,2.906,1
34.8601,18.046,1994,545,541,2,2.011,1
34.8754,15.274,1995,545,541,2,3.110,1
34.8907,15.321,1996,545,542,2,2.159,1
34.9086,17.881,1997,545,542,2,3.332,1
34.9240,15.392,1998,545,541,2,2.454,1
34.9428,18.795,1999,545,538,2,3.609,1
34.9583,15.480,2000,545,535,2,2.858,1
34.9755,17.171,2001,545,530,2,3.133,1
34.9908,15.389,2002,545,524,2,2.592,1
35.0091,18.268,2003,545,518,2,3.318,1
35.0239,14.794,2004,545,511,2,2.417,1
35.0423,18.379,2005,545,505,2,3.163,1
35.0571,14.801,2006,545,498,2,2.499,1
35.0759,18.771,2007,545,493,2,3.135,1
35.0976,21.737,2008,545,488,2,2.212,1
35.1093,11.720,2009,545,484,2,3.987,1
35.1276,18.310,2010,545,481,2,2.432,1
35.1416,13.951,2011,545,479,2,2.983,1
35.1574,15.779,2012,545,479,2,2.726,1
35.1749,17.536,2013,545,479,2,3.420,1
35.1901,15.162,2014,545,479,2,2.323,1
35.2083,18.251,2015,545,479,2,2.893,1
35.2237,15.395,2016,545,479,2,2.596,1
35.2414,17.680,2017,545,479,2,2.903,1
35.2573,15.931,2018,545,479,2,2.134,1
35.2766,19.289,2019,545,478,2,3.407,1
35.2910,14.381,2020,545,478,2,2.354,1
35.3080,17.025,2021,545,478,2,3.003,1
35.3236,15.597,2022,545,478,2,2.333,1
35.3416,17.981,2023,545,477,2,2.755,1
35.3572,15.657,2024,545,477,2,2.560,1
35.3751,17.877,2025,545,477,2,3.564,1
35.3901,15.003,2026,545,476,2,2.447,1
35.4107,20.542,2027,545,476,2,4.139,1
35.4249,14.267,2028,545,476,2,2.665,1
35.4407,15.733,2029,545,476,2,2.760,1
35.4571,16.455,2030,545,476,2,2.758,1
35.4747,17.559,2031,545,476,2,3.331,1
35.4905,15.776,2032,545,476,2,2.620,1
35.5088,18.354,2033,545,476,2,3.656,1
35.5237,14.872,2034,545,476,2,2.380,1
35.5408,17.116,2035,545,476,2,2.663,1
35.5566,15.844,2036,545,476,2,2.516,1
35.5742,17.524,2037,545,476,2,3.135,1
35.5911,16.909,2038,545,476,2,2.837,1
35.6081,17.030,2039,545,476,2,2.998,1
35.6268,18.694,2040,545,476,2,2.604,1
35.6419,15.084,2041,545,476,2,3.666,1
35.6601,18.197,2042,545,477,2,2.090,1
35.6757,15.617,2043,545,478,2,3.387,1
35.6922,16.551,2044,545,480,2,3.015,1
35.7085,16.237,2045,545,482,2,3.136,1
35.7248,16.294,2046,545,485,2,2.790,1
35.7420,17.255,2047,545,488,2,2.945,1
35.7576,15.524,2048,545,491,2,2.391,1
35.7749,17.389,2049,545,495,2,3.076,1
35.7903,15.333,2050,545,499,2,2.390,1
35.8085,18.270,2051,545,502,2,3.249,1
35.8240,15.471,2052,545,506,2,2.439,1
35.8424,18.356,2053,545,509,2,3.597,1
35.8576,15.230,2054,545,513,2,2.487,1
35.8772,19.556,2055,545,516,2,2.687,1
35.8920,14.861,2056,545,519,2,2.422,1
35.9095,17.455,2057,545,521,2,3.309,1
35.9248,15.284,2058,545,524,2,2.426,1
35.9423,17.575,2059,545,526,2,3.652,1
35.9578,15.501,2060,545,528,2,2.942,1
35.9755,17.677,2061,545,529,2,3.197,1
35.9914,15.880,2062,545,530,2,2.485,1
36.0100,18.646,2063,545,531,2,4.041,1
36.0241,14.111,2064,545,532,2,2.465,1
36.0421,17.917,2065,545,533,2,2.885,1
36.0566,14.552,2066,545,533,2,2.436,1
36.0753,18.647,2067,545,534,2,3.096,1
36.0898,14.535,2068,545,534,2,2.390,1
36.1076,17.849,2069,545,534,2,2.887,1
36.1251,17.469,2070,545,534,2,2.826,1
36.1421,16.989,2071,545,534,2,3.534,1
36.1573,15.211,2072,545,534,2,2.591,1
36.1756,18.277,2073,545,535,2,3.439,1
36.1901,14.488,2074,545,535,2,2.415,1
36.2091,19.020,2075,545,535,2,3.718,1
36.2241,15.031,2076,545,536,2,2.382,1
36.2414,17.280,2077,545,536,2,3.030,1
36.2584,16.963,2078,545,537,2,2.876,1
36.2776,19.177,2079,545,537,2,4.361,1
36.2969,19.362,2080,545,537,2,2.471,1
36.3173,20.402,2081,545,538,2,3.304,1
36.3322,14.885,2082,545,538,2,2.040,1
36.3498,17.591,2083,545,539,2,2.731,1
36.3628,12.973,2084,545,539,2,2.012,1
36.3787,15.922,2085,545,539,2,2.536,1
36.3934,14.672,2086,545,539,2,2.103,1
36.4092,15.864,2087,545,540,2,3.254,1
36.4238,14.567,2088,545,540,2,2.465,1
36.4412,17.418,2089,545,540,2,2.567,1
36.4571,15.865,2090,545,540,2,2.373,1
36.4750,17.905,2091,545,540,2,3.190,1
36.4907,15.729,2092,545,540,2,2.377,1
36.5073,16.589,2093,545,540,2,2.529,1
36.5234,16.070,2094,545,540,2,2.305,1
36.5407,17.362,2095,545,540,2,2.597,1
36.5565,15.724,2096,545,540,2,2.288,1
36.5738,17.351,2097,545,540,2,2.696,1
36.5909,17.134,2098,545,539,2,2.752,1
36.6078,16.838,2099,545,539,2,2.792,1
36.6251,17.302,2100,545,538,2,2.626,1
36.6432,18.150,2101,545,537,2,3.002,1
36.6581,14.888,2102,545,535,2,2.792,1
36.6795,21.406,2103,545,534,2,3.264,1
36.6911,11.578,2104,545,532,2,2.811,1
36.7085,17.420,2105,545,530,2,2.947,1
36.7241,15.538,2106,545,528,2,2.497,1
36.7422,18.167,2107,545,525,2,3.075,1
36.7582,16.000,2108,545,523,2,2.444,1
36.7745,16.292,2109,545,520,2,2.546,1
36.7903,15.823,2110,545,517,2,2.320,1
36.8085,18.200,2111,545,514,2,3.175,1
36.8242,15.701,2112,545,511,2,2.699,1
36.8418,17.523,2113,545,507,2,2.848,1
36.8572,15.449,2114,545,504,2,2.226,1
36.8751,17.879,2115,545,501,2,2.401,1
36.8914,16.269,2116,545,498,2,2.733,1
36.9084,16.997,2117,545,496,2,3.058,1
36.9239,15.539,2118,545,494,2,2.294,1
36.9431,19.196,2119,545,492,2,3.901,1
36.9578,14.677,2120,545,491,2,2.344,1
36.9746,16.803,2121,545,491,2,3.013,1
36.9894,14.852,2122,545,491,2,2.066,1
37.0086,19.154,2123,545,490,2,3.083,1
37.0232,14.647,2124,545,490,2,2.128,1
37.0415,18.251,2125,545,488,2,2.491,1
37.0577,16.267,2126,545,487,2,2.515,1
37.0761,18.332,2127,545,485,2,3.525,1
37.0937,17.619,2128,545,482,2,2.558,1
37.1090,15.299,2129,545,479,2,2.730,1
37.1250,16.032,2130,545,475,2,2.648,1
37.1418,16.824,2131,545,471,2,3.462,1
37.1572,15.306,2132,545,466,2,2.260,1
37.1748,17.611,2133,545,461,2,2.770,1
37.1904,15.587,2134,545,455,2,2.100,1
37.2095,19.181,2135,545,449,2,3.621,1
37.2271,17.577,2136,545,443,2,2.517,1
37.2413,14.211,2137,545,437,2,2.913,1
37.2568,15.505,2138,545,434,2,1.942,1
37.2742,17.421,2139,545,434,2,3.138,1
37.2928,18.539,2140,545,434,2,3.036,1
37.3084,15.644,2141,545,434,2,3.114,1
37.3234,14.997,2142,545,434,2,2.523,1
37.3435,20.026,2143,545,434,2,3.171,1
37.3561,12.683,2144,545,434,2,1.953,1
37.3746,18.483,2145,545,434,2,2.313,1
37.3911,16.431,2146,545,434,2,2.393,1
37.4083,17.272,2147,545,434,2,2.287,1
37.4236,15.280,2148,545,434,2,2.032,1
37.4418,18.230,2149,545,434,2,3.214,1
37.4577,15.853,2150,545,434,2,2.220,1
37.4753,17.609,2151,545,434,2,2.754,1
37.4898,14.493,2152,545,434,2,1.990,1
37.5084,18.599,2153,545,434,2,2.593,1
37.5231,14.725,2154,545,434,2,1.943,1
37.5413,18.139,2155,545,434,2,2.896,1
37.5580,16.706,2156,545,434,2,2.098,1
37.5737,15.784,2157,545,434,2,2.387,1
37.5899,16.125,2158,545,434,2,2.123,1
37.6067,16.817,2159,545,434,2,2.159,1
37.6231,16.430,2160,545,434,2,1.940,1
37.6410,17.919,2161,545,434,2,2.865,1
37.6575,16.507,2162,545,440,2,2.201,1
37.6750,17.498,2163,545,446,2,2.786,1
37.6905,15.513,2164,545,453,2,1.984,1
37.7082,17.700,2165,545,458,2,2.476,1
37.7246,16.341,2166,545,464,2,2.224,1
37.7418,17.176,2167,545,469,2,2.887,1
37.7568,15.070,2168,545,474,2,2.006,1
37.7747,17.839,2169,545,478,2,2.326,1
37.7910,16.342,2170,545,481,2,2.026,1
37.8078,16.818,2171,545,484,2,2.220,1
37.8243,16.494,2172,545,486,2,2.394,1
37.8411,16.761,2173,545,488,2,2.255,1
37.8577,16.617,2174,545,489,2,2.385,1
37.8767,19.014,2175,545,490,2,2.968,1
37.8899,13.157,2176,545,490,2,2.159,1
37.9077,17.860,2177,545,491,2,2.320,1
37.9233,15.554,2178,545,491,2,2.028,1
37.9415,18.224,2179,545,493,2,2.384,1
37.9573,15.774,2180,545,495,2,2.012,1
37.9748,17.530,2181,545,499,2,2.249,1
37.9906,15.739,2182,545,503,2,1.985,1
38.0089,18.331,2183,545,508,2,2.860,1
38.0266,17.746,2184,545,513,2,2.477,1
38.0413,14.641,2185,545,518,2,2.159,1
38.0573,16.047,2186,545,522,2,2.003,1
38.0747,17.378,2187,545,527,2,2.312,1
38.0909,16.171,2188,545,531,2,2.428,1
38.1089,18.019,2189,545,535,2,2.583,1
38.1249,16.030,2190,545,537,2,2.175,1
38.1411,16.181,2191,545,540,2,2.328,1
38.1574,16.331,2192,545,541,2,2.084,1
38.1753,17.911,2193,545,542,2,2.357,1
38.1895,14.191,2194,545,542,2,2.007,1
38.2070,17.460,2195,545,542,2,2.172,1
38.2234,16.362,2196,545,541,2,2.008,1
38.2411,17.697,2197,545,540,2,2.187,1
38.2575,16.469,2198,545,539,2,2.455,1
38.2761,18.564,2199,545,538,2,2.868,1
38.2964,20.355,2200,545,537,2,3.063,1
38.3175,21.068,2201,545,537,2,2.482,1
38.3313,13.746,2202,545,537,2,2.440,1
38.3471,15.886,2203,545,536,2,3.126,1
38.3601,13.005,2204,545,536,2,2.696,1
38.3736,13.450,2205,545,536,2,2.247,1
38.3901,16.500,2206,545,536,2,2.087,1
38.4073,17.190,2207,545,536,2,2.326,1
38.4230,15.687,2208,545,536,2,2.019,1
38.4405,17.491,2209,545,536,2,2.291,1
38.4561,15.676,2210,545,536,2,2.031,1
38.4740,17.862,2211,545,536,2,2.315,1
38.4896,15.548,2212,545,536,2,1.996,1
38.5111,21.556,2213,545,536,2,4.637,1
38.5319,20.814,2214,545,536,2,2.404,1
38.5542,22.269,2215,545,536,2,3.269,1
38.5802,26.013,2216,545,536,2,5.124,1
38.5988,18.562,2217,545,536,2,2.419,1
38.6189,20.172,2218,545,536,2,3.035,1
38.6363,17.375,2219,545,536,2,2.894,1
38.6594,23.084,2220,545,536,2,3.621,1
38.6789,19.498,2221,545,536,2,4.695,1
38.6971,18.169,2222,545,536,2,3.112,1
38.7167,19.657,2223,545,536,2,3.606,1
38.7315,14.827,2224,545,536,2,2.039,1
38.7484,16.812,2225,545,536,2,3.298,1
38.7621,13.746,2226,545,536,2,2.043,1
38.7767,14.598,2227,545,536,2,3.169,1
38.7915,14.771,2228,545,536,2,2.129,1
38.8107,19.244,2229,545,536,2,2.251,1
38.8214,10.680,2230,545,536,2,2.612,1
38.8370,15.636,2231,545,536,2,2.242,1
38.8525,15.495,2232,545,536,2,2.223,1
38.8668,14.280,2233,545,536,2,2.451,1
38.8844,17.623,2234,545,536,2,2.386,1
38.8976,13.144,2235,545,536,2,2.003,1
38.9184,20.810,2236,545,536,2,2.744,1
38.9330,14.580,2237,545,536,2,2.024,1
38.9505,17.533,2238,545,536,2,2.166,1
38.9645,13.999,2239,545,536,2,2.038,1
38.9833,18.833,2240,545,536,2,2.181,1
38.9982,14.911,2241,545,536,2,2.499,1
39.0169,18.696,2242,545,536,2,2.120,1
39.0313,14.380,2243,545,536,2,2.012,1
39.0518,20.509,2244,545,536,2,2.956,1
39.0662,14.397,2245,545,536,2,2.058,1
39.0844,18.161,2246,545,536,2,2.639,1
39.1007,16.284,2247,545,536,2,2.431,1
39.1173,16.663,2248,545,536,2,2.188,1
39.1309,13.540,2249,545,536,2,2.012,1
39.1505,19.634,2250,545,536,2,2.570,1
39.1643,13.813,2251,545,536,2,2.005,1
39.1850,20.689,2252,545,536,2,2.265,1
39.1978,12.781,2253,545,536,2,2.022,1
39.2175,19.712,2254,545,536,2,2.530,1
39.2321,14.616,2255,545,536,2,2.001,1
39.2510,18.926,2256,545,536,2,2.084,1
39.2642,13.200,2257,545,536,2,2.124,1
39.2863,22.087,2258,545,536,2,2.723,1
39.3007,14.384,2259,545,536,2,2.133,1
39.3179,17.136,2260,545,536,2,2.427,1
39.3341,16.208,2261,545,536,2,2.026,1
39.3541,20.012,2262,545,536,2,2.516,1
39.3672,13.110,2263,545,536,2,2.015,1
39.3838,16.589,2264,545,536,2,2.203,1
39.3973,13.564,2265,545,536,2,2.013,1
39.4170,19.676,2266,545,536,2,2.138,1
39.4310,14.026,2267,545,536,2,2.026,1
39.4512,20.117,2268,545,536,2,2.502,1
39.4646,13.472,2269,545,536,2,2.010,1
39.4841,19.506,2270,545,536,2,2.383,1
39.4985,14.321,2271,545,536,2,2.556,1
39.5172,18.754,2272,545,536,2,2.547,1
39.5313,14.140,2273,545,536,2,2.125,1
39.5505,19.185,2274,545,536,2,2.227,1
39.5650,14.489,2275,545,536,2,2.029,1
39.5854,20.345,2276,545,536,2,2.646,1
39.6008,15.468,2277,545,536,2,2.287,1
39.6211,20.220,2278,545,536,2,2.363,1
39.6377,16.677,2279,545,536,2,2.334,1
39.6548,17.097,2280,545,536,2,2.207,1
39.6689,14.050,2281,545,536,2,2.357,1
39.6879,19.061,2282,545,536,2,2.472,1
39.7028,14.885,2283,545,536,2,2.821,1
39.7213,18.479,2284,545,536,2,2.468,1
39.7384,17.114,2285,545,536,2,2.149,1
39.7573,18.866,2286,545,536,2,2.808,1
39.7734,16.094,2287,545,536,2,2.448,1
39.7943,20.955,2288,545,536,2,2.604,1
39.8121,17.730,2289,545,536,2,4.147,1
39.8271,15.069,2290,545,536,2,2.544,1
39.8415,14.419,2291,545,536,2,2.863,1
39.8585,16.985,2292,545,536,2,2.250,1
39.8776,19.035,2293,545,536,2,3.829,1
39.8970,19.445,2294,545,536,2,2.166,1
39.9151,18.102,2295,545,536,2,3.639,1
39.9285,13.376,2296,545,536,2,2.435,1
39.9420,13.537,2297,545,536,2,2.461,1
39.9572,15.219,2298,545,536,2,2.075,1
39.9703,13.018,2299,545,536,2,2.199,1
39.9872,16.928,2300,545,536,2,2.020,1
40.0010,13.783,2301,545,536,2,2.181,1
40.0182,17.237,2302,545,536,2,2.183,1
40.0313,13.070,2303,545,536,2,2.062,1
40.0512,19.871,2304,545,536,2,2.182,1
40.0648,13.634,2305,545,536,2,2.024,1
40.0850,20.164,2306,545,536,2,2.722,1
40.0980,13.039,2307,545,536,2,2.007,1
40.1177,19.724,2308,545,536,2,2.325,1
40.1318,14.077,2309,545,536,2,2.128,1
40.1530,21.168,2310,545,536,2,2.947,1
40.1666,13.661,2311,545,536,2,2.210,1
40.1838,17.200,2312,545,536,2,2.119,1
40.1976,13.756,2313,545,536,2,2.174,1
40.2181,20.477,2314,545,536,2,2.374,1
40.2338,15.748,2315,545,536,2,2.136,1
40.2512,17.439,2316,545,536,2,2.777,1
40.2653,14.064,2317,545,536,2,2.014,1
40.2859,20.557,2318,545,536,2,2.374,1
40.3018,15.920,2319,545,536,2,2.157,1
40.3192,17.430,2320,545,536,2,2.580,1
40.3326,13.342,2321,545,536,2,1.998,1
40.3503,17.730,2322,545,536,2,2.146,1
40.3640,13.751,2323,545,536,2,2.121,1
40.3851,21.096,2324,545,536,2,2.456,1
40.3980,12.857,2325,545,536,2,2.041,1
40.4193,21.361,2326,545,536,2,2.270,1
40.4334,14.067,2327,545,536,2,2.356,1
40.4506,17.212,2328,545,536,2,2.205,1
40.4655,14.891,2329,545,536,2,2.379,1
40.4836,18.044,2330,545,536,2,2.130,1
40.4976,14.061,2331,545,536,2,2.239,1
40.5177,20.108,2332,545,536,2,2.182,1
40.5311,13.338,2333,545,536,2,2.087,1
40.5512,20.119,2334,545,536,2,2.646,1
40.5647,13.544,2335,545,536,2,2.477,1
40.5845,19.725,2336,545,536,2,2.572,1
40.5974,12.918,2337,545,536,2,2.019,1
40.6174,20.003,2338,545,536,2,2.540,1
40.6306,13.256,2339,545,536,2,2.040,1
40.6506,19.969,2340,545,536,2,2.747,1
40.6646,14.037,2341,545,536,2,2.563,1
40.6853,20.689,2342,545,536,2,2.523,1
40.6977,12.414,2343,545,536,2,2.560,1
40.7175,19.706,2344,545,536,2,2.290,1
40.7307,13.232,2345,545,536,2,2.027,1
40.7511,20.391,2346,545,536,2,2.296,1
40.7642,13.149,2347,545,536,2,2.176,1
40.7844,20.205,2348,545,536,2,2.847,1
40.7979,13.457,2349,545,536,2,2.499,1
40.8175,19.585,2350,545,536,2,2.349,1
40.8309,13.383,2351,545,536,2,2.166,1
40.8507,19.857,2352,545,536,2,2.088,1
40.8641,13.381,2353,545,536,2,2.170,1
40.8851,21.017,2354,545,536,2,2.433,1
40.8977,12.587,2355,545,536,2,2.851,1
40.9179,20.221,2356,545,536,2,2.829,1
40.9379,19.959,2357,545,536,2,2.077,1
40.9509,13.027,2358,545,536,2,2.856,1
40.9675,16.578,2359,545,536,2,2.104,1
40.9840,16.554,2360,545,536,2,2.335,1
40.9975,13.471,2361,545,536,2,2.340,1
41.0170,19.491,2362,545,536,2,2.146,1
41.0309,13.856,2363,545,536,2,2.655,1
41.0511,20.277,2364,545,536,2,2.336,1
41.0644,13.245,2365,545,536,2,2.050,1
41.0848,20.444,2366,545,536,2,2.619,1
41.0977,12.836,2367,545,536,2,2.051,1
41.1175,19.886,2368,545,536,2,2.310,1
41.1311,13.529,2369,545,536,2,2.041,1
41.1500,18.958,2370,545,536,2,2.110,1
41.1634,13.392,2371,545,536,2,2.377,1
41.1842,20.804,2372,545,536,2,2.364,1
41.1977,13.482,2373,545,536,2,2.842,1
41.2172,19.526,2374,545,536,2,2.486,1
41.2316,14.378,2375,545,536,2,2.843,1
41.2513,19.715,2376,545,536,2,2.615,1
41.2640,12.680,2377,545,536,2,2.557,1
41.2847,20.688,2378,545,536,2,2.675,1
41.2976,12.882,2379,545,536,2,2.190,1
41.3184,20.843,2380,545,536,2,2.993,1
41.3321,13.656,2381,545,536,2,2.096,1
41.3502,18.130,2382,545,536,2,2.240,1
41.3636,13.432,2383,545,536,2,2.341,1
41.3842,20.516,2384,545,536,2,2.145,1
41.3969,12.756,2385,545,536,2,2.221,1
41.4172,20.304,2386,545,536,2,2.285,1
41.4310,13.745,2387,545,536,2,2.392,1
41.4518,20.813,2388,545,536,2,2.279,1
41.4648,13.069,2389,545,536,2,2.162,1
41.4849,20.103,2390,545,536,2,2.643,1
41.4982,13.299,2391,545,536,2,2.117,1
41.5194,21.154,2392,545,536,2,2.548,1
41.5324,13.018,2393,545,536,2,2.025,1
41.5501,17.676,2394,545,536,2,2.182,1
41.5660,15.955,2395,545,536,2,2.507,1
41.5852,19.188,2396,545,536,2,3.091,1
41.5981,12.821,2397,545,536,2,2.053,1
41.6170,18.909,2398,545,536,2,2.212,1
41.6305,13.514,2399,545,536,2,2.713,1
41.6512,20.676,2400,545,536,2,2.122,1
41.6637,12.511,2401,545,536,2,2.357,1
41.6839,20.272,2402,545,536,2,2.396,1
41.6969,12.964,2403,545,536,2,2.442,1
41.7176,20.723,2404,545,536,2,2.648,1
41.7335,15.862,2405,545,536,2,2.938,1
41.7549,21.439,2406,545,536,2,3.006,1
41.7724,17.471,2407,545,536,2,2.381,1
41.7967,24.256,2408,545,536,2,3.030,1
41.8165,19.877,2409,545,536,2,4.589,1
41.8322,15.722,2410,545,536,2,2.191,1
41.8559,23.638,2411,545,536,2,4.057,1
41.8737,17.859,2412,545,536,2,2.528,1
41.8931,19.342,2413,545,536,2,2.663,1
41.9124,19.295,2414,545,536,2,3.598,1
41.9295,17.072,2415,545,536,2,2.749,1
41.9504,20.970,2416,545,536,2,3.946,1
41.9656,15.191,2417,545,536,2,2.458,1
41.9885,22.881,2418,545,536,2,3.223,1
42.0062,17.706,2419,545,536,2,2.784,1
42.0255,19.281,2420,545,536,2,2.247,1
42.0525,26.971,2421,545,536,2,3.218,1
42.0685,16.063,2422,545,536,2,2.886,1
42.0870,18.496,2423,545,536,2,2.393,1
42.1040,17.019,2424,545,536,2,3.305,1
42.1241,20.017,2425,545,536,2,2.853,1
42.1408,16.774,2426,545,536,2,2.329,1
42.1605,19.710,2427,545,536,2,2.333,1
42.1815,21.000,2428,545,536,2,4.293,1
42.1966,15.042,2429,545,536,2,2.883,1
42.2151,18.488,2430,545,536,2,3.275,1
42.2326,17.542,2431,545,536,2,2.475,1
42.2538,21.155,2432,545,536,2,2.849,1
42.2708,17.037,2433,545,536,2,3.016,1
42.2979,27.095,2434,545,536,2,3.529,1
42.3232,25.293,2435,545,536,2,2.421,1
42.3430,19.806,2436,545,536,2,3.270,1
42.3612,18.192,2437,545,536,2,2.153,1
42.3802,19.028,2438,545,536,2,3.097,1
42.3973,17.079,2439,545,536,2,3.166,1
42.4169,19.571,2440,545,536,2,4.260,1
42.4306,13.753,2441,545,536,2,2.762,1
42.4477,17.089,2442,545,536,2,3.621,1
42.4603,12.590,2443,545,536,2,2.007,1
42.4745,14.160,2444,545,536,2,2.426,1
42.4908,16.346,2445,545,536,2,2.442,1
42.5051,14.299,2446,545,536,2,2.126,1
42.5230,17.912,2447,545,536,2,2.607,1
42.5381,15.086,2448,545,536,2,2.155,1
42.5571,18.966,2449,545,536,2,2.441,1
42.5708,13.695,2450,545,536,2,2.397,1
42.5880,17.212,2451,545,536,2,2.534,1
42.6017,13.761,2452,545,536,2,2.224,1
42.6201,18.325,2453,545,536,2,2.293,1
42.6353,15.251,2454,545,536,2,2.683,1
42.6523,17.017,2455,545,536,2,2.234,1
42.6664,14.092,2456,545,536,2,2.229,1
42.6837,17.242,2457,545,536,2,2.201,1
42.6979,14.206,2458,545,536,2,2.981,1
42.7171,19.213,2459,545,536,2,2.225,1
42.7306,13.521,2460,545,536,2,2.752,1
42.7515,20.893,2461,545,536,2,3.371,1
42.7644,12.915,2462,545,536,2,2.541,1
42.7839,19.538,2463,545,536,2,2.430,1
42.7978,13.858,2464,545,536,2,2.950,1
42.8187,20.908,2465,545,536,2,3.159,1
42.8359,17.168,2466,545,536,2,2.291,1
42.8529,17.061,2467,545,536,2,2.275,1
42.8658,12.894,2468,545,536,2,2.561,1
42.8849,19.089,2469,545,536,2,2.909,1
42.9005,15.559,2470,545,536,2,2.249,1
42.9177,17.232,2471,545,536,2,3.103,1
42.9328,15.091,2472,545,536,2,2.670,1
42.9544,21.621,2473,545,536,2,2.811,1
42.9666,12.137,2474,545,536,2,2.321,1
42.9848,18.278,2475,545,536,2,3.483,1
42.9982,13.350,2476,545,536,2,2.652,1
43.0174,19.207,2477,545,536,2,3.410,1
43.0322,14.790,2478,545,536,2,2.781,1
43.0517,19.487,2479,545,536,2,2.224,1
43.0648,13.105,2480,545,536,2,2.723,1
43.0843,19.556,2481,545,536,2,2.409,1
43.0981,13.795,2482,545,536,2,2.620,1
43.1175,19.350,2483,545,536,2,2.400,1
43.1302,12.710,2484,545,536,2,2.303,1
43.1519,21.712,2485,545,536,2,2.968,1
43.1662,14.254,2486,545,536,2,2.826,1
43.1840,17.853,2487,545,536,2,2.701,1
43.1972,13.204,2488,545,536,2,2.366,1
43.2173,20.076,2489,545,536,2,2.381,1
43.2310,13.661,2490,545,536,2,2.661,1
43.2515,20.568,2491,545,536,2,2.620,1
43.2640,12.463,2492,545,536,2,2.479,1
43.2857,21.707,2493,545,536,2,3.334,1
43.3001,14.392,2494,545,536,2,2.799,1
43.3176,17.506,2495,545,536,2,2.664,1
43.3312,13.598,2496,545,536,2,2.651,1
43.3512,20.061,2497,545,536,2,2.470,1
43.3656,14.321,2498,545,536,2,3.089,1
43.3856,20.044,2499,545,536,2,2.208,1
43.3995,13.849,2500,545,536,2,3.074,1
43.4188,19.345,2501,545,536,2,3.347,1
43.4334,14.609,2502,545,536,2,2.799,1
43.4515,18.060,2503,545,536,2,2.639,1
43.4661,14.665,2504,545,536,2,3.442,1
43.4838,17.682,2505,545,536,2,2.721,1
43.5013,17.450,2506,545,536,2,3.170,1
43.5175,16.182,2507,545,536,2,2.990,1
43.5319,14.434,2508,545,536,2,2.865,1
43.5503,18.394,2509,545,536,2,4.168,1
43.5643,14.032,2510,545,536,2,2.489,1
43.5842,19.881,2511,545,536,2,2.802,1
43.5969,12.697,2512,545,536,2,2.260,1
43.6171,20.223,2513,545,536,2,2.612,1
43.6306,13.488,2514,545,536,2,2.291,1
43.6530,22.425,2515,545,536,2,3.153,1
43.6648,11.770,2516,545,536,2,2.441,1
43.6847,19.893,2517,545,536,2,3.364,1
43.6983,13.590,2518,545,536,2,2.836,1
43.7172,18.951,2519,545,536,2,3.316,1
43.7353,18.059,2520,545,536,2,2.521,1
43.7522,16.883,2521,545,536,2,2.552,1
43.7658,13.653,2522,545,536,2,2.623,1
43.7840,18.166,2523,545,536,2,2.619,1
43.7974,13.369,2524,545,536,2,2.367,1
43.8178,20.457,2525,545,536,2,3.294,1
43.8318,13.943,2526,545,536,2,2.714,1
43.8503,18.558,2527,545,536,2,2.709,1
43.8637,13.380,2528,545,536,2,2.246,1
43.8846,20.855,2529,545,536,2,2.639,1
43.8984,13.885,2530,545,536,2,2.614,1
43.9189,20.443,2531,545,536,2,2.916,1
43.9319,12.974,2532,545,536,2,2.492,1
43.9515,19.650,2533,545,536,2,3.449,1
43.9664,14.864,2534,545,536,2,3.069,1
43.9881,21.720,2535,545,536,2,2.827,1
44.0043,16.186,2536,545,536,2,2.286,1
44.0225,18.239,2537,545,536,2,2.083,1
44.0388,16.299,2538,545,536,2,2.100,1
44.0576,18.780,2539,545,536,2,2.167,1
44.0765,18.945,2540,545,536,2,2.195,1
44.0951,18.610,2541,545,536,2,2.163,1
44.1136,18.432,2542,545,536,2,3.126,1
44.1297,16.085,2543,545,536,2,2.081,1
44.1494,19.745,2544,545,536,2,3.497,1
44.1621,12.681,2545,545,536,2,2.042,1
44.1800,17.871,2546,545,536,2,3.153,1
44.1953,15.377,2547,545,536,2,2.100,1
44.2125,17.126,2548,545,536,2,2.477,1
44.2271,14.623,2549,545,536,2,2.023,1
44.2414,14.327,2550,545,536,2,2.469,1
44.2577,16.266,2551,545,536,2,2.432,1
44.2713,13.624,2552,545,536,2,2.143,1
44.3006,29.265,2553,545,536,2,2.416,1
44.3105,9.973,2554,545,536,2,2.355,1
44.3297,19.166,2555,545,536,2,2.008,1
44.3462,16.474,2556,545,536,2,3.411,1
44.3601,13.957,2557,545,536,2,2.061,1
44.3750,14.816,2558,545,536,2,2.406,1
44.3919,16.983,2559,545,536,2,2.053,1
44.4076,15.618,2560,545,536,2,2.098,1
44.4261,18.563,2561,545,536,2,2.463,1
44.4436,17.440,2562,545,536,2,2.820,1
44.4614,17.843,2563,545,536,2,2.013,1
44.4759,14.475,2564,545,536,2,2.516,1
44.4921,16.243,2565,545,536,2,2.016,1
44.5084,16.236,2566,545,536,2,3.133,1
44.5245,16.163,2567,545,536,2,2.473,1
44.5404,15.892,2568,545,536,2,2.691,1
44.5595,19.129,2569,545,536,2,2.432,1
44.5766,17.051,2570,545,536,2,3.256,1
44.5938,17.160,2571,545,536,2,2.163,1
44.6126,18.870,2572,545,536,2,3.017,1
44.6290,16.357,2573,545,536,2,2.030,1
44.6491,20.166,2574,545,536,2,3.972,1
44.6674,18.216,2575,545,536,2,2.932,1
44.6913,23.946,2576,545,536,2,3.077,1
44.7075,16.147,2577,545,536,2,2.997,1
44.7264,18.988,2578,545,536,2,2.687,1
44.7464,19.983,2579,545,536,2,3.609,1
44.7616,15.222,2580,545,536,2,2.120,1
44.7777,16.084,2581,545,536,2,3.585,1
44.7958,18.119,2582,545,536,2,2.207,1
44.8160,20.154,2583,545,536,2,4.126,1
44.8337,17.673,2584,545,536,2,3.004,1
44.8550,21.348,2585,545,536,2,2.843,1
44.8750,19.945,2586,545,536,2,2.639,1
44.8920,17.025,2587,545,536,2,2.057,1
44.9109,18.920,2588,545,536,2,3.319,1
44.9281,17.196,2589,545,536,2,2.183,1
44.9482,20.052,2590,545,536,2,3.779,1
44.9653,17.101,2591,545,536,2,2.392,1
44.9846,19.372,2592,545,536,2,3.832,1
44.9988,14.152,2593,545,536,2,2.320,1
45.0192,20.403,2594,545,536,2,3.522,1
45.0352,16.059,2595,545,536,2,3.547,1
45.0512,15.961,2596,545,536,2,3.626,1
45.0653,14.060,2597,545,536,2,2.296,1
45.0829,17.651,2598,545,536,2,3.108,1
45.0963,13.376,2599,545,536,2,2.092,1
45.1175,21.203,2600,545,536,2,3.014,1
45.1289,11.431,2601,545,536,2,2.002,1
45.1433,14.413,2602,545,536,2,2.469,1
45.1588,15.408,2603,545,536,2,2.006,1
45.1738,15.098,2604,545,536,2,2.872,1
45.1899,16.060,2605,545,536,2,2.015,1
45.2049,14.963,2606,545,536,2,2.090,1
45.2209,16.017,2607,545,536,2,1.991,1
45.2362,15.349,2608,545,536,2,2.588,1
45.2527,16.479,2609,545,536,2,2.075,1
45.2662,13.453,2610,545,536,2,2.409,1
45.2887,22.564,2611,545,536,2,3.322,1
45.3056,16.865,2612,545,536,2,2.262,1
45.3230,17.445,2613,545,536,2,2.253,1
45.3389,15.867,2614,545,536,2,2.319,1
45.3588,19.858,2615,545,536,2,2.160,1
45.3702,11.437,2616,545,536,2,3.188,1
45.3885,18.321,2617,545,536,2,2.072,1
45.4018,13.286,2618,545,536,2,2.704,1
45.4192,17.379,2619,545,536,2,3.116,1
45.4338,14.559,2620,545,536,2,2.712,1
45.4519,18.110,2621,545,536,2,2.895,1
45.4661,14.285,2622,545,536,2,2.420,1
45.4846,18.462,2623,545,536,2,2.650,1
45.5001,15.471,2624,545,536,2,2.568,1
45.5175,17.437,2625,545,536,2,2.873,1
45.5332,15.722,2626,545,536,2,2.395,1
45.5517,18.413,2627,545,536,2,2.957,1
45.5659,14.208,2628,545,536,2,2.266,1
45.5876,21.691,2629,545,536,2,3.135,1
45.5992,11.668,2630,545,536,2,2.293,1
45.6181,18.848,2631,545,536,2,3.081,1
45.6377,19.663,2632,545,536,2,2.526,1
45.6512,13.492,2633,545,536,2,2.546,1
45.6666,15.399,2634,545,536,2,2.285,1
45.6851,18.481,2635,545,536,2,2.986,1
45.6996,14.457,2636,545,536,2,2.227,1
45.7178,18.228,2637,545,536,2,2.958,1
45.7330,15.215,2638,545,536,2,2.808,1
45.7511,18.141,2639,545,536,2,2.751,1
45.7661,14.925,2640,545,536,2,2.300,1
45.7863,20.184,2641,545,536,2,3.338,1
45.7995,13.286,2642,545,536,2,2.262,1
45.8197,20.185,2643,545,536,2,2.785,1
45.8332,13.523,2644,545,536,2,2.387,1
45.8513,18.024,2645,545,536,2,2.799,1
45.8661,14.789,2646,545,536,2,2.273,1
45.8846,18.559,2647,545,536,2,2.532,1
45.8992,14.554,2648,545,536,2,2.187,1
45.9173,18.157,2649,545,536,2,2.720,1
45.9324,15.089,2650,545,536,2,2.132,1
45.9528,20.406,2651,545,536,2,3.120,1
45.9656,12.796,2652,545,536,2,2.142,1
45.9853,19.688,2653,545,536,2,3.198,1
46.0008,15.505,2654,545,536,2,2.810,1
46.0172,16.395,2655,545,536,2,2.721,1
46.0369,19.673,2656,545,536,2,2.668,1
46.0510,14.146,2657,545,536,2,2.705,1
46.0662,15.191,2658,545,536,2,2.238,1
46.0852,18.991,2659,545,536,2,3.316,1
46.0995,14.237,2660,545,536,2,2.162,1
46.1175,18.027,2661,545,536,2,3.011,1
46.1324,14.913,2662,545,536,2,2.161,1
46.1505,18.102,2663,545,536,2,2.600,1
46.1665,16.027,2664,545,536,2,2.728,1
46.1838,17.296,2665,545,536,2,2.693,1
46.1993,15.443,2666,545,536,2,2.228,1
46.2184,19.142,2667,545,536,2,2.804,1
46.2326,14.167,2668,545,536,2,2.141,1
46.2510,18.405,2669,545,536,2,2.844,1
46.2658,14.867,2670,545,536,2,2.145,1
46.2864,20.523,2671,545,536,2,2.984,1
46.3009,14.564,2672,545,536,2,2.796,1
46.3190,18.040,2673,545,536,2,2.867,1
46.3334,14.421,2674,545,536,2,2.301,1
46.3514,18.049,2675,545,536,2,3.071,1
46.3655,14.028,2676,545,536,2,2.005,1
46.3841,18.646,2677,545,536,2,2.720,1
46.3991,14.942,2678,545,536,2,2.021,1
46.4188,19.767,2679,545,536,2,2.792,1
46.4322,13.408,2680,545,536,2,2.007,1
46.4514,19.193,2681,545,536,2,2.818,1
46.4675,16.051,2682,545,536,2,2.434,1
46.4853,17.782,2683,545,536,2,3.208,1
46.4994,14.191,2684,545,536,2,2.052,1
46.5179,18.455,2685,545,536,2,2.673,1
46.5324,14.502,2686,545,536,2,2.019,1
46.5512,18.841,2687,545,536,2,3.007,1
46.5665,15.237,2688,545,536,2,2.213,1
46.5855,19.013,2689,545,536,2,2.900,1
46.5989,13.408,2690,545,536,2,1.997,1
46.6185,19.589,2691,545,536,2,3.033,1
46.6321,13.627,2692,545,536,2,2.001,1
46.6510,18.870,2693,545,536,2,2.884,1
46.6655,14.494,2694,545,536,2,2.010,1
46.6845,18.969,2695,545,536,2,2.234,1
46.7005,16.056,2696,545,536,2,2.564,1
46.7173,16.797,2697,545,536,2,2.558,1
46.7329,15.609,2698,545,536,2,2.581,1
46.7527,19.789,2699,545,536,2,3.307,1
46.7659,13.211,2700,545,536,2,2.019,1
46.7847,18.830,2701,545,536,2,2.986,1
46.7988,14.083,2702,545,536,2,2.001,1
46.8172,18.395,2703,545,536,2,2.487,1
46.8322,14.934,2704,545,536,2,1.997,1
46.8521,19.943,2705,545,536,2,3.203,1
46.8657,13.559,2706,545,536,2,2.023,1
46.8852,19.538,2707,545,536,2,3.227,1
46.9010,15.781,2708,545,536,2,2.439,1
46.9181,17.164,2709,545,536,2,3.024,1
46.9329,14.741,2710,545,536,2,2.176,1
46.9509,18.017,2711,545,536,2,2.485,1
46.9659,15.052,2712,545,536,2,2.027,1
46.9849,18.903,2713,545,536,2,3.044,1
46.9992,14.354,2714,545,536,2,2.034,1
47.0184,19.186,2715,545,536,2,2.879,1
47.0324,14.027,2716,545,536,2,2.021,1
47.0516,19.138,2717,545,536,2,2.938,1
47.0654,13.866,2718,545,536,2,2.007,1
47.0844,19.022,2719,545,536,2,2.889,1
47.0987,14.210,2720,545,536,2,1.995,1
47.1180,19.344,2721,545,536,2,2.771,1
47.1326,14.629,2722,545,536,2,2.033,1
47.1510,18.356,2723,545,536,2,2.515,1
47.1655,14.472,2724,545,536,2,2.007,1
47.1844,18.950,2725,545,536,2,2.583,1
47.1989,14.458,2726,545,536,2,1.996,1
47.2181,19.207,2727,545,536,2,2.536,1
47.2320,13.931,2728,545,536,2,2.006,1
47.2535,21.498,2729,545,536,2,2.844,1
47.2661,12.626,2730,545,536,2,2.438,1
47.2873,21.131,2731,545,536,2,3.542,1
47.3013,14.035,2732,545,536,2,2.428,1
47.3181,16.776,2733,545,536,2,2.714,1
47.3321,14.049,2734,545,536,2,2.167,1
47.3548,22.665,2735,545,536,2,2.862,1
47.3654,10.577,2736,545,536,2,2.046,1
47.3853,19.961,2737,545,536,2,2.675,1
47.3989,13.627,2738,545,536,2,2.014,1
47.4186,19.620,2739,545,536,2,2.557,1
47.4321,13.521,2740,545,536,2,2.002,1
47.4510,18.941,2741,545,536,2,2.432,1
47.4655,14.437,2742,545,536,2,2.009,1
47.4844,18.983,2743,545,536,2,2.781,1
47.4987,14.248,2744,545,536,2,1.996,1
47.5172,18.549,2745,545,536,2,2.229,1
47.5319,14.669,2746,545,536,2,1.990,1
47.5517,19.787,2747,545,536,2,2.894,1
47.5660,14.346,2748,545,537,2,2.009,1
47.5846,18.583,2749,545,537,2,2.396,1
47.5993,14.650,2750,545,538,2,2.053,1
47.6178,18.540,2751,545,538,2,2.291,1
47.6332,15.364,2752,545,539,2,2.420,1
47.6541,20.873,2753,545,540,2,2.920,1
47.6668,12.708,2754,545,541,2,2.449,1
47.6857,18.961,2755,545,542,2,2.883,1
47.7002,14.425,2756,545,542,2,2.490,1
47.7186,18.455,2757,545,541,2,2.580,1
47.7341,15.466,2758,545,540,2,2.489,1
47.7540,19.902,2759,545,538,2,3.473,1
47.7666,12.610,2760,545,535,2,2.522,1
47.7847,18.155,2761,545,531,2,2.298,1
47.7993,14.532,2762,545,527,2,2.112,1
47.8202,20.904,2763,545,522,2,2.943,1
47.8333,13.092,2764,545,517,2,2.010,1
47.8533,20.068,2765,545,512,2,3.166,1
47.8660,12.697,2766,545,507,2,1.999,1
47.8866,20.552,2767,545,502,2,3.060,1
47.8991,12.539,2768,545,497,2,1.978,1
47.9194,20.256,2769,545,494,2,2.619,1
47.9325,13.155,2770,545,492,2,1.975,1
47.9522,19.640,2771,545,491,2,2.873,1
47.9653,13.117,2772,545,491,2,1.988,1
47.9860,20.694,2773,545,490,2,2.590,1
47.9993,13.294,2774,545,489,2,2.020,1
48.0190,19.726,2775,545,488,2,2.602,1
48.0338,14.810,2776,545,486,2,2.662,1
48.0528,19.025,2777,545,484,2,2.587,1
48.0669,14.027,2778,545,481,2,2.457,1
48.0904,23.511,2779,545,478,2,3.602,1
48.1060,15.602,2780,545,473,2,2.723,1
48.1223,16.342,2781,545,469,2,2.210,1
48.1348,12.467,2782,545,463,2,1.949,1
48.1540,19.159,2783,545,457,2,2.765,1
48.1710,17.082,2784,545,451,2,3.417,1
48.1865,15.480,2785,545,444,2,2.672,1
48.1991,12.610,2786,545,438,2,1.944,1
48.2185,19.403,2787,545,434,2,2.451,1
48.2319,13.390,2788,545,434,2,1.960,1
48.2504,18.437,2789,545,434,2,2.176,1
48.2653,14.966,2790,545,434,2,1.943,1
48.2869,21.614,2791,545,434,2,3.013,1
48.3013,14.406,2792,545,434,2,2.137,1
48.3201,18.729,2793,545,434,2,2.742,1
48.3323,12.228,2794,545,434,2,1.937,1
48.3513,18.961,2795,545,434,2,2.642,1
48.3652,13.925,2796,545,434,2,1.942,1
48.3831,17.947,2797,545,434,2,2.092,1
48.3984,15.310,2798,545,434,2,1.930,1
48.4169,18.458,2799,545,434,2,2.415,1
48.4317,14.817,2800,545,434,2,1.935,1
48.4536,21.924,2801,545,434,2,2.835,1
48.4656,11.958,2802,545,434,2,2.323,1
48.4841,18.497,2803,545,434,2,2.144,1
48.4985,14.455,2804,545,434,2,1.935,1
48.5172,18.650,2805,545,434,2,2.276,1
48.5318,14.586,2806,545,434,2,2.059,1
48.5506,18.827,2807,545,434,2,2.042,1
48.5652,14.546,2808,545,434,2,1.973,1
48.5834,18.292,2809,545,434,2,1.943,1
48.5986,15.166,2810,545,434,2,1.952,1
48.6171,18.495,2811,545,434,2,2.100,1
48.6323,15.178,2812,545,436,2,1.945,1
48.6510,18.693,2813,545,441,2,2.469,1
48.6656,14.584,2814,545,447,2,1.945,1
48.6856,20.013,2815,545,453,2,2.566,1
48.7035,17.951,2816,545,458,2,2.493,1
48.7231,19.528,2817,545,463,2,3.418,1
48.7386,15.507,2818,545,468,2,3.378,1
48.7584,19.850,2819,545,472,2,3.379,1
48.7764,18.024,2820,545,476,2,2.751,1
48.7941,17.640,2821,545,479,2,2.143,1
48.8148,20.687,2822,545,482,2,3.334,1
48.8332,18.465,2823,545,485,2,2.314,1
48.8489,15.647,2824,545,486,2,2.192,1
48.8617,12.841,2825,545,488,2,1.986,1
48.8790,17.236,2826,545,489,2,2.881,1
48.8950,16.046,2827,545,490,2,1.989,1
48.9113,16.340,2828,545,491,2,2.657,1
48.9257,14.349,2829,545,491,2,1.997,1
48.9407,14.973,2830,545,491,2,2.032,1
48.9583,17.688,2831,545,491,2,2.397,1
48.9771,18.736,2832,545,491,2,2.454,1
48.9922,15.071,2833,545,491,2,1.983,1
49.0060,13.890,2834,545,491,2,2.231,1
49.0217,15.628,2835,545,491,2,2.313,1
49.0344,12.709,2836,545,491,2,2.058,1
49.0514,17.021,2837,545,491,2,2.546,1
49.0654,14.027,2838,545,491,2,1.975,1
49.0842,18.752,2839,545,491,2,2.509,1
49.0985,14.334,2840,545,491,2,1.976,1
49.1168,18.297,2841,545,491,2,2.045,1
49.1318,14.997,2842,545,491,2,1.976,1
49.1502,18.380,2843,545,491,2,2.069,1
49.1651,14.914,2844,545,491,2,1.982,1
49.1853,20.214,2845,545,491,2,2.164,1
49.2005,15.177,2846,545,491,2,1.980,1
49.2172,16.732,2847,545,491,2,2.380,1
49.2334,16.136,2848,545,491,2,2.243,1
49.2505,17.163,2849,545,491,2,2.089,1
49.2653,14.751,2850,545,491,2,2.034,1
49.2874,22.149,2851,545,491,2,2.850,1
49.3049,17.439,2852,545,491,2,3.719,1
49.3234,18.550,2853,545,491,2,3.647,1
49.3362,12.829,2854,545,491,2,2.466,1
49.3511,14.879,2855,545,491,2,2.134,1
49.3651,13.962,2856,545,491,2,1.975,1
49.3838,18.707,2857,545,492,2,2.132,1
49.3990,15.163,2858,545,494,2,1.975,1
49.4191,20.175,2859,545,496,2,2.430,1
49.4324,13.232,2860,545,498,2,1.979,1
49.4527,20.370,2861,545,501,2,2.597,1
49.4662,13.454,2862,545,504,2,1.987,1
49.4840,17.825,2863,545,507,2,2.132,1
49.5012,17.221,2864,545,511,2,2.556,1
49.5175,16.251,2865,545,514,2,2.489,1
49.5326,15.154,2866,545,517,2,1.990,1
49.5512,18.571,2867,545,520,2,2.426,1
49.5657,14.516,2868,545,523,2,2.022,1
49.5841,18.335,2869,545,525,2,2.135,1
49.5994,15.327,2870,545,528,2,2.011,1
49.6173,17.943,2871,545,530,2,2.113,1
49.6328,15.481,2872,545,532,2,2.421,1
49.6511,18.320,2873,545,534,2,2.519,1
49.6664,15.277,2874,545,535,2,2.465,1
49.6854,18.963,2875,545,537,2,2.779,1
49.7005,15.091,2876,545,538,2,2.443,1
49.7176,17.124,2877,545,539,2,2.419,1
49.7330,15.402,2878,545,539,2,2.552,1
49.7513,18.307,2879,545,540,2,2.249,1
49.7664,15.151,2880,545,540,2,2.015,1
49.7845,18.004,2881,545,540,2,2.537,1
49.7991,14.607,2882,545,540,2,2.005,1
49.8175,18.461,2883,545,540,2,2.603,1
49.8321,14.585,2884,545,540,2,1.996,1
49.8507,18.627,2885,545,540,2,2.611,1
49.8654,14.667,2886,545,540,2,2.008,1
49.8850,19.649,2887,545,540,2,2.642,1
49.8985,13.476,2888,545,540,2,2.022,1
49.9172,18.718,2889,545,540,2,2.585,1
49.9329,15.679,2890,545,539,2,2.467,1
49.9505,17.604,2891,545,539,2,2.395,1
49.9663,15.785,2892,545,539,2,2.474,1
49.9846,18.335,2893,545,539,2,2.325,1
50.0062,21.584,2894,545,538,2,2.295,1
50.0173,11.113,2895,545,538,2,2.164,1
50.0338,16.504,2896,545,537,2,2.055,1
50.0510,17.155,2897,545,537,2,2.579,1
50.0655,14.488,2898,545,537,2,2.015,1
50.0848,19.280,2899,545,536,2,2.423,1
50.0987,13.909,2900,545,536,2,1.999,1
50.1178,19.164,2901,545,535,2,2.514,1
50.1323,14.444,2902,545,535,2,2.489,1
50.1502,17.919,2903,545,535,2,2.195,1
50.1662,16.037,2904,545,534,2,2.475,1
50.1847,18.475,2905,545,534,2,2.522,1
50.1987,13.964,2906,545,534,2,2.012,1
50.2172,18.527,2907,545,534,2,2.136,1
50.2321,14.877,2908,545,534,2,2.003,1
50.2508,18.697,2909,545,534,2,2.719,1
50.2661,15.307,2910,545,533,2,2.022,1
50.2865,20.420,2911,545,533,2,2.460,1
50.3086,22.050,2912,545,532,2,3.596,1
50.3250,16.488,2913,545,531,2,2.809,1
50.3423,17.282,2914,545,530,2,3.662,1
50.3582,15.825,2915,545,528,2,2.131,1
50.3722,14.011,2916,545,527,2,2.933,1
50.3871,14.987,2917,545,525,2,2.548,1
50.3989,11.720,2918,545,522,2,2.003,1
50.4182,19.288,2919,545,519,2,2.204,1
50.4335,15.373,2920,545,516,2,2.119,1
50.4527,19.157,2921,545,513,2,2.366,1
50.4693,16.661,2922,545,509,2,2.186,1
50.4868,17.478,2923,545,506,2,2.498,1
50.4995,12.687,2924,545,502,2,2.025,1
50.5177,18.147,2925,545,498,2,2.487,1
50.5330,15.347,2926,545,494,2,2.071,1
50.5540,21.040,2927,545,490,2,2.615,1
50.5671,13.004,2928,545,487,2,1.989,1
50.5851,18.095,2929,545,483,2,2.539,1
50.5988,13.697,2930,545,481,2,1.968,1
50.6174,18.588,2931,545,479,2,2.523,1
50.6326,15.180,2932,545,477,2,2.342,1
50.6530,20.437,2933,545,476,2,2.480,1
50.6650,11.971,2934,545,476,2,1.961,1
50.6840,18.982,2935,545,476,2,2.659,1
50.7003,16.272,2936,545,476,2,2.347,1
50.7173,17.015,2937,545,476,2,2.653,1
50.7318,14.508,2938,545,476,2,2.069,1
50.7507,18.880,2939,545,476,2,2.112,1
50.7654,14.703,2940,545,476,2,1.982,1
50.7834,17.976,2941,545,476,2,2.034,1
50.7990,15.600,2942,545,476,2,2.357,1
50.8171,18.187,2943,545,476,2,2.529,1
50.8326,15.422,2944,545,476,2,2.032,1
50.8514,18.886,2945,545,476,2,2.529,1
50.8656,14.151,2946,545,476,2,2.382,1
50.8844,18.803,2947,545,476,2,2.864,1
50.8999,15.542,2948,545,477,2,1.964,1
50.9171,17.119,2949,545,477,2,2.319,1
50.9318,14.745,2950,545,477,2,2.077,1
50.9502,18.343,2951,545,478,2,2.031,1
50.9653,15.134,2952,545,478,2,1.968,1
50.9833,18.047,2953,545,478,2,2.058,1
50.9991,15.775,2954,545,478,2,2.377,1
51.0182,19.098,2955,545,479,2,2.251,1
51.0317,13.507,2956,545,479,2,1.967,1
51.0503,18.539,2957,545,479,2,2.137,1
51.0658,15.531,2958,545,479,2,2.368,1
51.0865,20.724,2959,545,479,2,2.525,1
51.0984,11.878,2960,545,479,2,1.972,1
51.1181,19.704,2961,545,479,2,2.555,1
51.1333,15.225,2962,545,479,2,2.297,1
51.1510,17.671,2963,545,481,2,2.350,1
51.1661,15.091,2964,545,484,2,2.395,1
51.1841,18.006,2965,545,488,2,2.073,1
51.1993,15.211,2966,545,493,2,1.975,1
51.2180,18.753,2967,545,498,2,2.519,1
51.2324,14.305,2968,545,504,2,1.978,1
51.2513,18.966,2969,545,511,2,2.556,1
51.2657,14.394,2970,545,518,2,2.014,1
51.2877,21.957,2971,545,524,2,2.922,1
51.3046,16.939,2972,545,530,2,2.895,1
51.3215,16.861,2973,545,534,2,2.320,1
51.3359,14.475,2974,545,538,2,2.151,1
51.3537,17.762,2975,545,541,2,2.491,1
51.3658,12.123,2976,545,542,2,2.238,1
51.3841,18.278,2977,545,542,2,2.179,1
51.3994,15.304,2978,545,541,2,2.019,1
51.4187,19.284,2979,545,541,2,3.247,1
51.4328,14.131,2980,545,539,2,2.021,1
51.4512,18.375,2981,545,538,2,2.165,1
51.4659,14.665,2982,545,537,2,2.022,1
51.4850,19.110,2983,545,537,2,2.611,1
51.4991,14.104,2984,545,536,2,1.997,1
51.5174,18.276,2985,545,536,2,2.110,1
51.5321,14.788,2986,545,536,2,2.019,1
51.5511,18.939,2987,545,536,2,2.521,1
51.5654,14.341,2988,545,536,2,2.000,1
51.5850,19.540,2989,545,536,2,2.598,1
51.5993,14.317,2990,545,536,2,2.420,1
51.6185,19.233,2991,545,536,2,2.241,1
51.6330,14.466,2992,545,536,2,2.061,1
51.6506,17.570,2993,545,536,2,2.219,1
51.6654,14.854,2994,545,536,2,2.031,1
51.6845,19.090,2995,545,536,2,2.376,1
51.6989,14.364,2996,545,536,2,2.001,1
51.7177,18.843,2997,545,536,2,2.613,1
51.7319,14.233,2998,545,536,2,1.998,1
51.7508,18.841,2999,545,536,2,2.591,1
51.7653,14.514,3000,545,536,2,2.016,1
51.7838,18.487,3001,545,536,2,2.545,1
51.7986,14.830,3002,545,536,2,2.017,1
51.8177,19.137,3003,545,536,2,2.590,1
51.8319,14.137,3004,545,536,2,1.990,1
51.8517,19.780,3005,545,536,2,2.115,1
51.8653,13.630,3006,545,536,2,2.024,1
51.8859,20.595,3007,545,536,2,2.692,1
51.8993,13.388,3008,545,536,2,2.113,1
51.9171,17.787,3009,545,536,2,2.157,1
51.9323,15.225,3010,545,536,2,2.080,1
51.9511,18.847,3011,545,536,2,2.450,1
51.9654,14.293,3012,545,536,2,2.011,1
51.9848,19.398,3013,545,536,2,2.579,1
51.9987,13.909,3014,545,536,2,2.001,1
52.0176,18.882,3015,545,536,2,2.614,1
52.0321,14.434,3016,545,536,2,1.999,1
52.0519,19.805,3017,545,536,2,2.592,1
52.0652,13.306,3018,545,536,2,2.017,1
52.0860,20.881,3019,545,536,2,2.448,1
52.0992,13.159,3020,545,536,2,2.007,1
52.1210,21.831,3021,545,536,2,2.501,1
52.1320,11.013,3022,545,536,2,2.078,1
52.1523,20.205,3023,545,536,2,2.181,1
52.1652,12.972,3024,545,536,2,2.051,1
52.1848,19.578,3025,545,536,2,2.196,1
52.1989,14.149,3026,545,536,2,1.997,1
52.2177,18.766,3027,545,536,2,2.558,1
52.2322,14.441,3028,545,536,2,2.003,1
52.2509,18.759,3029,545,536,2,2.566,1
52.2658,14.886,3030,545,536,2,2.428,1
52.2860,20.221,3031,545,536,2,2.522,1
52.3017,15.696,3032,545,537,2,2.217,1
52.3189,17.208,3033,545,537,2,2.320,1
52.3329,13.933,3034,545,538,2,2.013,1
52.3516,18.776,3035,545,539,2,2.500,1
52.3669,15.301,3036,545,540,2,2.084,1
52.3877,20.760,3037,545,541,2,2.349,1
52.3994,11.735,3038,545,542,2,2.131,1
52.4201,20.650,3039,545,542,2,2.571,1
52.4334,13.302,3040,545,541,2,2.033,1
52.4529,19.472,3041,545,540,2,2.636,1
52.4664,13.586,3042,545,537,2,2.024,1
52.4848,18.363,3043,545,532,2,2.442,1
52.4998,15.025,3044,545,527,2,2.430,1
52.5182,18.379,3045,545,521,2,2.538,1
52.5329,14.698,3046,545,515,2,2.405,1
52.5514,18.490,3047,545,508,2,2.551,1
52.5660,14.604,3048,545,502,2,1.982,1
52.5858,19.824,3049,545,496,2,2.136,1
52.5988,13.027,3050,545,490,2,1.983,1
52.6193,20.444,3051,545,486,2,3.018,1
52.6341,14.844,3052,545,482,2,1.966,1
52.6538,19.654,3053,545,480,2,3.192,1
52.6659,12.125,3054,545,479,2,2.030,1
52.6866,20.641,3055,545,479,2,2.505,1
52.6995,12.936,3056,545,479,2,1.976,1
52.7171,17.598,3057,545,479,2,2.541,1
52.7325,15.359,3058,545,479,2,2.344,1
52.7517,19.271,3059,545,479,2,2.483,1
52.7651,13.413,3060,545,479,2,1.981,1
52.7848,19.650,3061,545,478,2,2.556,1
52.7985,13.698,3062,545,478,2,1.960,1
52.8174,18.903,3063,545,478,2,2.516,1
52.8317,14.353,3064,545,478,2,1.961,1
52.8511,19.409,3065,545,477,2,2.182,1
52.8652,14.101,3066,545,477,2,2.007,1
52.8845,19.216,3067,545,477,2,2.540,1
52.8998,15.288,3068,545,476,2,1.969,1
52.9221,22.300,3069,545,476,2,2.696,1
52.9327,10.663,3070,545,476,2,1.978,1
52.9523,19.555,3071,545,476,2,2.108,1
52.9653,12.992,3072,545,476,2,2.032,1
52.9837,18.456,3073,545,476,2,2.157,1
52.9987,14.946,3074,545,476,2,1.961,1
53.0183,19.614,3075,545,476,2,3.153,1
53.0320,13.727,3076,545,476,2,1.965,1
53.0504,18.434,3077,545,476,2,2.205,1
53.0653,14.905,3078,545,476,2,1.977,1
53.0837,18.374,3079,545,476,2,2.225,1
53.0984,14.690,3080,545,476,2,2.005,1
53.1171,18.731,3081,545,476,2,2.123,1
53.1319,14.736,3082,545,476,2,1.966,1
53.1511,19.248,3083,545,476,2,2.484,1
53.1653,14.145,3084,545,476,2,1.973,1
53.1849,19.586,3085,545,477,2,2.143,1
53.1997,14.861,3086,545,479,2,2.362,1
53.2206,20.923,3087,545,481,2,2.510,1
53.2323,11.670,3088,545,483,2,1.970,1
53.2530,20.641,3089,545,486,2,2.119,1
53.2656,12.656,3090,545,489,2,1.971,1
53.2875,21.917,3091,545,493,2,2.956,1
53.3024,14.915,3092,545,497,2,2.419,1
53.3201,17.633,3093,545,500,2,2.068,1
53.3341,13.986,3094,545,504,2,2.105,1
53.3513,17.249,3095,545,508,2,2.081,1
53.3660,14.702,3096,545,511,2,2.027,1
53.3850,19.033,3097,545,514,2,2.532,1
53.3994,14.391,3098,545,517,2,1.993,1
53.4190,19.576,3099,545,520,2,2.472,1
53.4327,13.712,3100,545,523,2,1.993,1
53.4525,19.757,3101,545,525,2,2.216,1
53.4690,16.534,3102,545,527,2,2.100,1
53.4863,17.293,3103,545,528,2,2.207,1
53.4999,13.553,3104,545,530,2,2.005,1
53.5183,18.456,3105,545,531,2,2.330,1
53.5327,14.349,3106,545,532,2,2.011,1
53.5518,19.126,3107,545,533,2,2.531,1
53.5652,13.462,3108,545,533,2,2.042,1
53.5855,20.233,3109,545,534,2,2.231,1
53.5990,13.493,3110,545,534,2,1.999,1
53.6174,18.427,3111,545,534,2,2.164,1
53.6323,14.863,3112,545,534,2,2.000,1
53.6527,20.398,3113,545,534,2,2.564,1
53.6653,12.657,3114,545,534,2,2.010,1
53.6854,20.044,3115,545,535,2,2.797,1
53.7002,14.871,3116,545,535,2,2.012,1
53.7212,20.915,3117,545,535,2,2.391,1
53.7330,11.882,3118,545,535,2,2.211,1
53.7525,19.507,3119,545,536,2,2.183,1
53.7653,12.742,3120,545,536,2,2.060,1
53.7847,19.467,3121,545,537,2,2.234,1
53.7989,14.199,3122,545,537,2,2.138,1
53.8183,19.374,3123,545,538,2,2.150,1
53.8323,13.989,3124,545,538,2,2.045,1
53.8518,19.508,3125,545,538,2,2.609,1
53.8664,14.570,3126,545,539,2,2.057,1
53.8845,18.141,3127,545,539,2,2.579,1
53.8987,14.156,3128,545,539,2,2.001,1
53.9184,19.757,3129,545,540,2,2.521,1
53.9323,13.813,3130,545,540,2,2.012,1
53.9513,19.083,3131,545,540,2,2.188,1
53.9651,13.799,3132,545,540,2,2.005,1
53.9844,19.277,3133,545,540,2,2.600,1
53.9986,14.203,3134,545,540,2,2.006,1
54.0202,21.610,3135,545,540,2,2.785,1
54.0324,12.141,3136,545,540,2,2.001,1
54.0519,19.484,3137,545,540,2,2.647,1
54.0668,14.917,3138,545,540,2,2.354,1
54.0854,18.648,3139,545,540,2,3.158,1
54.0991,13.667,3140,545,540,2,2.130,1
54.1182,19.146,3141,545,539,2,2.179,1
54.1328,14.543,3142,545,538,2,2.054,1
54.1517,18.953,3143,545,537,2,2.151,1
54.1662,14.476,3144,545,536,2,2.042,1
54.1855,19.286,3145,545,535,2,2.390,1
54.2002,14.675,3146,545,533,2,2.007,1
54.2186,18.453,3147,545,531,2,2.605,1
54.2327,14.117,3148,545,529,2,1.998,1
54.2522,19.429,3149,545,527,2,2.610,1
54.2691,16.932,3150,545,524,2,2.315,1
54.2902,21.098,3151,545,522,2,2.673,1
54.3051,14.864,3152,545,519,2,2.475,1
54.3234,18.348,3153,545,516,2,2.438,1
54.3362,12.797,3154,545,512,2,2.656,1
54.3523,16.114,3155,545,509,2,2.139,1
54.3663,14.003,3156,545,506,2,1.996,1
54.3854,19.100,3157,545,503,2,2.148,1
54.3993,13.902,3158,545,500,2,1.968,1
54.4196,20.315,3159,545,497,2,2.527,1
54.4323,12.664,3160,545,495,2,1.977,1
54.4531,20.781,3161,545,493,2,2.545,1
54.4658,12.738,3162,545,492,2,1.993,1
54.4857,19.897,3163,545,491,2,2.153,1
54.5006,14.886,3164,545,491,2,1.989,1
54.5176,16.992,3165,545,490,2,2.290,1
54.5344,16.812,3166,545,490,2,2.173,1
54.5521,17.701,3167,545,489,2,2.108,1
54.5665,14.389,3168,545,488,2,2.447,1
54.5856,19.058,3169,545,486,2,2.225,1
54.5997,14.185,3170,545,484,2,1.967,1
54.6186,18.819,3171,545,481,2,2.180,1
54.6327,14.156,3172,545,478,2,1.960,1
54.6514,18.658,3173,545,474,2,2.430,1
54.6661,14.773,3174,545,469,2,1.964,1
54.6844,18.220,3175,545,464,2,2.098,1
54.6994,14.993,3176,545,458,2,1.962,1
54.7179,18.516,3177,545,452,2,2.187,1
54.7322,14.359,3178,545,446,2,1.939,1
54.7533,21.042,3179,545,440,2,2.390,1
54.7663,13.043,3180,545,434,2,1.937,1
54.7847,18.365,3181,545,434,2,2.246,1
54.8008,16.094,3182,545,434,2,2.175,1
54.8201,19.362,3183,545,434,2,2.696,1
54.8335,13.408,3184,545,434,2,1.990,1
54.8513,17.731,3185,545,434,2,2.620,1
54.8656,14.326,3186,545,434,2,1.953,1
54.8842,18.559,3187,545,434,2,2.293,1
54.9000,15.820,3188,545,434,2,1.932,1
54.9176,17.653,3189,545,434,2,2.449,1
54.9322,14.604,3190,545,434,2,2.361,1
54.9506,18.385,3191,545,434,2,2.022,1
54.9651,14.491,3192,545,434,2,1.982,1
54.9851,20.013,3193,545,434,2,2.383,1
54.9990,13.918,3194,545,434,2,1.956,1
55.0177,18.634,3195,545,434,2,2.407,1
55.0328,15.112,3196,545,434,2,2.242,1
55.0507,17.901,3197,545,434,2,2.383,1
55.0675,16.768,3198,545,434,2,2.071,1
55.0851,17.628,3199,545,434,2,2.285,1
55.0989,13.853,3200,545,434,2,1.957,1
55.1189,19.923,3201,545,434,2,2.362,1
55.1336,14.773,3202,545,434,2,1.978,1
55.1510,17.346,3203,545,434,2,2.492,1
55.1659,14.944,3204,545,437,2,1.956,1
55.1845,18.590,3205,545,443,2,2.399,1
55.1997,15.144,3206,545,449,2,1.948,1
55.2195,19.824,3207,545,455,2,2.066,1
55.2328,13.298,3208,545,461,2,1.953,1
55.2519,19.156,3209,545,467,2,2.257,1
55.2669,14.999,3210,545,471,2,1.962,1
55.2879,20.950,3211,545,476,2,2.408,1
55.3069,19.042,3212,545,479,2,2.413,1
55.3307,23.759,3213,545,483,2,2.302,1
55.3471,16.367,3214,545,485,2,3.730,1
55.3587,11.604,3215,545,487,2,1.969,1
55.3714,12.698,3216,545,489,2,2.129,1
55.3890,17.619,3217,545,490,2,2.356,1
55.4018,12.836,3218,545,490,2,2.141,1
55.4193,17.527,3219,545,491,2,2.061,1
55.4328,13.466,3220,545,491,2,1.998,1
55.4523,19.500,3221,545,492,2,2.179,1
55.4666,14.298,3222,545,494,2,1.999,1
55.4859,19.306,3223,545,497,2,2.488,1
55.5002,14.294,3224,545,501,2,2.029,1
55.5196,19.440,3225,545,505,2,2.711,1
55.5338,14.149,3226,545,510,2,2.153,1
55.5518,18.050,3227,545,515,2,2.145,1
55.5669,15.034,3228,545,520,2,2.154,1
55.5850,18.143,3229,545,525,2,2.122,1
55.6026,17.615,3230,545,529,2,2.570,1
55.6215,18.854,3231,545,533,2,2.715,1
55.6348,13.318,3232,545,536,2,2.456,1
55.6578,22.985,3233,545,539,2,3.313,1
55.6730,15.158,3234,545,540,2,2.057,1
55.6883,15.345,3235,545,541,2,2.178,1
55.7019,13.553,3236,545,542,2,2.191,1
55.7186,16.762,3237,545,542,2,2.140,1
55.7331,14.509,3238,545,541,2,2.093,1
55.7521,19.021,3239,545,541,2,2.245,1
55.7663,14.192,3240,545,540,2,2.025,1
55.7860,19.665,3241,545,539,2,2.272,1
55.8024,16.389,3242,545,538,2,2.700,1
55.8204,18.015,3243,545,537,2,2.566,1
55.8334,13.023,3244,545,537,2,2.021,1
55.8518,18.408,3245,545,536,2,2.566,1
55.8688,16.917,3246,545,536,2,2.639,1
55.8852,16.430,3247,545,536,2,2.216,1
55.8996,14.377,3248,545,536,2,2.037,1
55.9190,19.396,3249,545,536,2,3.018,1
55.9323,13.369,3250,545,536,2,2.014,1
55.9515,19.210,3251,545,536,2,2.594,1
55.9661,14.581,3252,545,536,2,2.009,1
55.9848,18.656,3253,545,536,2,2.105,1
55.9994,14.668,3254,545,536,2,2.008,1
56.0174,17.946,3255,545,536,2,2.324,1
56.0333,15.903,3256,545,536,2,2.179,1
56.0525,19.227,3257,545,536,2,2.371,1
56.0663,13.742,3258,545,536,2,2.014,1
56.0855,19.253,3259,545,536,2,2.709,1
56.1028,17.263,3260,545,536,2,2.173,1
56.1215,18.751,3261,545,536,2,2.014,1
56.1351,13.577,3262,545,536,2,2.191,1
56.1522,17.131,3263,545,536,2,2.166,1
56.1666,14.412,3264,545,536,2,2.066,1
56.1848,18.161,3265,545,536,2,2.221,1
56.1997,14.920,3266,545,536,2,2.040,1
56.2181,18.412,3267,545,536,2,2.175,1
56.2329,14.774,3268,545,536,2,2.011,1
56.2514,18.458,3269,545,536,2,2.243,1
56.2661,14.692,3270,545,536,2,2.041,1
56.2878,21.694,3271,545,536,2,2.981,1
56.3041,16.311,3272,545,536,2,2.813,1
56.3230,18.903,3273,545,536,2,2.116,1
56.3389,15.925,3274,545,536,2,2.114,1
56.3538,14.874,3275,545,536,2,2.053,1
56.3674,13.607,3276,545,536,2,2.041,1
56.3855,18.130,3277,545,536,2,2.576,1
56.4016,16.099,3278,545,536,2,2.098,1
56.4186,16.946,3279,545,536,2,2.153,1
56.4326,14.049,3280,545,536,2,2.003,1
56.4523,19.669,3281,545,536,2,2.579,1
56.4668,14.503,3282,545,536,2,2.063,1
56.4846,17.794,3283,545,536,2,2.511,1
56.5005,15.962,3284,545,536,2,2.081,1
56.5175,16.946,3285,545,536,2,2.173,1
56.5331,15.661,3286,545,536,2,2.005,1
56.5507,17.554,3287,545,536,2,2.110,1
56.5661,15.439,3288,545,536,2,2.011,1
56.5856,19.465,3289,545,536,2,2.369,1
56.5996,14.026,3290,545,536,2,2.030,1
56.6183,18.712,3291,545,536,2,2.586,1
56.6333,14.921,3292,545,536,2,2.144,1
56.6527,19.446,3293,545,536,2,2.032,1
56.6663,13.626,3294,545,536,2,2.053,1
56.6851,18.748,3295,545,536,2,2.197,1
56.7018,16.754,3296,545,536,2,2.499,1
56.7181,16.276,3297,545,536,2,2.300,1
56.7343,16.234,3298,545,536,2,2.580,1
56.7509,16.535,3299,545,536,2,2.177,1
56.7663,15.420,3300,545,536,2,2.202,1
56.7844,18.150,3301,545,536,2,2.086,1
56.7997,15.275,3302,545,536,2,2.009,1
56.8176,17.905,3303,545,536,2,2.092,1
56.8332,15.531,3304,545,536,2,2.001,1
56.8527,19.545,3305,545,536,2,2.596,1
56.8664,13.700,3306,545,536,2,2.035,1
56.8858,19.453,3307,545,536,2,2.415,1
56.8999,14.073,3308,545,536,2,2.034,1
56.9184,18.444,3309,545,536,2,2.097,1
56.9352,16.876,3310,545,536,2,2.385,1
56.9523,17.013,3311,545,536,2,2.362,1
56.9664,14.138,3312,545,536,2,2.064,1
56.9849,18.503,3313,545,536,2,2.292,1
56.9999,14.986,3314,545,536,2,2.034,1
57.0185,18.619,3315,545,536,2,2.591,1
57.0337,15.199,3316,545,536,2,2.481,1
57.0516,17.936,3317,545,536,2,2.530,1
57.0668,15.129,3318,545,536,2,2.472,1
57.0848,18.017,3319,545,536,2,2.554,1
57.1000,15.168,3320,545,536,2,2.040,1
57.1183,18.316,3321,545,536,2,2.234,1
57.1327,14.414,3322,545,536,2,2.005,1
57.1511,18.421,3323,545,536,2,2.152,1
57.1670,15.876,3324,545,536,2,2.456,1
57.1874,20.410,3325,545,536,2,2.674,1
57.2010,13.567,3326,545,536,2,2.052,1
57.2180,17.047,3327,545,536,2,2.278,1
57.2335,15.491,3328,545,536,2,2.046,1
57.2515,18.010,3329,545,536,2,2.160,1
57.2661,14.602,3330,545,536,2,2.186,1
57.2873,21.224,3331,545,536,2,2.747,1
57.3017,14.376,3332,545,536,2,2.318,1
57.3195,17.808,3333,545,536,2,2.597,1
57.3333,13.742,3334,545,536,2,2.051,1
57.3522,18.962,3335,545,536,2,2.107,1
57.3665,14.254,3336,545,536,2,2.007,1
57.3849,18.395,3337,545,536,2,2.427,1
57.3994,14.502,3338,545,536,2,1.998,1
57.4181,18.702,3339,545,536,2,2.542,1
57.4329,14.811,3340,545,536,2,2.004,1
57.4539,21.059,3341,545,536,2,2.052,1
57.4674,13.442,3342,545,536,2,2.111,1
57.4852,17.850,3343,545,536,2,2.531,1
57.4999,14.625,3344,545,536,2,2.044,1
57.5183,18.427,3345,545,536,2,2.263,1
57.5331,14.848,3346,545,536,2,2.070,1
57.5514,18.224,3347,545,536,2,2.144,1
57.5661,14.770,3348,545,536,2,2.022,1
57.5851,18.964,3349,545,536,2,2.549,1
57.5994,14.275,3350,545,536,2,2.040,1
57.6191,19.751,3351,545,536,2,2.516,1
57.6326,13.449,3352,545,536,2,2.005,1
57.6520,19.403,3353,545,536,2,2.221,1
57.6662,14.213,3354,545,536,2,2.035,1
57.6850,18.841,3355,545,536,2,2.913,1
57.6998,14.801,3356,545,536,2,2.224,1
57.7200,20.158,3357,545,536,2,2.070,1
57.7343,14.362,3358,545,536,2,2.158,1
57.7516,17.285,3359,545,536,2,2.140,1
57.7662,14.589,3360,545,536,2,2.021,1
57.7854,19.211,3361,545,536,2,2.558,1
57.8005,15.113,3362,545,536,2,2.552,1
57.8179,17.373,3363,545,536,2,2.132,1
57.8329,15.016,3364,545,536,2,2.020,1
57.8512,18.280,3365,545,536,2,2.556,1
57.8664,15.148,3366,545,536,2,2.023,1
57.8841,17.734,3367,545,536,2,2.096,1
57.8993,15.205,3368,545,536,2,2.007,1
57.9186,19.316,3369,545,536,2,2.333,1
57.9342,15.607,3370,545,536,2,2.383,1
57.9537,19.486,3371,545,536,2,2.654,1
57.9659,12.204,3372,545,536,2,2.034,1
57.9870,21.082,3373,545,536,2,2.526,1
57.9996,12.649,3374,545,536,2,2.036,1
58.0178,18.129,3375,545,536,2,2.065,1
58.0332,15.447,3376,545,536,2,2.105,1
58.0517,18.471,3377,545,536,2,2.310,1
58.0661,14.452,3378,545,536,2,2.047,1
58.0850,18.879,3379,545,536,2,2.593,1
58.1002,15.148,3380,545,536,2,2.000,1
58.1180,17.802,3381,545,536,2,2.171,1
58.1333,15.287,3382,545,536,2,2.597,1
58.1508,17.593,3383,545,536,2,2.567,1
58.1663,15.457,3384,545,536,2,2.299,1
58.1850,18.654,3385,545,536,2,2.345,1
58.2000,15.039,3386,545,536,2,2.236,1
58.2183,18.327,3387,545,536,2,2.489,1
58.2328,14.443,3388,545,536,2,2.006,1
58.2531,20.327,3389,545,536,2,2.523,1
58.2672,14.081,3390,545,536,2,2.020,1
58.2861,18.917,3391,545,536,2,2.113,1
58.3001,14.003,3392,545,536,2,2.448,1
58.3181,18.013,3393,545,536,2,2.160,1
58.3327,14.618,3394,545,536,2,2.092,1
58.3512,18.428,3395,545,536,2,2.258,1
58.3665,15.342,3396,545,536,2,2.617,1
58.3845,18.023,3397,545,536,2,2.109,1
58.3992,14.674,3398,545,536,2,2.036,1
58.4193,20.120,3399,545,536,2,2.438,1
58.4338,14.500,3400,545,536,2,2.509,1
58.4524,18.542,3401,545,536,2,2.124,1
58.4669,14.500,3402,545,536,2,2.095,1
58.4884,21.518,3403,545,536,2,2.397,1
58.4994,11.048,3404,545,536,2,2.300,1
58.5197,20.263,3405,545,536,2,2.551,1
58.5326,12.921,3406,545,536,2,2.409,1
58.5514,18.799,3407,545,536,2,2.513,1
58.5660,14.603,3408,545,536,2,2.026,1
58.5861,20.132,3409,545,536,2,3.241,1
58.5992,13.060,3410,545,536,2,2.029,1
58.6179,18.656,3411,545,536,2,2.151,1
58.6325,14.656,3412,545,536,2,2.054,1
58.6518,19.252,3413,545,536,2,2.109,1
58.6662,14.389,3414,545,536,2,2.253,1
58.6846,18.448,3415,545,536,2,2.410,1
58.7000,15.397,3416,545,536,2,2.367,1
58.7184,18.365,3417,545,536,2,2.179,1
58.7335,15.130,3418,545,536,2,2.123,1
58.7529,19.377,3419,545,536,2,2.148,1
58.7663,13.427,3420,545,536,2,2.462,1
58.7879,21.641,3421,545,536,2,2.470,1
58.8014,13.462,3422,545,536,2,2.530,1
58.8188,17.446,3423,545,536,2,2.135,1
58.8325,13.630,3424,545,536,2,2.155,1
58.8518,19.363,3425,545,536,2,2.300,1
58.8674,15.524,3426,545,536,2,2.357,1
58.8870,19.624,3427,545,536,2,2.554,1
58.9020,15.028,3428,545,536,2,2.515,1
58.9235,21.522,3429,545,536,2,2.744,1
58.9388,15.302,3430,545,536,2,2.195,1
58.9566,17.730,3431,545,536,2,2.470,1
58.9706,13.994,3432,545,536,2,2.144,1
58.9876,17.009,3433,545,536,2,2.437,1
59.0010,13.451,3434,545,536,2,2.161,1
59.0202,19.192,3435,545,536,2,2.566,1
59.0379,17.636,3436,545,536,2,2.084,1
59.0540,16.141,3437,545,536,2,2.024,1
59.0672,13.199,3438,545,536,2,2.070,1
59.0850,17.834,3439,545,536,2,2.091,1
59.0991,14.041,3440,545,536,2,2.117,1
59.1195,20.432,3441,545,536,2,2.278,1
59.1344,14.898,3442,545,536,2,2.579,1
59.1517,17.284,3443,545,536,2,2.417,1
59.1678,16.073,3444,545,536,2,2.819,1
59.1849,17.148,3445,545,536,2,2.288,1
59.1994,14.487,3446,545,536,2,2.550,1
59.2177,18.352,3447,545,536,2,2.128,1
59.2324,14.690,3448,545,536,2,2.239,1
59.2519,19.468,3449,545,536,2,2.151,1
59.2661,14.194,3450,545,536,2,2.078,1
59.2892,23.085,3451,545,536,2,2.468,1
59.3161,26.872,3452,545,536,2,4.292,1
59.3316,15.584,3453,545,536,2,2.420,1
59.3478,16.179,3454,545,536,2,3.676,1
59.3598,12.012,3455,545,536,2,1.998,1
59.3744,14.547,3456,545,536,2,2.144,1
59.3902,15.868,3457,545,536,2,2.008,1
59.4042,13.934,3458,545,536,2,2.071,1
59.4207,16.506,3459,545,536,2,2.014,1
59.4345,13.846,3460,545,536,2,2.256,1
59.4532,18.625,3461,545,536,2,2.663,1
59.4674,14.225,3462,545,536,2,2.208,1
59.4853,17.888,3463,545,536,2,2.669,1
59.4992,13.902,3464,545,536,2,2.324,1
59.5176,18.428,3465,545,536,2,2.307,1
59.5322,14.615,3466,545,536,2,2.379,1
59.5524,20.155,3467,545,536,2,2.559,1
59.5705,18.136,3468,545,536,2,2.115,1
59.5869,16.425,3469,545,536,2,2.164,1
59.5999,12.956,3470,545,536,2,2.290,1
59.6178,17.928,3471,545,536,2,2.293,1
59.6321,14.340,3472,545,536,2,2.398,1
59.6515,19.328,3473,545,536,2,2.492,1
59.6672,15.685,3474,545,536,2,2.498,1
59.6849,17.765,3475,545,536,2,3.102,1
59.6994,14.455,3476,545,536,2,2.542,1
59.7182,18.857,3477,545,536,2,2.313,1
59.7330,14.787,3478,545,536,2,2.950,1
59.7505,17.456,3479,545,536,2,2.260,1
59.7662,15.760,3480,545,536,2,2.479,1
59.7840,17.735,3481,545,536,2,2.287,1
59.7993,15.307,3482,545,536,2,2.400,1
59.8196,20.343,3483,545,536,2,2.553,1
59.8374,17.772,3484,545,536,2,2.093,1
59.8550,17.575,3485,545,536,2,2.003,1
59.8678,12.837,3486,545,536,2,2.256,1
59.8863,18.513,3487,545,536,2,2.677,1
59.8993,12.935,3488,545,536,2,2.379,1
59.9189,19.651,3489,545,536,2,2.917,1
59.9321,13.226,3490,545,536,2,2.410,1
59.9517,19.588,3491,545,536,2,3.059,1
59.9670,15.320,3492,545,536,2,2.631,1
59.9843,17.247,3493,545,536,2,2.641,1
59.9994,15.136,3494,545,536,2,3.104,1
60.0179,18.516,3495,545,536,2,2.410,1
60.0324,14.446,3496,545,536,2,2.451,1
60.0505,18.148,3497,545,536,2,2.399,1
60.0655,14.954,3498,545,536,2,2.500,1
60.0862,20.668,3499,545,536,2,2.575,1
60.1042,17.996,3500,545,536,2,2.159,1
60.1220,17.817,3501,545,536,2,2.577,1
60.1342,12.190,3502,545,536,2,2.264,1
60.1519,17.737,3503,545,536,2,2.348,1
60.1660,14.128,3504,545,536,2,2.483,1
60.1842,18.206,3505,545,536,2,2.329,1
60.1989,14.693,3506,545,536,2,2.511,1
60.2179,18.940,3507,545,536,2,2.694,1
60.2323,14.400,3508,545,536,2,2.487,1
60.2507,18.399,3509,545,536,2,2.537,1
60.2656,14.941,3510,545,536,2,2.504,1
60.2868,21.178,3511,545,536,2,2.550,1
60.3021,15.276,3512,545,536,2,2.272,1
60.3193,17.234,3513,545,536,2,2.103,1
60.3324,13.064,3514,545,536,2,2.460,1
60.3523,19.955,3515,545,536,2,3.026,1
60.3654,13.036,3516,545,536,2,2.404,1
60.3852,19.805,3517,545,536,2,2.468,1
60.3986,13.492,3518,545,536,2,2.409,1
60.4173,18.702,3519,545,536,2,3.072,1
60.4320,14.651,3520,545,536,2,2.421,1
60.4527,20.695,3521,545,536,2,2.974,1
60.4655,12.847,3522,545,536,2,2.424,1
60.4854,19.872,3523,545,536,2,3.295,1
60.5011,15.664,3524,545,536,2,2.485,1
60.5198,18.684,3525,545,536,2,2.566,1
60.5328,13.026,3526,545,536,2,2.580,1
60.5511,18.317,3527,545,536,2,2.369,1
60.5657,14.596,3528,545,536,2,2.788,1
60.5844,18.734,3529,545,536,2,2.235,1
60.5990,14.539,3530,545,536,2,2.408,1
60.6184,19.429,3531,545,536,2,2.364,1
60.6321,13.655,3532,545,536,2,2.395,1
60.6512,19.145,3533,545,536,2,2.846,1
60.6655,14.342,3534,545,536,2,2.420,1
60.6840,18.410,3535,545,536,2,2.490,1
60.6986,14.612,3536,545,536,2,2.262,1
60.7184,19.806,3537,545,536,2,2.236,1
60.7319,13.561,3538,545,536,2,2.319,1
60.7519,20.005,3539,545,536,2,2.689,1
60.7663,14.371,3540,545,536,2,2.918,1
60.7882,21.907,3541,545,536,2,3.296,1
60.8050,16.786,3542,545,536,2,2.587,1
60.8238,18.780,3543,545,536,2,2.624,1
60.8392,15.374,3544,545,536,2,2.105,1
60.8567,17.527,3545,545,536,2,2.263,1
60.8751,18.373,3546,545,536,2,2.908,1
60.8946,19.552,3547,545,536,2,2.396,1
60.9193,24.689,3548,545,536,2,3.209,1
60.9334,14.119,3549,545,536,2,3.140,1
60.9506,17.146,3550,545,536,2,3.495,1
60.9683,17.693,3551,545,536,2,2.494,1
60.9860,17.753,3552,545,536,2,3.531,1
60.9992,13.238,3553,545,536,2,2.515,1
61.0155,16.217,3554,545,536,2,2.963,1
61.0352,19.739,3555,545,536,2,2.394,1
61.0497,14.492,3556,545,536,2,2.701,1
61.0642,14.508,3557,545,536,2,2.249,1
61.0838,19.557,3558,545,536,2,3.301,1
61.0966,12.793,3559,545,536,2,2.043,1
61.1125,15.930,3560,545,536,2,3.150,1
61.1268,14.313,3561,545,536,2,2.257,1
61.1418,15.009,3562,545,536,2,2.653,1
61.1586,16.747,3563,545,536,2,2.074,1
61.1727,14.161,3564,545,536,2,2.287,1
61.1893,16.554,3565,545,536,2,2.434,1
61.2056,16.351,3566,545,536,2,2.472,1
61.2234,17.816,3567,545,536,2,2.130,1
61.2381,14.691,3568,545,536,2,2.196,1
61.2548,16.699,3569,545,536,2,2.012,1
61.2691,14.239,3570,545,536,2,2.454,1
61.2918,22.740,3571,545,536,2,2.803,1
61.3104,18.579,3572,545,536,2,3.071,1
61.3293,18.896,3573,545,536,2,2.195,1
61.3454,16.094,3574,545,536,2,2.916,1
61.3595,14.150,3575,545,536,2,2.034,1
61.3734,13.865,3576,545,536,2,2.272,1
61.3920,18.626,3577,545,536,2,1.992,1
61.4079,15.846,3578,545,536,2,2.393,1
61.4239,16.052,3579,545,536,2,2.132,1
61.4387,14.785,3580,545,536,2,2.327,1
61.4555,16.795,3581,545,536,2,2.296,1
61.4704,14.942,3582,545,536,2,2.961,1
61.4871,16.628,3583,545,536,2,2.207,1
61.5013,14.242,3584,545,536,2,3.366,1
61.5194,18.048,3585,545,536,2,3.097,1
61.5332,13.885,3586,545,536,2,2.476,1
61.5542,20.915,3587,545,536,2,2.930,1
61.5685,14.356,3588,545,536,2,2.758,1
61.5861,17.542,3589,545,536,2,2.520,1
61.6002,14.160,3590,545,536,2,2.550,1
61.6200,19.815,3591,545,536,2,3.726,1
61.6331,13.099,3592,545,536,2,2.464,1
61.6521,18.999,3593,545,536,2,3.134,1
61.6671,15.000,3594,545,536,2,2.462,1
61.6872,20.048,3595,545,536,2,3.209,1
61.7043,17.097,3596,545,536,2,2.419,1
61.7210,16.691,3597,545,536,2,2.168,1
61.7350,14.082,3598,545,536,2,3.418,1
61.7534,18.389,3599,545,536,2,2.320,1
61.7667,13.304,3600,545,536,2,2.649,1
61.7861,19.343,3601,545,536,2,2.972,1
61.8015,15.437,3602,545,536,2,3.108,1
61.8236,22.046,3603,545,536,2,2.744,1
61.8449,21.376,3604,545,536,2,3.130,1
61.8612,16.217,3605,545,536,2,2.042,1
61.8817,20.547,3606,545,536,2,3.049,1
61.8983,16.550,3607,545,536,2,2.108,1
61.9189,20.672,3608,545,536,2,3.773,1
61.9328,13.861,3609,545,536,2,2.291,1
61.9535,20.674,3610,545,536,2,3.892,1
61.9703,16.831,3611,545,536,2,3.882,1
61.9919,21.658,3612,545,536,2,2.128,1
62.0097,17.774,3613,545,536,2,2.155,1
62.0299,20.195,3614,545,536,2,2.126,1
62.0481,18.199,3615,545,536,2,3.166,1
62.0627,14.615,3616,545,536,2,2.251,1
62.0796,16.917,3617,545,536,2,3.278,1
62.0974,17.716,3618,545,536,2,2.096,1
62.1171,19.696,3619,545,536,2,3.846,1
62.1316,14.568,3620,545,536,2,2.075,1
62.1521,20.471,3621,545,536,2,3.688,1
62.1683,16.243,3622,545,536,2,2.890,1
62.1887,20.324,3623,545,536,2,2.198,1
62.2077,19.035,3624,545,536,2,3.029,1
62.2258,18.085,3625,545,536,2,2.122,1
62.2429,17.158,3626,545,536,2,2.188,1
62.2609,17.987,3627,545,536,2,2.267,1
62.2796,18.627,3628,545,536,2,2.465,1
62.2956,16.042,3629,545,536,2,2.043,1
62.3125,16.877,3630,545,536,2,3.030,1
62.3268,14.322,3631,545,536,2,1.998,1
62.3434,16.637,3632,545,536,2,2.600,1
62.3618,18.346,3633,545,536,2,2.086,1
62.3796,17.859,3634,545,536,2,2.889,1
62.4007,21.047,3635,545,536,2,2.332,1
62.4214,20.697,3636,545,536,2,3.678,1
62.4453,23.866,3637,545,536,2,3.742,1
62.4704,25.164,3638,545,536,2,3.862,1
62.4909,20.478,3639,545,536,2,2.378,1
62.5092,18.356,3640,545,536,2,2.976,1
62.5315,22.300,3641,545,536,2,2.565,1
62.5561,24.578,3642,545,536,2,4.207,1
62.5794,23.252,3643,545,536,2,2.949,1
62.6004,21.008,3644,545,536,2,2.921,1
62.6243,23.897,3645,545,536,2,2.757,1
62.6427,18.431,3646,545,536,2,2.309,1
62.6690,26.301,3647,545,536,2,3.113,1
62.6902,21.205,3648,545,536,2,2.582,1
62.7094,19.214,3649,545,536,2,2.500,1
62.7274,17.962,3650,545,536,2,2.113,1
62.7487,21.346,3651,545,536,2,3.350,1
62.7658,17.077,3652,545,536,2,2.146,1
62.7897,23.831,3653,545,536,2,3.255,1
62.8108,21.158,3654,545,536,2,2.657,1
62.8354,24.615,3655,545,536,2,2.965,1
62.8547,19.315,3656,545,536,2,2.294,1
62.8695,14.764,3657,545,536,2,3.102,1
62.8925,22.984,3658,545,536,2,2.186,1
62.9106,18.149,3659,545,536,2,2.844,1
62.9376,26.960,3660,545,536,2,3.317,1
62.9577,20.075,3661,545,536,2,2.312,1
62.9813,23.603,3662,545,536,2,3.361,1
62.9987,17.394,3663,545,536,2,2.333,1
63.0180,19.287,3664,545,536,2,2.810,1
63.0320,14.033,3665,545,536,2,2.058,1
63.0529,20.879,3666,545,536,2,3.543,1
63.0704,17.530,3667,545,536,2,2.754,1
63.0873,16.907,3668,545,536,2,2.352,1
63.1018,14.483,3669,545,536,2,2.923,1
63.1212,19.433,3670,545,536,2,2.402,1
63.1345,13.298,3671,545,536,2,2.500,1
63.1525,17.938,3672,545,536,2,2.790,1
63.1653,12.806,3673,545,536,2,2.017,1
63.1855,20.272,3674,545,536,2,3.211,1
63.2017,16.175,3675,545,536,2,2.034,1
63.2184,16.678,3676,545,536,2,3.118,1
63.2330,14.625,3677,545,536,2,2.314,1
63.2493,16.297,3678,545,536,2,2.568,1
63.2641,14.776,3679,545,536,2,2.316,1
63.2808,16.714,3680,545,536,2,3.546,1
63.2964,15.650,3681,545,536,2,2.175,1
63.3168,20.382,3682,545,536,2,3.162,1
63.3371,20.286,3683,545,536,2,2.417,1
63.3562,19.044,3684,545,536,2,2.754,1
63.3717,15.537,3685,545,536,2,2.743,1
63.3914,19.716,3686,545,536,2,2.397,1
63.4062,14.754,3687,545,536,2,2.596,1
63.4264,20.242,3688,545,536,2,2.099,1
63.4448,18.342,3689,545,536,2,3.148,1
63.4621,17.310,3690,545,536,2,2.270,1
63.4810,18.984,3691,545,536,2,3.378,1
63.4976,16.567,3692,545,536,2,2.108,1
63.5147,17.046,3693,545,536,2,3.586,1
63.5290,14.385,3694,545,536,2,2.034,1
63.5444,15.349,3695,545,536,2,2.785,1
63.5594,15.028,3696,545,536,2,2.076,1
63.5743,14.915,3697,545,536,2,2.983,1
63.5938,19.418,3698,545,536,2,2.178,1
63.6196,25.875,3699,545,536,2,3.244,1
63.6302,10.603,3700,545,536,2,2.001,1
63.6444,14.146,3701,545,536,2,2.395,1
63.6584,14.041,3702,545,536,2,2.037,1
63.6718,13.418,3703,545,536,2,2.662,1
63.6868,14.969,3704,545,536,2,2.827,1
63.6979,11.126,3705,545,536,2,2.223,1
63.7187,20.731,3706,545,536,2,3.597,1
63.7315,12.863,3707,545,536,2,2.010,1
63.7512,19.684,3708,545,536,2,2.585,1
63.7660,14.755,3709,545,536,2,2.090,1
63.7850,19.010,3710,545,536,2,2.543,1
63.7977,12.740,3711,545,536,2,2.078,1
63.8187,20.966,3712,545,536,2,2.775,1
63.8315,12.795,3713,545,536,2,2.054,1
63.8535,22.032,3714,545,536,2,2.866,1
63.8706,17.088,3715,545,536,2,2.951,1
63.8880,17.413,3716,545,536,2,3.199,1
63.9010,13.031,3717,545,536,2,2.047,1
63.9183,17.223,3718,545,536,2,2.735,1
63.9312,12.978,3719,545,536,2,2.432,1
63.9508,19.570,3720,545,536,2,2.190,1
63.9639,13.091,3721,545,536,2,2.159,1
63.9851,21.178,3722,545,536,2,3.264,1
63.9973,12.237,3723,545,536,2,2.014,1
64.0175,20.164,3724,545,536,2,2.784,1
64.0303,12.817,3725,545,536,2,2.017,1
64.0503,19.994,3726,545,536,2,2.182,1
64.0637,13.431,3727,545,536,2,2.003,1
64.0836,19.841,3728,545,536,2,2.254,1
64.0976,14.040,3729,545,536,2,2.442,1
64.1235,25.852,3730,545,536,2,3.126,1
64.1324,8.963,3731,545,536,2,2.453,1
64.1506,18.187,3732,545,536,2,2.220,1
64.1656,14.998,3733,545,536,2,2.111,1
64.1842,18.582,3734,545,536,2,2.266,1
64.1974,13.231,3735,545,536,2,2.268,1
64.2180,20.603,3736,545,536,2,2.290,1
64.2321,14.054,3737,545,536,2,2.079,1
64.2513,19.194,3738,545,536,2,2.689,1
64.2644,13.181,3739,545,536,2,2.111,1
64.2859,21.428,3740,545,536,2,2.910,1
64.3017,15.825,3741,545,536,2,2.787,1
64.3198,18.069,3742,545,536,2,3.441,1
64.3304,10.619,3743,545,536,2,2.012,1
64.3497,19.312,3744,545,536,2,2.195,1
64.3636,13.910,3745,545,536,2,2.007,1
64.3838,20.215,3746,545,536,2,2.647,1
64.3985,14.653,3747,545,536,2,2.020,1
64.4180,19.492,3748,545,536,2,2.437,1
64.4307,12.741,3749,545,536,2,2.436,1
64.4492,18.537,3750,545,536,2,2.212,1
64.4642,15.002,3751,545,536,2,2.630,1
64.4831,18.857,3752,545,536,2,2.202,1
64.4973,14.171,3753,545,536,2,2.098,1
64.5177,20.442,3754,545,536,2,2.918,1
64.5315,13.759,3755,545,536,2,1.997,1
64.5497,18.239,3756,545,536,2,2.170,1
64.5638,14.133,3757,545,536,2,2.005,1
64.5841,20.252,3758,545,536,2,2.632,1
64.5970,12.910,3759,545,536,2,2.081,1
64.6173,20.289,3760,545,536,2,3.088,1
64.6313,14.034,3761,545,536,2,2.053,1
64.6593,27.984,3762,545,536,2,3.108,1
64.6665,7.179,3763,545,536,2,2.379,1
64.6845,17.975,3764,545,536,2,3.446,1
64.6979,13.455,3765,545,536,2,2.436,1
64.7175,19.558,3766,545,536,2,2.376,1
64.7316,14.135,3767,545,536,2,2.246,1
64.7520,20.384,3768,545,536,2,2.591,1
64.7665,14.502,3769,545,536,2,2.221,1
64.7851,18.593,3770,545,536,2,3.019,1
64.7975,12.375,3771,545,536,2,2.137,1
64.8180,20.514,3772,545,536,2,2.530,1
64.8316,13.655,3773,545,536,2,2.124,1
64.8517,20.034,3774,545,536,2,2.489,1
64.8645,12.830,3775,545,536,2,2.498,1
64.8841,19.603,3776,545,536,2,2.401,1
64.8974,13.307,3777,545,536,2,2.072,1
64.9272,29.757,3778,545,536,2,3.441,1
64.9344,7.218,3779,545,536,2,2.826,1
64.9583,23.864,3780,545,536,2,2.552,1
64.9739,15.650,3781,545,536,2,2.078,1
64.9911,17.196,3782,545,536,2,2.012,1
65.0037,12.562,3783,545,536,2,2.786,1
65.0187,14.995,3784,545,536,2,2.360,1
65.0310,12.318,3785,545,536,2,2.015,1
65.0516,20.656,3786,545,536,2,3.203,1
65.0638,12.215,3787,545,536,2,2.022,1
65.0834,19.558,3788,545,536,2,2.685,1
65.0977,14.286,3789,545,536,2,2.436,1
65.1176,19.956,3790,545,537,2,2.395,1
65.1306,12.914,3791,545,537,2,2.011,1
65.1509,20.301,3792,545,538,2,2.602,1
65.1641,13.224,3793,545,539,2,2.021,1
65.1866,22.472,3794,545,540,2,2.718,1
65.2037,17.104,3795,545,541,2,2.719,1
65.2210,17.318,3796,545,542,2,2.922,1
65.2328,11.807,3797,545,542,2,2.120,1
65.2503,17.509,3798,545,542,2,2.263,1
65.2645,14.238,3799,545,541,2,2.150,1
65.2845,19.937,3800,545,539,2,2.264,1
65.2978,13.298,3801,545,537,2,2.052,1
65.3184,20.672,3802,545,533,2,2.668,1
65.3314,12.909,3803,545,529,2,2.012,1
65.3510,19.618,3804,545,525,2,2.203,1
65.3685,17.554,3805,545,520,2,2.071,1
65.3889,20.348,3806,545,514,2,3.089,1
65.4002,11.368,3807,545,509,2,2.467,1
65.4190,18.735,3808,545,504,2,2.918,1
65.4344,15.457,3809,545,499,2,2.378,1
65.4529,18.472,3810,545,495,2,2.772,1
65.4701,17.207,3811,545,493,2,2.346,1
65.4897,19.614,3812,545,491,2,3.372,1
65.5031,13.337,3813,545,491,2,2.354,1
65.5199,16.793,3814,545,490,2,2.190,1
65.5317,11.857,3815,545,490,2,1.992,1
65.5501,18.431,3816,545,489,2,2.098,1
65.5640,13.830,3817,545,487,2,1.979,1
65.5844,20.453,3818,545,485,2,2.494,1
65.5977,13.241,3819,545,483,2,1.972,1
65.6181,20.466,3820,545,480,2,2.638,1
65.6315,13.358,3821,545,476,2,1.982,1
65.6501,18.575,3822,545,471,2,2.150,1
65.6640,13.922,3823,545,466,2,1.963,1
65.6853,21.263,3824,545,460,2,2.235,1
65.6972,11.928,3825,545,454,2,1.961,1
65.7228,25.586,3826,545,447,2,2.902,1
65.7325,9.722,3827,545,441,2,2.189,1
65.7534,20.882,3828,545,434,2,2.715,1
65.7672,13.842,3829,545,434,2,1.996,1
65.7840,16.801,3830,545,434,2,2.079,1
65.7969,12.888,3831,545,434,2,2.169,1
65.8164,19.471,3832,545,434,2,2.081,1
65.8302,13.861,3833,545,434,2,1.946,1
65.8507,20.432,3834,545,434,2,2.662,1
65.8642,13.532,3835,545,434,2,1.965,1
65.8837,19.524,3836,545,434,2,2.519,1
65.8970,13.326,3837,545,434,2,1.949,1
65.9166,19.540,3838,545,434,2,2.188,1
65.9301,13.490,3839,545,434,2,1.940,1
65.9489,18.860,3840,545,434,2,2.072,1
65.9647,15.730,3841,545,434,2,1.926,1
65.9851,20.444,3842,545,434,2,2.820,1
65.9984,13.285,3843,545,434,2,2.311,1
66.0197,21.288,3844,545,434,2,2.310,1
66.0331,13.399,3845,545,434,2,2.298,1
66.0499,16.847,3846,545,434,2,2.215,1
66.0651,15.137,3847,545,434,2,2.319,1
66.0833,18.279,3848,545,434,2,2.153,1
66.0969,13.544,3849,545,434,2,2.030,1
66.1165,19.603,3850,545,434,2,2.198,1
66.1325,15.999,3851,545,434,2,1.990,1
66.1504,17.901,3852,545,434,2,2.664,1
66.1636,13.203,3853,545,434,2,1.984,1
66.1838,20.182,3854,545,439,2,2.175,1
66.1971,13.360,3855,545,444,2,2.014,1
66.2169,19.770,3856,545,450,2,2.136,1
66.2308,13.937,3857,545,455,2,1.959,1
66.2530,22.167,3858,545,461,2,3.439,1
66.2653,12.310,3859,545,466,2,1.971,1
66.2919,26.611,3860,545,470,2,2.665,1
66.3105,18.585,3861,545,474,2,3.501,1
66.3266,16.062,3862,545,478,2,2.028,1
66.3417,15.122,3863,545,481,2,2.660,1
66.3579,16.188,3864,545,483,2,2.823,1
66.3730,15.082,3865,545,486,2,3.138,1
66.3882,15.267,3866,545,487,2,3.029,1
66.4017,13.444,3867,545,489,2,2.511,1
66.4205,18.792,3868,545,490,2,2.612,1
66.4329,12.419,3869,545,490,2,2.034,1
66.4502,17.255,3870,545,491,2,2.108,1
66.4643,14.177,3871,545,491,2,2.003,1
66.4837,19.371,3872,545,491,2,2.220,1
66.4968,13.069,3873,545,491,2,1.988,1
66.5221,25.340,3874,545,491,2,2.950,1
66.5317,9.565,3875,545,491,2,1.990,1
66.5502,18.527,3876,545,491,2,2.417,1
66.5650,14.772,3877,545,491,2,2.297,1
66.5833,18.289,3878,545,491,2,2.561,1
66.5970,13.739,3879,545,491,2,2.131,1
66.6166,19.611,3880,545,491,2,2.100,1
66.6305,13.925,3881,545,491,2,1.984,1
66.6504,19.873,3882,545,491,2,2.882,1
66.6638,13.438,3883,545,491,2,1.981,1
66.6827,18.874,3884,545,491,2,2.151,1
66.6969,14.211,3885,545,491,2,1.983,1
66.7166,19.635,3886,545,491,2,2.297,1
66.7303,13.711,3887,545,491,2,1.975,1
66.7500,19.695,3888,545,491,2,2.487,1
66.7643,14.330,3889,545,491,2,2.064,1
66.7849,20.579,3890,545,491,2,2.892,1
66.8003,15.378,3891,545,491,2,2.231,1
66.8207,20.424,3892,545,491,2,2.930,1
66.8337,13.036,3893,545,491,2,2.152,1
66.8507,16.958,3894,545,491,2,2.317,1
66.8638,13.169,3895,545,491,2,2.009,1
66.8839,20.077,3896,545,491,2,2.242,1
66.8975,13.618,3897,545,491,2,2.111,1
66.9172,19.616,3898,545,492,2,2.348,1
66.9339,16.716,3899,545,493,2,2.489,1
66.9511,17.207,3900,545,495,2,2.608,1
66.9666,15.511,3901,545,497,2,2.015,1
66.9858,19.183,3902,545,500,2,2.197,1
66.9990,13.272,3903,545,503,2,1.979,1
67.0179,18.857,3904,545,506,2,2.462,1
67.0322,14.322,3905,545,509,2,2.415,1
67.0517,19.484,3906,545,512,2,2.788,1
67.0717,20.027,3907,545,515,2,2.285,1
67.0896,17.814,3908,545,518,2,2.678,1
67.1021,12.557,3909,545,521,2,2.122,1
67.1189,16.781,3910,545,524,2,2.179,1
67.1319,12.996,3911,545,527,2,2.018,1
67.1509,18.971,3912,545,529,2,2.621,1
67.1653,14.477,3913,545,531,2,2.059,1
67.1838,18.472,3914,545,533,2,2.145,1
67.1978,14.042,3915,545,535,2,2.010,1
67.2183,20.468,3916,545,536,2,2.582,1
67.2331,14.780,3917,545,537,2,2.067,1
67.2531,20.022,3918,545,538,2,2.231,1
67.2643,11.157,3919,545,539,2,2.016,1
67.2848,20.482,3920,545,539,2,2.452,1
67.2999,15.150,3921,545,540,2,2.640,1
67.3175,17.545,3922,545,540,2,3.124,1
67.3335,16.001,3923,545,540,2,2.084,1
67.3508,17.391,3924,545,540,2,2.688,1
67.3639,13.090,3925,545,540,2,2.037,1
67.3834,19.511,3926,545,540,2,2.185,1
67.3972,13.796,3927,545,540,2,2.013,1
67.4173,20.108,3928,545,540,2,2.934,1
67.4312,13.856,3929,545,540,2,2.038,1
67.4506,19.430,3930,545,540,2,2.281,1
67.4650,14.385,3931,545,540,2,2.022,1
67.4849,19.889,3932,545,539,2,2.788,1
67.4983,13.442,3933,545,539,2,2.048,1
67.5173,18.909,3934,545,539,2,2.331,1
67.5333,16.023,3935,545,538,2,2.452,1
67.5500,16.715,3936,545,538,2,2.517,1
67.5638,13.827,3937,545,538,2,2.110,1
67.5835,19.710,3938,545,537,2,2.246,1
67.5998,16.284,3939,545,537,2,2.072,1
67.6179,18.077,3940,545,536,2,2.953,1
67.6315,13.581,3941,545,536,2,2.016,1
67.6506,19.153,3942,545,535,2,2.169,1
67.6640,13.361,3943,545,535,2,2.022,1
67.6838,19.770,3944,545,535,2,2.216,1
67.6978,14.064,3945,545,535,2,2.477,1
67.7171,19.286,3946,545,534,2,3.460,1
67.7307,13.604,3947,545,534,2,2.002,1
67.7507,20.000,3948,545,534,2,2.719,1
67.7645,13.810,3949,545,534,2,2.515,1
67.7843,19.741,3950,545,534,2,2.673,1
67.7978,13.491,3951,545,534,2,2.534,1
67.8193,21.516,3952,545,533,2,2.993,1
67.8340,14.762,3953,545,532,2,2.060,1
67.8502,16.209,3954,545,532,2,2.154,1
67.8668,16.587,3955,545,530,2,2.055,1
67.8849,18.109,3956,545,529,2,2.765,1
67.8993,14.379,3957,545,527,2,2.007,1
67.9178,18.484,3958,545,526,2,2.308,1
67.9316,13.762,3959,545,523,2,2.000,1
67.9513,19.686,3960,545,521,2,2.521,1
67.9660,14.716,3961,545,518,2,2.019,1
67.9851,19.111,3962,545,515,2,2.283,1
67.9982,13.170,3963,545,511,2,2.007,1
68.0182,19.932,3964,545,508,2,2.930,1
68.0317,13.537,3965,545,504,2,2.020,1
68.0514,19.681,3966,545,500,2,2.508,1
68.0649,13.500,3967,545,496,2,2.357,1
68.0840,19.150,3968,545,492,2,2.209,1
68.1024,18.324,3969,545,488,2,2.232,1
68.1176,15.206,3970,545,485,2,2.631,1
68.1337,16.114,3971,545,482,2,2.048,1
68.1517,17.999,3972,545,480,2,2.774,1
68.1658,14.079,3973,545,478,2,2.062,1
68.1840,18.270,3974,545,477,2,2.150,1
68.1974,13.397,3975,545,476,2,2.023,1
68.2167,19.281,3976,545,476,2,2.227,1
68.2324,15.636,3977,545,476,2,1.955,1
68.2521,19.768,3978,545,476,2,2.196,1
68.2653,13.148,3979,545,476,2,1.993,1
68.2843,19.015,3980,545,476,2,2.608,1
68.2984,14.107,3981,545,476,2,2.079,1
68.3168,18.428,3982,545,476,2,2.281,1
68.3306,13.802,3983,545,476,2,2.091,1
68.3498,19.224,3984,545,476,2,2.358,1
68.3650,15.119,3985,545,476,2,2.389,1
68.3832,18.228,3986,545,476,2,2.202,1
68.3999,16.689,3987,545,476,2,2.032,1
68.4178,17.911,3988,545,476,2,2.582,1
68.4311,13.263,3989,545,476,2,1.988,1
68.4502,19.100,3990,545,477,2,2.203,1
68.4645,14.340,3991,545,477,2,1.971,1
68.4843,19.759,3992,545,477,2,2.260,1
68.4975,13.236,3993,545,478,2,1.990,1
68.5165,19.033,3994,545,478,2,2.418,1
68.5313,14.745,3995,545,478,2,2.302,1
68.5513,19.990,3996,545,478,2,2.905,1
68.5648,13.528,3997,545,479,2,2.083,1
68.5835,18.701,3998,545,479,2,2.227,1
68.5971,13.656,3999,545,479,2,2.003,1
68.6167,19.536,4000,545,479,2,2.141,1
68.6317,15.021,4001,545,479,2,2.021,1
68.6518,20.084,4002,545,479,2,2.210,1
68.6652,13.398,4003,545,479,2,1.988,1
68.6845,19.298,4004,545,480,2,2.623,1
68.6987,14.205,4005,545,482,2,1.981,1
68.7174,18.681,4006,545,486,2,2.213,1
68.7311,13.699,4007,545,490,2,1.980,1
68.7513,20.190,4008,545,495,2,2.217,1
68.7693,18.060,4009,545,501,2,2.251,1
68.7875,18.163,4010,545,508,2,2.024,1
68.8005,13.022,4011,545,514,2,2.407,1
68.8191,18.648,4012,545,521,2,2.878,1
68.8339,14.727,4013,545,527,2,2.480,1
68.8508,16.895,4014,545,532,2,2.185,1
68.8646,13.861,4015,545,536,2,2.022,1
68.8851,20.522,4016,545,540,2,2.437,1
68.9003,15.183,4017,545,541,2,2.033,1
68.9186,18.253,4018,545,542,2,2.950,1
68.9343,15.742,4019,545,542,2,2.199,1
68.9528,18.430,4020,545,541,2,2.734,1
68.9663,13.526,4021,545,540,2,2.069,1
68.9847,18.418,4022,545,539,2,2.386,1
69.0002,15.491,4023,545,538,2,2.143,1
69.0191,18.901,4024,545,537,2,2.365,1
69.0346,15.469,4025,545,537,2,2.322,1
69.0541,19.581,4026,545,536,2,2.340,1
69.0683,14.201,4027,545,536,2,2.349,1
69.0881,19.754,4028,545,536,2,2.726,1
69.1044,16.286,4029,545,536,2,2.218,1
69.1236,19.200,4030,545,536,2,2.426,1
69.1381,14.530,4031,545,536,2,2.054,1
69.1576,19.521,4032,545,536,2,2.469,1
69.1727,15.035,4033,545,536,2,2.590,1
69.1894,16.709,4034,545,536,2,2.666,1
69.2046,15.230,4035,545,536,2,2.265,1
69.2221,17.504,4036,545,536,2,2.070,1
69.2363,14.234,4037,545,536,2,2.222,1
69.2531,16.762,4038,545,536,2,2.314,1
69.2665,13.365,4039,545,536,2,2.501,1
69.2851,18.669,4040,545,536,2,2.511,1
69.3001,14.977,4041,545,536,2,2.455,1
69.3171,16.954,4042,545,536,2,3.302,1
69.3322,15.138,4043,545,536,2,2.411,1
69.3509,18.736,4044,545,536,2,2.644,1
69.3649,13.991,4045,545,536,2,2.032,1
69.3836,18.657,4046,545,536,2,2.227,1
69.3982,14.617,4047,545,536,2,2.000,1
69.4196,21.371,4048,545,536,2,2.137,1
69.4341,14.519,4049,545,536,2,2.494,1
69.4555,21.417,4050,545,536,2,2.595,1
69.4684,12.844,4051,545,536,2,2.196,1
69.4866,18.276,4052,545,536,2,2.414,1
69.5010,14.346,4053,545,536,2,2.557,1
69.5183,17.285,4054,545,536,2,2.469,1
69.5319,13.632,4055,545,536,2,2.432,1
69.5506,18.713,4056,545,536,2,2.276,1
69.5645,13.924,4057,545,536,2,2.245,1
69.5841,19.559,4058,545,536,2,2.413,1
69.5979,13.756,4059,545,536,2,2.082,1
69.6184,20.585,4060,545,536,2,2.776,1
69.6330,14.564,4061,545,536,2,2.485,1
69.6519,18.899,4062,545,536,2,2.564,1
69.6657,13.762,4063,545,536,2,2.016,1
69.6845,18.797,4064,545,536,2,2.388,1
69.7056,21.130,4065,545,536,2,2.899,1
69.7193,13.700,4066,545,536,2,2.123,1
69.7359,16.594,4067,545,536,2,2.174,1
69.7552,19.344,4068,545,536,2,2.599,1
69.7690,13.808,4069,545,536,2,2.430,1
69.7860,16.978,4070,545,536,2,2.183,1
69.8000,14.017,4071,545,536,2,2.009,1
69.8185,18.497,4072,545,536,2,2.624,1
69.8326,14.085,4073,545,537,2,2.088,1
69.8518,19.181,4074,545,537,2,2.963,1
69.8665,14.655,4075,545,538,2,2.026,1
69.8852,18.762,4076,545,539,2,2.617,1
69.9007,15.519,4077,545,540,2,2.110,1
69.9190,18.274,4078,545,541,2,2.417,1
69.9341,15.069,4079,545,542,2,2.568,1
69.9517,17.619,4080,545,542,2,2.326,1
69.9666,14.912,4081,545,541,2,2.065,1
69.9875,20.847,4082,545,540,2,2.653,1
70.0016,14.103,4083,545,537,2,2.219,1
70.0213,19.755,4084,545,532,2,3.168,1
70.0348,13.496,4085,545,527,2,2.132,1
70.0517,16.862,4086,545,521,2,2.305,1
70.0656,13.884,4087,545,515,2,2.477,1
70.0853,19.792,4088,545,508,2,2.339,1
70.1001,14.779,4089,545,502,2,1.989,1
70.1191,19.023,4090,545,496,2,2.604,1
70.1333,14.152,4091,545,490,2,2.531,1
70.1519,18.567,4092,545,486,2,2.356,1
70.1664,14.487,4093,545,482,2,2.029,1
70.1853,18.974,4094,545,480,2,2.063,1
70.2004,15.058,4095,545,479,2,2.008,1
70.2172,16.819,4096,545,479,2,2.270,1
70.2338,16.585,4097,545,479,2,2.042,1
70.2509,17.156,4098,545,479,2,2.328,1
70.2680,17.025,4099,545,479,2,2.078,1
70.2876,19.623,4100,545,479,2,2.851,1
70.3019,14.274,4101,545,479,2,2.323,1
70.3201,18.283,4102,545,478,2,2.181,1
70.3354,15.248,4103,545,478,2,2.552,1
70.3567,21.276,4104,545,478,2,2.996,1
70.3744,17.765,4105,545,478,2,2.503,1
70.3974,22.943,4106,545,477,2,3.383,1
70.4180,20.648,4107,545,477,2,3.645,1
70.4384,20.387,4108,545,477,2,2.941,1
70.4647,26.242,4109,545,476,2,5.277,1
70.4833,18.613,4110,545,476,2,2.376,1
70.4972,13.962,4111,545,476,2,2.021,1
70.5144,17.118,4112,545,476,2,3.254,1
70.5317,17.388,4113,545,476,2,2.068,1
70.5488,17.081,4114,545,476,2,2.893,1
70.5648,15.954,4115,545,476,2,2.100,1
70.5816,16.799,4116,545,476,2,3.576,1
70.5967,15.101,4117,545,476,2,2.534,1
70.6125,15.814,4118,545,476,2,4.279,1
70.6289,16.363,4119,545,476,2,2.820,1
70.6455,16.601,4120,545,476,2,3.495,1
70.6621,16.668,4121,545,476,2,2.182,1
70.6769,14.824,4122,545,476,2,3.099,1
70.6933,16.406,4123,545,476,2,2.907,1
70.7093,15.993,4124,545,477,2,2.662,1
70.7243,14.945,4125,545,478,2,2.135,1
70.7375,13.170,4126,545,480,2,2.306,1
70.7546,17.120,4127,545,482,2,2.317,1
70.7694,14.851,4128,545,485,2,2.085,1
70.7892,19.804,4129,545,488,2,2.044,1
70.8040,14.786,4130,545,492,2,2.158,1
70.8206,16.616,4131,545,495,2,2.141,1
70.8352,14.564,4132,545,499,2,2.068,1
70.8525,17.294,4133,545,503,2,2.239,1
70.8663,13.851,4134,545,506,2,2.092,1
70.8851,18.725,4135,545,510,2,2.341,1
70.8998,14.763,4136,545,513,2,2.087,1
70.9179,18.075,4137,545,516,2,2.146,1
70.9321,14.234,4138,545,518,2,2.013,1
70.9528,20.660,4139,545,521,2,2.817,1
70.9678,15.028,4140,545,523,2,2.071,1
70.9857,17.873,4141,545,525,2,2.246,1
70.9995,13.806,4142,545,527,2,2.049,1
71.0209,21.421,4143,545,528,2,3.301,1
71.0383,17.370,4144,545,530,2,2.590,1
71.0597,21.438,4145,545,531,2,2.499,1
71.0730,13.298,4146,545,532,2,2.054,1
71.0912,18.143,4147,545,533,2,2.035,1
71.1038,12.577,4148,545,533,2,2.138,1
71.1217,17.897,4149,545,534,2,2.105,1
71.1346,12.958,4150,545,534,2,2.174,1
71.1521,17.529,4151,545,534,2,2.122,1
71.1657,13.599,4152,545,534,2,2.055,1
71.1835,17.714,4153,545,534,2,2.176,1
71.1985,15.040,4154,545,534,2,2.021,1
71.2188,20.305,4155,545,535,2,2.616,1
71.2328,13.992,4156,545,535,2,2.042,1
71.2517,18.939,4157,545,535,2,2.764,1
71.2655,13.726,4158,545,535,2,2.429,1
71.2888,23.359,4159,545,536,2,3.154,1
71.3095,20.667,4160,545,536,2,2.976,1
71.3313,21.797,4161,545,537,2,2.599,1
71.3509,19.582,4162,545,537,2,4.205,1
71.3665,15.640,4163,545,538,2,2.227,1
71.3833,16.844,4164,545,538,2,3.153,1
71.3993,15.992,4165,545,538,2,2.285,1
71.4197,20.408,4166,545,539,2,3.576,1
71.4344,14.686,4167,545,539,2,2.451,1
71.4540,19.560,4168,545,539,2,2.348,1
71.4721,18.138,4169,545,540,2,2.263,1
71.4916,19.502,4170,545,540,2,2.551,1
71.5127,21.109,4171,545,540,2,4.160,1
71.5271,14.315,4172,545,540,2,2.305,1
71.5414,14.357,4173,545,540,2,2.848,1
71.5614,19.990,4174,545,540,2,2.564,1
71.5723,10.892,4175,545,540,2,2.824,1
71.5937,21.455,4176,545,540,2,2.822,1
71.6084,14.647,4177,545,540,2,2.430,1
71.6271,18.678,4178,545,540,2,2.514,1
71.6483,21.231,4179,545,539,2,2.788,1
71.6643,15.950,4180,545,539,2,2.793,1
71.6826,18.379,4181,545,538,2,3.244,1
71.6951,12.450,4182,545,536,2,2.561,1
71.7102,15.129,4183,545,535,2,2.659,1
71.7244,14.175,4184,545,533,2,2.032,1
71.7380,13.658,4185,545,532,2,2.144,1
71.7555,17.422,4186,545,530,2,2.049,1
71.7712,15.738,4187,545,527,2,2.199,1
71.7881,16.889,4188,545,525,2,2.148,1
71.8034,15.263,4189,545,522,2,2.687,1
71.8208,17.453,4190,545,519,2,2.514,1
71.8383,17.488,4191,545,516,2,2.267,1
71.8576,19.290,4192,545,513,2,2.033,1
71.8713,13.682,4193,545,510,2,2.251,1
71.8893,18.034,4194,545,507,2,2.467,1
71.9030,13.697,4195,545,504,2,2.276,1
71.9214,18.429,4196,545,501,2,2.330,1
71.9365,15.103,4197,545,498,2,2.194,1
71.9541,17.583,4198,545,496,2,2.184,1
71.9691,14.993,4199,545,494,2,2.107,1
71.9865,17.438,4200,545,492,2,2.090,1
72.0001,13.519,4201,545,491,2,1.987,1
72.0167,16.685,4202,545,491,2,2.590,2
72.0304,13.682,4203,545,491,2,2.015,2
72.0513,20.830,4204,545,490,2,2.577,2
72.0648,13.562,4205,545,490,2,2.062,2
72.0844,19.622,4206,545,489,2,2.336,2
72.1023,17.834,4207,545,487,2,2.654,2
72.1218,19.509,4208,545,486,2,2.019,2
72.1361,14.288,4209,545,484,2,2.120,2
72.1538,17.675,4210,545,481,2,2.684,2
72.1682,14.406,4211,545,477,2,2.148,2
72.1852,17.040,4212,545,473,2,2.188,2
72.1990,13.772,4213,545,469,2,1.958,2
72.2165,17.488,4214,545,463,2,2.240,2
72.2300,13.498,4215,545,458,2,2.565,2
72.2506,20.656,4216,545,452,2,2.840,2
72.2634,12.788,4217,545,447,2,2.776,2
72.2866,23.238,4218,545,440,2,2.853,2
72.3032,16.542,4219,545,434,2,2.445,2
72.3232,20.009,4220,545,434,2,2.411,2
72.3394,16.227,4221,545,434,2,2.026,2
72.3596,20.216,4222,545,434,2,2.205,2
72.3699,10.287,4223,545,434,2,2.244,2
72.3883,18.421,4224,545,434,2,1.959,2
72.4020,13.655,4225,545,434,2,2.316,2
72.4188,16.813,4226,545,434,2,2.860,2
72.4320,13.221,4227,545,434,2,1.931,2
72.4492,17.206,4228,545,434,2,2.376,2
72.4623,13.042,4229,545,434,2,2.183,2
72.4825,20.213,4230,545,434,2,2.306,2
72.4960,13.519,4231,545,434,2,2.774,2
72.5152,19.147,4232,545,434,2,2.128,2
72.5293,14.158,4233,545,434,2,2.605,2
72.5498,20.538,4234,545,434,2,2.755,2
72.5626,12.776,4235,545,434,2,2.062,2
72.5823,19.647,4236,545,434,2,2.143,2
72.5961,13.867,4237,545,434,2,2.174,2
72.6159,19.805,4238,545,434,2,2.228,2
72.6302,14.297,4239,545,434,2,2.375,2
72.6492,18.965,4240,545,434,2,2.125,2
72.6622,12.949,4241,545,434,2,2.310,2
72.6827,20.534,4242,545,434,2,2.825,2
72.6960,13.273,4243,545,436,2,2.531,2
72.7161,20.121,4244,545,442,2,2.298,2
72.7310,14.898,4245,545,449,2,2.355,2
72.7495,18.510,4246,545,455,2,2.395,2
72.7628,13.317,4247,545,461,2,2.541,2
72.7832,20.412,4248,545,466,2,2.245,2
72.7977,14.487,4249,545,471,2,2.239,2
72.8163,18.560,4250,545,475,2,2.528,2
72.8301,13.876,4251,545,479,2,2.403,2
72.8492,19.026,4252,545,482,2,2.303,2
72.8628,13.607,4253,545,485,2,2.461,2
72.8823,19.487,4254,545,487,2,2.248,2
72.8959,13.638,4255,545,488,2,2.306,2
72.9174,21.496,4256,545,489,2,2.996,2
72.9338,16.417,4257,545,490,2,2.048,2
72.9508,16.939,4258,545,491,2,2.711,2
72.9643,13.557,4259,545,491,2,2.185,2
72.9823,17.966,4260,545,491,2,2.337,2
72.9972,14.965,4261,545,493,2,2.371,2
73.0164,19.157,4262,545,496,2,2.287,2
73.0300,13.631,4263,545,500,2,3.132,2
73.0505,20.487,4264,545,505,2,2.396,2
73.0643,13.746,4265,545,510,2,2.111,2
73.0831,18.825,4266,545,514,2,3.201,2
73.0980,14.947,4267,545,519,2,2.126,2
73.1172,19.206,4268,545,524,2,3.077,2
73.1305,13.244,4269,545,529,2,2.355,2
73.1495,19.021,4270,545,532,2,2.268,2
73.1644,14.931,4271,545,536,2,2.509,2
73.1858,21.341,4272,545,538,2,2.442,2
73.1980,12.188,4273,545,540,2,2.273,2
73.2182,20.193,4274,545,541,2,3.103,2
73.2304,12.276,4275,545,542,2,2.363,2
73.2499,19.511,4276,545,542,2,2.702,2
73.2649,14.913,4277,545,541,2,2.539,2
73.2847,19.841,4278,545,541,2,2.650,2
73.3013,16.582,4279,545,540,2,2.368,2
73.3201,18.840,4280,545,539,2,2.718,2
73.3347,14.560,4281,545,538,2,2.090,2
73.3515,16.802,4282,545,537,2,2.686,2
73.3644,12.895,4283,545,537,2,2.340,2
73.3826,18.219,4284,545,536,2,2.491,2
73.3958,13.219,4285,545,536,2,2.446,2
73.4157,19.841,4286,545,536,2,2.657,2
73.4292,13.581,4287,545,536,2,2.490,2
73.4498,20.532,4288,545,536,2,2.287,2
73.4632,13.429,4289,545,536,2,2.890,2
73.4834,20.219,4290,545,536,2,2.633,2
73.4970,13.587,4291,545,536,2,2.571,2
73.5156,18.616,4292,545,536,2,3.024,2
73.5292,13.616,4293,545,536,2,2.516,2
73.5488,19.532,4294,545,536,2,3.098,2
73.5626,13.800,4295,545,536,2,2.476,2
73.5827,20.170,4296,545,536,2,2.342,2
73.5958,13.080,4297,545,536,2,2.489,2
73.6149,19.098,4298,545,536,2,3.472,2
73.6296,14.693,4299,545,536,2,2.722,2
73.6492,19.550,4300,545,536,2,2.610,2
73.6623,13.103,4301,545,536,2,2.506,2
73.6835,21.244,4302,545,536,2,2.910,2
73.6957,12.200,4303,545,536,2,2.494,2
73.7173,21.594,4304,545,536,2,3.245,2
73.7333,16.017,4305,545,536,2,2.371,2
73.7495,16.230,4306,545,536,2,2.729,2
73.7632,13.687,4307,545,536,2,2.960,2
73.7828,19.570,4308,545,536,2,2.889,2
73.7968,14.011,4309,545,536,2,2.517,2
73.8161,19.317,4310,545,536,2,2.808,2
73.8295,13.381,4311,545,536,2,2.853,2
73.8499,20.429,4312,545,536,2,2.672,2
73.8630,13.031,4313,545,536,2,2.841,2
73.8827,19.690,4314,545,536,2,2.552,2
73.8959,13.276,4315,545,536,2,2.457,2
73.9160,20.082,4316,545,536,2,2.522,2
73.9293,13.269,4317,545,536,2,2.449,2
73.9485,19.231,4318,545,536,2,2.698,2
73.9625,13.974,4319,545,536,2,2.429,2
73.9844,21.907,4320,545,536,2,2.972,2
73.9964,12.024,4321,545,536,2,2.543,2
74.0171,20.704,4322,545,536,2,2.724,2
74.0290,11.872,4323,545,536,2,2.337,2
74.0494,20.431,4324,545,536,2,2.721,2
74.0639,14.494,4325,545,536,2,2.882,2
74.0819,17.944,4326,545,536,2,3.356,2
74.0976,15.680,4327,545,536,2,2.985,2
74.1169,19.319,4328,545,536,2,2.965,2
74.1312,14.284,4329,545,536,2,2.872,2
74.1495,18.376,4330,545,536,2,2.780,2
74.1640,14.494,4331,545,536,2,2.781,2
74.1828,18.797,4332,545,536,2,2.822,2
74.1976,14.778,4333,545,536,2,2.495,2
74.2163,18.715,4334,545,536,2,3.028,2
74.2355,19.210,4335,545,536,2,2.782,2
74.2485,13.024,4336,545,536,2,3.645,2
74.2666,18.017,4337,545,536,2,2.096,2
74.2862,19.651,4338,545,536,2,2.663,2
74.3022,15.933,4339,545,536,2,2.605,2
74.3206,18.485,4340,545,536,2,2.121,2
74.3345,13.875,4341,545,536,2,2.109,2
74.3508,16.308,4342,545,536,2,2.147,2
74.3656,14.760,4343,545,536,2,2.289,2
74.3829,17.326,4344,545,536,2,2.924,2
74.3970,14.056,4345,545,536,2,2.556,2
74.4155,18.541,4346,545,536,2,3.279,2
74.4295,13.970,4347,545,536,2,2.817,2
74.4495,20.055,4348,545,536,2,3.036,2
74.4623,12.742,4349,545,536,2,2.271,2
74.4819,19.656,4350,545,536,2,3.665,2
74.4960,14.053,4351,545,536,2,2.457,2
74.5167,20.766,4352,545,536,2,2.648,2
74.5342,17.464,4353,545,536,2,2.596,2
74.5498,15.638,4354,545,536,2,2.383,2
74.5636,13.797,4355,545,536,2,2.721,2
74.5825,18.809,4356,545,536,2,3.293,2
74.5959,13.464,4357,545,536,2,2.581,2
74.6159,19.955,4358,545,536,2,3.128,2
74.6300,14.153,4359,545,536,2,2.805,2
74.6499,19.912,4360,545,536,2,2.926,2
74.6629,12.930,4361,545,536,2,2.496,2
74.6825,19.674,4362,545,536,2,2.614,2
74.6954,12.901,4363,545,536,2,2.174,2
74.7151,19.616,4364,545,536,2,3.564,2
74.7289,13.797,4365,545,536,2,2.183,2
74.7490,20.125,4366,545,536,2,2.703,2
74.7628,13.785,4367,545,536,2,2.722,2
74.7852,22.421,4368,545,536,2,3.436,2
74.7955,10.340,4369,545,536,2,2.159,2
74.8165,20.949,4370,545,536,2,3.468,2
74.8289,12.476,4371,545,536,2,2.183,2
74.8489,19.938,4372,545,536,2,2.481,2
74.8618,12.940,4373,545,536,2,2.032,2
74.8831,21.231,4374,545,536,2,2.784,2
74.8953,12.204,4375,545,536,2,2.119,2
74.9166,21.371,4376,545,536,2,3.430,2
74.9297,13.032,4377,545,536,2,2.751,2
74.9487,18.986,4378,545,536,2,3.771,2
74.9653,16.606,4379,545,536,2,2.949,2
74.9827,17.463,4380,545,536,2,2.900,2
74.9974,14.664,4381,545,536,2,2.665,2
75.0149,17.553,4382,545,536,2,3.065,2
75.0350,20.107,4383,545,536,2,2.801,2
75.0497,14.634,4384,545,536,2,3.116,2
75.0677,18.005,4385,545,536,2,2.160,2
75.0842,16.501,4386,545,536,2,2.287,2
75.0968,12.622,4387,545,536,2,2.367,2
75.1155,18.687,4388,545,536,2,3.729,2
75.1294,13.883,4389,545,536,2,2.213,2
75.1501,20.712,4390,545,536,2,2.725,2
75.1635,13.387,4391,545,536,2,2.462,2
75.1823,18.848,4392,545,536,2,3.933,2
75.1952,12.904,4393,545,536,2,2.014,2
75.2164,21.192,4394,545,536,2,2.955,2
75.2285,12.061,4395,545,536,2,2.020,2
75.2492,20.714,4396,545,536,2,2.780,2
75.2621,12.855,4397,545,536,2,2.004,2
75.2863,24.294,4398,545,536,2,2.509,2
75.3043,17.927,4399,545,536,2,2.319,2
75.3257,21.379,4400,545,536,2,2.557,2
75.3393,13.691,4401,545,536,2,2.047,2
75.3556,16.280,4402,545,536,2,2.489,2
75.3683,12.701,4403,545,536,2,2.159,2
75.3859,17.618,4404,545,536,2,2.375,2
75.3988,12.890,4405,545,536,2,2.390,2
75.4163,17.502,4406,545,536,2,3.151,2
75.4292,12.852,4407,545,536,2,2.197,2
75.4487,19.484,4408,545,536,2,2.823,2
75.4626,13.914,4409,545,536,2,2.526,2
75.4835,20.889,4410,545,536,2,2.751,2
75.4956,12.132,4411,545,536,2,2.015,2
75.5150,19.360,4412,545,536,2,3.534,2
75.5287,13.756,4413,545,536,2,2.007,2
75.5494,20.652,4414,545,536,2,3.316,2
75.5622,12.785,4415,545,536,2,2.055,2
75.5828,20.601,4416,545,536,2,2.859,2
75.5953,12.531,4417,545,536,2,2.024,2
75.6148,19.500,4418,545,536,2,3.233,2
75.6284,13.604,4419,545,536,2,2.010,2
75.6480,19.559,4420,545,536,2,3.407,2
75.6617,13.741,4421,545,536,2,2.053,2
75.6822,20.476,4422,545,536,2,3.182,2
75.6950,12.825,4423,545,536,2,2.147,2
75.7160,21.008,4424,545,536,2,2.723,2
75.7285,12.548,4425,545,536,2,2.026,2
75.7493,20.709,4426,545,536,2,3.015,2
75.7624,13.169,4427,545,536,2,2.006,2
75.7819,19.437,4428,545,536,2,3.175,2
75.7949,13.027,4429,545,536,2,2.017,2
75.8158,20.949,4430,545,536,2,3.342,2
75.8292,13.373,4431,545,536,2,2.011,2
75.8495,20.272,4432,545,536,2,3.368,2
75.8615,12.050,4433,545,536,2,1.987,2
75.8823,20.744,4434,545,536,2,3.132,2
75.8951,12.795,4435,545,536,2,2.028,2
75.9159,20.846,4436,545,536,2,3.242,2
75.9312,15.316,4437,545,536,2,2.859,2
75.9499,18.675,4438,545,536,2,3.354,2
75.9633,13.393,4439,545,536,2,2.628,2
75.9824,19.105,4440,545,536,2,3.036,2
75.9956,13.185,4441,545,536,2,2.077,2
76.0150,19.358,4442,545,536,2,3.293,2
76.0284,13.437,4443,545,536,2,1.998,2
76.0484,19.966,4444,545,536,2,2.900,2
76.0616,13.240,4445,545,536,2,2.006,2
76.0824,20.783,4446,545,536,2,2.715,2
76.0958,13.418,4447,545,536,2,2.028,2
76.1173,21.458,4448,545,536,2,3.107,2
76.1324,15.111,4449,545,536,2,2.466,2
76.1494,17.019,4450,545,536,2,3.293,2
76.1645,15.094,4451,545,536,2,2.497,2
76.1833,18.825,4452,545,536,2,3.281,2
76.1956,12.282,4453,545,536,2,2.439,2
76.2161,20.524,4454,545,536,2,3.217,2
76.2294,13.317,4455,545,536,2,2.470,2
76.2497,20.260,4456,545,536,2,3.086,2
76.2619,12.225,4457,545,536,2,2.049,2
76.2856,23.684,4458,545,536,2,2.694,2
76.3040,18.444,4459,545,536,2,2.644,2
76.3236,19.579,4460,545,536,2,2.542,2
76.3371,13.524,4461,545,536,2,2.118,2
76.3550,17.877,4462,545,536,2,2.430,2
76.3674,12.416,4463,545,536,2,2.334,2
76.3878,20.353,4464,545,536,2,2.448,2
76.4009,13.116,4465,545,536,2,2.299,2
76.4176,16.650,4466,545,536,2,2.795,2
76.4296,12.021,4467,545,536,2,2.012,2
76.4490,19.455,4468,545,536,2,2.833,2
76.4619,12.901,4469,545,536,2,2.010,2
76.4835,21.517,4470,545,536,2,3.493,2
76.4964,12.936,4471,545,536,2,2.445,2
76.5153,18.928,4472,545,536,2,3.386,2
76.5284,13.067,4473,545,536,2,2.007,2
76.5494,20.995,4474,545,536,2,2.917,2
76.5620,12.640,4475,545,536,2,2.418,2
76.5818,19.830,4476,545,536,2,2.796,2
76.5969,15.018,4477,545,536,2,2.473,2
76.6147,17.882,4478,545,536,2,3.371,2
76.6349,20.152,4479,545,536,2,2.119,2
76.6494,14.456,4480,545,536,2,2.934,2
76.6690,19.678,4481,545,536,2,2.165,2
76.6858,16.742,4482,545,536,2,2.553,2
76.6993,13.553,4483,545,536,2,2.406,2
76.7154,16.093,4484,545,536,2,3.440,2
76.7289,13.500,4485,545,536,2,2.437,2
76.7495,20.530,4486,545,536,2,3.188,2
76.7619,12.402,4487,545,536,2,1.997,2
76.7810,19.163,4488,545,536,2,2.414,2
76.7962,15.160,4489,545,536,2,2.013,2
76.8154,19.239,4490,545,536,2,2.752,2
76.8282,12.767,4491,545,536,2,2.009,2
76.8485,20.294,4492,545,536,2,3.353,2
76.8649,16.388,4493,545,536,2,2.783,2
76.8833,18.470,4494,545,536,2,3.149,2
76.8962,12.887,4495,545,536,2,2.454,2
76.9166,20.352,4496,545,536,2,4.038,2
76.9326,16.033,4497,545,536,2,2.351,2
76.9496,16.956,4498,545,536,2,2.988,2
76.9627,13.111,4499,545,536,2,2.281,2
76.9821,19.386,4500,545,536,2,2.710,2
76.9950,12.948,4501,545,536,2,2.071,2
77.0164,21.439,4502,545,536,2,3.047,2
77.0291,12.644,4503,545,536,2,1.996,2
77.0481,19.023,4504,545,536,2,2.500,2
77.0617,13.554,4505,545,536,2,1.991,2
77.0815,19.834,4506,545,536,2,2.427,2
77.0948,13.337,4507,545,536,2,1.997,2
77.1173,22.442,4508,545,536,2,2.674,2
77.1282,10.909,4509,545,536,2,2.009,2
77.1486,20.436,4510,545,536,2,3.409,2
77.1656,16.962,4511,545,536,2,2.429,2
77.1827,17.089,4512,545,536,2,2.878,2
77.1966,13.932,4513,545,536,2,2.441,2
77.2162,19.551,4514,545,536,2,2.856,2
77.2289,12.704,4515,545,536,2,2.064,2
77.2492,20.296,4516,545,536,2,2.618,2
77.2625,13.319,4517,545,536,2,2.469,2
77.2835,21.022,4518,545,536,2,3.298,2
77.2959,12.380,4519,545,536,2,2.015,2
77.3152,19.356,4520,545,536,2,3.435,2
77.3289,13.661,4521,545,536,2,2.048,2
77.3481,19.202,4522,545,536,2,2.487,2
77.3616,13.508,4523,545,536,2,1.996,2
77.3826,20.966,4524,545,536,2,2.605,2
77.3950,12.432,4525,545,536,2,2.044,2
77.4164,21.401,4526,545,536,2,2.873,2
77.4294,12.965,4527,545,536,2,2.414,2
77.4496,20.244,4528,545,536,2,2.714,2
77.4621,12.466,4529,545,536,2,2.471,2
77.4830,20.890,4530,545,536,2,3.329,2
77.4950,12.045,4531,545,536,2,2.063,2
77.5164,21.339,4532,545,536,2,2.881,2
77.5284,12.066,4533,545,536,2,1.995,2
77.5477,19.258,4534,545,536,2,2.571,2
77.5623,14.577,4535,545,536,2,2.002,2
77.5833,21.054,4536,545,536,2,3.160,2
77.5964,13.119,4537,545,536,2,2.445,2
77.6148,18.326,4538,545,536,2,3.508,2
77.6286,13.870,4539,545,536,2,2.003,2
77.6485,19.874,4540,545,536,2,2.321,2
77.6618,13.295,4541,545,536,2,2.006,2
77.6833,21.464,4542,545,536,2,3.040,2
77.6963,13.021,4543,545,536,2,2.432,2
77.7159,19.604,4544,545,536,2,2.683,2
77.7322,16.299,4545,545,536,2,2.210,2
77.7490,16.798,4546,545,536,2,2.412,2
77.7621,13.091,4547,545,536,2,2.488,2
77.7830,20.920,4548,545,536,2,3.113,2
77.7951,12.118,4549,545,536,2,2.007,2
77.8147,19.566,4550,545,536,2,2.315,2
77.8291,14.392,4551,545,536,2,2.439,2
77.8488,19.776,4552,545,536,2,2.375,2
77.8628,13.984,4553,545,536,2,2.027,2
77.8811,18.249,4554,545,536,2,3.282,2
77.8948,13.761,4555,545,536,2,2.008,2
77.9171,22.228,4556,545,536,2,2.195,2
77.9282,11.182,4557,545,536,2,2.010,2
77.9494,21.137,4558,545,536,2,3.354,2
77.9641,14.685,4559,545,536,2,2.432,2
77.9821,18.016,4560,545,536,2,2.390,2
77.9966,14.498,4561,545,536,2,2.392,2
78.0164,19.783,4562,545,536,2,2.814,2
78.0290,12.642,4563,545,536,2,2.508,2
78.0486,19.635,4564,545,536,2,2.225,2
78.0617,13.095,4565,545,536,2,2.009,2
78.0827,20.933,4566,545,536,2,2.574,2
78.0967,14.045,4567,545,536,2,2.070,2
78.1166,19.915,4568,545,536,2,3.925,2
78.1299,13.230,4569,545,536,2,2.013,2
78.1490,19.167,4570,545,536,2,2.196,2
78.1615,12.470,4571,545,536,2,2.003,2
78.1818,20.302,4572,545,536,2,2.337,2
78.1953,13.515,4573,545,536,2,2.024,2
78.2147,19.377,4574,545,536,2,3.552,2
78.2290,14.331,4575,545,536,2,2.257,2
78.2493,20.245,4576,545,536,2,2.540,2
78.2617,12.448,4577,545,536,2,2.081,2
78.2821,20.418,4578,545,536,2,2.314,2
78.2951,13.003,4579,545,536,2,2.056,2
78.3164,21.305,4580,545,536,2,2.636,2
78.3304,13.985,4581,545,536,2,2.035,2
78.3493,18.836,4582,545,536,2,2.419,2
78.3634,14.125,4583,545,536,2,2.429,2
78.3817,18.275,4584,545,536,2,2.195,2
78.3949,13.229,4585,545,536,2,2.008,2
78.4149,20.030,4586,545,536,2,2.490,2
78.4285,13.589,4587,545,536,2,2.434,2
78.4491,20.594,4588,545,536,2,2.598,2
78.4624,13.342,4589,545,536,2,2.042,2
78.4823,19.890,4590,545,536,2,2.428,2
78.5006,18.295,4591,545,536,2,3.019,2
78.5170,16.385,4592,545,536,2,2.990,2
78.5400,22.992,4593,545,536,2,2.313,2
78.5585,18.478,4594,545,536,2,2.202,2
78.5756,17.091,4595,545,536,2,2.519,2
78.5913,15.739,4596,545,536,2,2.007,2
78.6058,14.481,4597,545,536,2,2.089,2
78.6230,17.177,4598,545,536,2,2.029,2
78.6364,13.406,4599,545,536,2,2.759,2
78.6548,18.387,4600,545,536,2,2.635,2
78.6677,12.895,4601,545,536,2,2.569,2
78.6840,16.331,4602,545,536,2,2.956,2
78.6986,14.575,4603,545,536,2,2.402,2
78.7152,16.604,4604,545,536,2,2.303,2
78.7300,14.777,4605,545,536,2,2.060,2
78.7492,19.225,4606,545,536,2,2.710,2
78.7617,12.490,4607,545,536,2,2.008,2
78.7814,19.747,4608,545,536,2,2.199,2
78.7950,13.592,4609,545,536,2,1.999,2
78.8150,20.028,4610,545,536,2,2.230,2
78.8282,13.142,4611,545,536,2,1.998,2
78.8479,19.692,4612,545,536,2,2.868,2
78.8621,14.193,4613,545,536,2,2.465,2
78.8829,20.815,4614,545,536,2,2.628,2
78.8958,12.944,4615,545,536,2,2.425,2
78.9171,21.289,4616,545,536,2,2.616,2
78.9283,11.178,4617,545,536,2,2.011,2
78.9498,21.525,4618,545,536,2,2.438,2
78.9615,11.728,4619,545,536,2,2.005,2
78.9823,20.761,4620,545,536,2,2.543,2
78.9949,12.579,4621,545,536,2,2.053,2
79.0160,21.073,4622,545,536,2,2.497,2
79.0287,12.736,4623,545,536,2,2.018,2
79.0479,19.228,4624,545,536,2,3.366,2
79.0615,13.616,4625,545,536,2,2.000,2
79.0815,20.015,4626,545,536,2,2.212,2
79.0949,13.364,4627,545,536,2,2.014,2
79.1144,19.517,4628,545,536,2,2.212,2
79.1281,13.711,4629,545,536,2,2.007,2
79.1504,22.224,4630,545,536,2,3.461,2
79.1654,15.021,4631,545,536,2,2.609,2
79.1850,19.586,4632,545,536,2,3.428,2
79.2011,16.131,4633,545,536,2,2.538,2
79.2238,22.735,4634,545,536,2,2.813,2
79.2394,15.567,4635,545,536,2,2.279,2
79.2570,17.605,4636,545,536,2,2.113,2
79.2717,14.684,4637,545,536,2,2.627,2
79.2917,20.033,4638,545,536,2,2.247,2
79.3086,16.865,4639,545,536,2,2.648,2
79.3240,15.363,4640,545,536,2,2.049,2
79.3384,14.395,4641,545,536,2,2.573,2
79.3544,16.020,4642,545,536,2,2.755,2
79.3651,10.753,4643,545,536,2,2.051,2
79.3809,15.766,4644,545,536,2,2.201,2
79.3955,14.565,4645,545,536,2,2.436,2
79.4138,18.381,4646,545,536,2,3.103,2
79.4286,14.755,4647,545,536,2,2.438,2
79.4477,19.144,4648,545,536,2,2.235,2
79.4642,16.435,4649,545,536,2,2.113,2
79.4813,17.141,4650,545,536,2,2.245,2
79.4950,13.701,4651,545,536,2,2.030,2
79.5141,19.127,4652,545,536,2,2.899,2
79.5283,14.131,4653,545,536,2,2.005,2
79.5477,19.382,4654,545,536,2,2.186,2
79.5617,14.086,4655,545,536,2,2.014,2
79.5816,19.909,4656,545,536,2,2.931,2
79.5952,13.557,4657,545,536,2,2.021,2
79.6143,19.062,4658,545,536,2,2.578,2
79.6281,13.848,4659,545,536,2,2.001,2
79.6478,19.711,4660,545,536,2,2.198,2
79.6614,13.544,4661,545,536,2,2.001,2
79.6826,21.215,4662,545,536,2,2.691,2
79.6955,12.913,4663,545,536,2,2.438,2
79.7151,19.579,4664,545,536,2,2.200,2
79.7284,13.277,4665,545,536,2,2.018,2
79.7487,20.364,4666,545,536,2,3.262,2
79.7614,12.670,4667,545,536,2,2.011,2
79.7816,20.240,4668,545,536,2,2.432,2
79.7957,14.053,4669,545,536,2,2.011,2
79.8142,18.513,4670,545,536,2,3.348,2
79.8292,15.039,4671,545,536,2,2.138,2
79.8486,19.326,4672,545,536,2,2.528,2
79.8635,14.984,4673,545,536,2,2.054,2
79.8811,17.532,4674,545,536,2,3.253,2
79.8950,13.928,4675,545,536,2,2.009,2
79.9160,20.976,4676,545,536,2,2.226,2
79.9289,12.961,4677,545,536,2,2.004,2
79.9471,18.134,4678,545,536,2,2.354,2
79.9614,14.313,4679,545,536,2,2.005,2
79.9810,19.606,4680,545,536,2,3.243,2
80.0003,19.321,4681,545,536,2,2.530,2
80.0166,16.295,4682,545,536,2,2.829,2
80.0317,15.065,4683,545,536,2,2.227,2
80.0482,16.498,4684,545,536,2,2.910,2
80.0625,14.321,4685,545,536,2,2.003,2
80.0812,18.730,4686,545,536,2,2.838,2
80.0949,13.725,4687,545,536,2,2.034,2
80.1147,19.770,4688,545,536,2,2.332,2
80.1283,13.588,4689,545,536,2,2.009,2
80.1487,20.401,4690,545,536,2,2.394,2
80.1614,12.734,4691,545,536,2,2.008,2
80.1806,19.176,4692,545,536,2,3.183,2
80.1970,16.378,4693,545,536,2,2.446,2
80.2150,17.991,4694,545,536,2,2.207,2
80.2286,13.613,4695,545,536,2,2.481,2
80.2491,20.489,4696,545,536,2,3.051,2
80.2615,12.382,4697,545,536,2,2.034,2
80.2842,22.714,4698,545,536,2,3.254,2
80.2989,14.683,4699,545,536,2,2.175,2
80.3163,17.457,4700,545,536,2,2.192,2
80.3294,13.110,4701,545,536,2,2.069,2
80.3480,18.533,4702,545,536,2,2.204,2
80.3616,13.675,4703,545,536,2,2.035,2
80.3806,18.978,4704,545,536,2,2.331,2
80.3949,14.254,4705,545,536,2,2.009,2
80.4147,19.809,4706,545,536,2,2.274,2
80.4289,14.167,4707,545,536,2,2.037,2
80.4479,19.005,4708,545,536,2,2.226,2
80.4627,14.826,4709,545,536,2,1.997,2
80.4812,18.543,4710,545,536,2,3.231,2
80.4956,14.412,4711,545,536,2,2.428,2
80.5155,19.874,4712,545,536,2,2.438,2
80.5289,13.376,4713,545,536,2,2.435,2
80.5489,19.992,4714,545,536,2,2.802,2
80.5620,13.104,4715,545,536,2,2.429,2
80.5814,19.396,4716,545,536,2,2.297,2
80.5962,14.807,4717,545,536,2,2.046,2
80.6156,19.403,4718,545,536,2,3.072,2
80.6286,13.049,4719,545,536,2,2.126,2
80.6485,19.871,4720,545,536,2,2.429,2
80.6618,13.271,4721,545,536,2,2.037,2
80.6818,20.028,4722,545,536,2,2.180,2
80.6950,13.239,4723,545,536,2,2.010,2
80.7145,19.443,4724,545,536,2,3.210,2
80.7284,13.867,4725,545,536,2,1.999,2
80.7476,19.233,4726,545,536,2,2.177,2
80.7614,13.794,4727,545,536,2,2.004,2
80.7811,19.686,4728,545,536,2,2.218,2
80.7953,14.202,4729,545,536,2,2.018,2
80.8149,19.592,4730,545,536,2,2.315,2
80.8280,13.162,4731,545,536,2,2.000,2
80.8472,19.189,4732,545,536,2,2.365,2
80.8614,14.174,4733,545,536,2,2.001,2
80.8806,19.178,4734,545,536,2,3.075,2
80.8950,14.390,4735,545,536,2,2.042,2
80.9150,20.036,4736,545,536,2,2.215,2
80.9284,13.366,4737,545,536,2,2.132,2
80.9480,19.605,4738,545,536,2,2.425,2
80.9643,16.301,4739,545,536,2,2.489,2
80.9811,16.857,4740,545,536,2,2.538,2
80.9961,14.987,4741,545,536,2,2.458,2
81.0138,17.726,4742,545,536,2,2.954,2
81.0286,14.800,4743,545,536,2,2.468,2
81.0472,18.552,4744,545,536,2,3.048,2
81.0616,14.414,4745,545,536,2,2.046,2
81.0818,20.206,4746,545,536,2,2.250,2
81.0947,12.937,4747,545,536,2,2.023,2
81.1152,20.486,4748,545,536,2,2.444,2
81.1284,13.142,4749,545,536,2,2.004,2
81.1475,19.172,4750,545,536,2,2.847,2
81.1615,13.998,4751,545,536,2,2.061,2
81.1806,19.058,4752,545,536,2,3.063,2
81.1952,14.549,4753,545,536,2,2.009,2
81.2150,19.846,4754,545,536,2,2.189,2
81.2298,14.769,4755,545,536,2,2.007,2
81.2486,18.812,4756,545,536,2,2.450,2
81.2614,12.800,4757,545,536,2,1.999,2
81.2853,23.954,4758,545,536,2,2.782,2
81.2971,11.728,4759,545,536,2,2.590,2
81.3159,18.879,4760,545,536,2,2.359,2
81.3282,12.219,4761,545,536,2,2.013,2
81.3471,18.969,4762,545,536,2,3.250,2
81.3641,17.007,4763,545,536,2,2.478,2
81.3807,16.552,4764,545,536,2,3.324,2
81.3957,14.986,4765,545,536,2,2.177,2
81.4147,19.012,4766,545,536,2,3.241,2
81.4288,14.146,4767,545,536,2,2.451,2
81.4480,19.201,4768,545,536,2,2.223,2
81.4646,16.583,4769,545,536,2,2.083,2
81.4813,16.691,4770,545,536,2,3.110,2
81.4963,15.009,4771,545,536,2,2.012,2
81.5144,18.074,4772,545,536,2,2.191,2
81.5283,13.945,4773,545,536,2,2.005,2
81.5483,19.975,4774,545,536,2,2.813,2
81.5616,13.246,4775,545,536,2,2.011,2
81.5806,19.040,4776,545,536,2,2.441,2
81.5949,14.277,4777,545,536,2,2.018,2
81.6148,19.943,4778,545,536,2,2.389,2
81.6283,13.441,4779,545,536,2,2.070,2
81.6474,19.172,4780,545,536,2,3.219,2
81.6615,14.093,4781,545,536,2,1.998,2
81.6822,20.690,4782,545,536,2,2.967,2
81.6948,12.638,4783,545,536,2,2.008,2
81.7142,19.400,4784,545,536,2,3.237,2
81.7281,13.871,4785,545,536,2,2.010,2
81.7489,20.789,4786,545,536,2,2.386,2
81.7636,14.669,4787,545,536,2,2.438,2
81.7804,16.865,4788,545,536,2,3.011,2
81.7962,15.758,4789,545,536,2,2.008,2
81.8152,19.022,4790,545,536,2,2.812,2
81.8285,13.247,4791,545,536,2,2.338,2
81.8477,19.260,4792,545,536,2,2.332,2
81.8619,14.191,4793,545,536,2,2.218,2
81.8820,20.039,4794,545,536,2,2.641,2
81.8951,13.120,4795,545,536,2,2.006,2
81.9142,19.164,4796,545,536,2,3.046,2
81.9284,14.150,4797,545,536,2,2.000,2
81.9472,18.765,4798,545,536,2,2.379,2
81.9615,14.357,4799,545,536,2,1.998,2
81.9814,19.893,4800,545,536,2,2.207,2
81.9952,13.802,4801,545,536,2,2.036,2
82.0150,19.824,4802,545,536,2,2.259,2
82.0282,13.127,4803,545,536,2,1.994,2
82.0482,20.028,4804,545,536,2,2.378,2
82.0614,13.191,4805,545,536,2,1.998,2
82.0815,20.140,4806,545,536,2,3.226,2
82.0947,13.195,4807,545,536,2,2.000,2
82.1160,21.306,4808,545,536,2,2.424,2
82.1283,12.322,4809,545,536,2,2.125,2
82.1486,20.305,4810,545,536,2,2.451,2
82.1620,13.314,4811,545,536,2,2.424,2
82.1804,18.409,4812,545,536,2,2.953,2
82.1974,16.995,4813,545,536,2,2.438,2
82.2154,18.012,4814,545,536,2,2.715,2
82.2286,13.264,4815,545,536,2,2.484,2
82.2481,19.450,4816,545,536,2,2.310,2
82.2648,16.700,4817,545,536,2,2.074,2
82.2820,17.248,4818,545,536,2,2.359,2
82.2969,14.903,4819,545,536,2,2.023,2
82.3147,17.732,4820,545,536,2,2.324,2
82.3282,13.553,4821,545,536,2,2.007,2
82.3475,19.298,4822,545,536,2,3.384,2
82.3615,13.994,4823,545,536,2,2.049,2
82.3809,19.333,4824,545,536,2,3.330,2
82.3954,14.514,4825,545,536,2,2.424,2
82.4150,19.679,4826,545,536,2,2.661,2
82.4281,13.076,4827,545,536,2,2.005,2
82.4480,19.886,4828,545,536,2,3.155,2
82.4614,13.429,4829,545,536,2,1.991,2
82.4812,19.791,4830,545,536,2,2.294,2
82.4950,13.755,4831,545,536,2,2.008,2
82.5143,19.329,4832,545,536,2,3.541,2
82.5287,14.364,4833,545,536,2,2.414,2
82.5485,19.803,4834,545,536,2,2.376,2
82.5645,16.042,4835,545,536,2,2.073,2
82.5817,17.185,4836,545,536,2,2.456,2
82.5966,14.886,4837,545,536,2,2.397,2
82.6142,17.599,4838,545,536,2,3.472,2
82.6281,13.959,4839,545,536,2,2.110,2
82.6486,20.440,4840,545,536,2,2.345,2
82.6618,13.197,4841,545,536,2,2.033,2
82.6817,19.910,4842,545,536,2,2.198,2
82.6952,13.523,4843,545,536,2,2.009,2
82.7156,20.372,4844,545,537,2,2.225,2
82.7287,13.148,4845,545,537,2,2.005,2
82.7479,19.168,4846,545,538,2,3.237,2
82.7618,13.876,4847,545,538,2,2.002,2
82.7821,20.308,4848,545,539,2,2.238,2
82.7969,14.825,4849,545,540,2,2.450,2
82.8181,21.200,4850,545,541,2,2.355,2
82.8311,12.943,4851,545,542,2,2.002,2
82.8476,16.576,4852,545,542,2,2.354,2
82.8622,14.543,4853,545,541,2,2.009,2
82.8835,21.346,4854,545,540,2,2.848,2
82.8966,13.057,4855,545,538,2,2.140,2
82.9163,19.674,4856,545,535,2,3.844,2
82.9288,12.571,4857,545,531,2,2.049,2
82.9490,20.152,4858,545,527,2,2.399,2
82.9628,13.862,4859,545,522,2,2.417,2
82.9822,19.358,4860,545,517,2,2.179,2
82.9958,13.637,4861,545,512,2,2.015,2
83.0167,20.907,4862,545,507,2,2.425,2
83.0303,13.603,4863,545,502,2,1.986,2
83.0489,18.559,4864,545,497,2,2.371,2
83.0658,16.882,4865,545,494,2,2.061,2
83.0821,16.326,4866,545,492,2,2.161,2
83.0984,16.269,4867,545,491,2,1.985,2
83.1158,17.416,4868,545,491,2,2.559,2
83.1288,12.963,4869,545,490,2,1.989,2
83.1498,21.060,4870,545,489,2,2.743,2
83.1648,14.994,4871,545,488,2,2.046,2
83.1819,17.086,4872,545,486,2,3.441,2
83.1965,14.559,4873,545,484,2,2.162,2
83.2158,19.367,4874,545,481,2,2.421,2
83.2298,13.968,4875,545,478,2,2.136,2
83.2490,19.175,4876,545,473,2,2.218,2
83.2628,13.786,4877,545,469,2,1.963,2
83.2834,20.684,4878,545,463,2,3.276,2
83.3000,16.597,4879,545,457,2,2.538,2
83.3171,17.027,4880,545,451,2,2.273,2
83.3314,14.301,4881,545,444,2,2.323,2
83.3518,20.448,4882,545,438,2,2.254,2
83.3661,14.311,4883,545,434,2,1.948,2
83.3827,16.620,4884,545,434,2,2.397,2
83.3951,12.329,4885,545,434,2,1.954,2
83.4151,20.061,4886,545,434,2,2.714,2
83.4300,14.860,4887,545,434,2,2.306,2
83.4476,17.585,4888,545,434,2,3.312,2
83.4618,14.184,4889,545,434,2,2.294,2
83.4813,19.533,4890,545,434,2,2.122,2
83.4953,13.972,4891,545,434,2,2.333,2
83.5147,19.413,4892,545,434,2,2.766,2
83.5286,13.965,4893,545,434,2,1.947,2
83.5490,20.355,4894,545,434,2,2.622,2
83.5634,14.397,4895,545,434,2,2.307,2
83.5809,17.483,4896,545,434,2,3.140,2
83.5961,15.254,4897,545,434,2,2.039,2
83.6161,19.987,4898,545,434,2,2.605,2
83.6287,12.535,4899,545,434,2,1.945,2
83.6487,20.089,4900,545,434,2,2.383,2
83.6617,12.944,4901,545,434,2,1.939,2
83.6819,20.210,4902,545,434,2,2.686,2
83.6953,13.378,4903,545,434,2,2.136,2
83.7159,20.670,4904,545,434,2,2.661,2
83.7292,13.271,4905,545,434,2,2.152,2
83.7481,18.865,4906,545,434,2,2.320,2
83.7620,13.926,4907,545,434,2,1.938,2
83.7819,19.926,4908,545,436,2,2.201,2
83.7962,14.306,4909,545,441,2,1.966,2
83.8166,20.376,4910,545,447,2,2.647,2
83.8331,16.467,4911,545,453,2,2.171,2
83.8552,22.131,4912,545,458,2,2.717,2
83.8734,18.192,4913,545,463,2,3.071,2
83.8982,24.809,4914,545,468,2,2.576,2
83.9207,22.441,4915,545,472,2,3.137,2
83.9337,13.052,4916,545,476,2,2.274,2
83.9548,21.100,4917,545,481,2,2.905,2
83.9701,15.258,4918,545,484,2,2.800,2
83.9923,22.206,4919,545,486,2,3.201,2
84.0115,19.197,4920,545,488,2,4.489,2
84.0313,19.804,4921,545,489,2,2.595,2
84.0522,20.884,4922,545,490,2,2.357,2
84.0661,13.954,4923,545,490,2,2.038,2
84.0835,17.363,4924,545,491,2,2.240,2
84.0968,13.326,4925,545,491,2,1.983,2
84.1140,17.211,4926,545,491,2,3.310,2
84.1277,13.655,4927,545,491,2,2.223,2
84.1424,14.748,4928,545,491,2,3.621,2
84.1628,20.345,4929,545,491,2,2.386,2
84.1760,13.212,4930,545,491,2,2.668,2
84.1909,14.932,4931,545,491,2,2.377,2
84.2035,12.579,4932,545,491,2,2.115,2
84.2200,16.539,4933,545,491,2,2.282,2
84.2328,12.795,4934,545,491,2,2.225,2
84.2511,18.316,4935,545,491,2,2.280,2
84.2660,14.842,4936,545,491,2,2.099,2
84.2869,20.938,4937,545,491,2,2.695,2
84.3014,14.438,4938,545,491,2,2.250,2
84.3186,17.230,4939,545,491,2,2.127,2
84.3328,14.231,4940,545,491,2,2.382,2
84.3508,17.985,4941,545,491,2,2.126,2
84.3659,15.094,4942,545,491,2,1.979,2
84.3842,18.328,4943,545,491,2,2.203,2
84.3995,15.253,4944,545,491,2,2.002,2
84.4189,19.386,4945,545,491,2,2.594,2
84.4351,16.208,4946,545,491,2,2.074,2
84.4522,17.141,4947,545,491,2,2.323,2
84.4673,15.085,4948,545,491,2,2.021,2
84.4848,17.547,4949,545,491,2,2.334,2
84.5004,15.550,4950,545,491,2,2.046,2
84.5182,17.812,4951,545,492,2,2.060,2
84.5339,15.700,4952,545,493,2,2.303,2
84.5525,18.587,4953,545,495,2,2.646,2
84.5666,14.083,4954,545,498,2,2.169,2
84.5855,18.942,4955,545,501,2,2.582,2
84.5999,14.386,4956,545,504,2,1.981,2
84.6191,19.180,4957,545,507,2,2.510,2
84.6331,13.977,4958,545,510,2,2.009,2
84.6516,18.542,4959,545,513,2,2.236,2
84.6664,14.837,4960,545,516,2,2.023,2
84.6852,18.749,4961,545,519,2,2.578,2
84.7009,15.688,4962,545,522,2,2.027,2
84.7204,19.534,4963,545,525,2,2.583,2
84.7331,12.725,4964,545,527,2,2.044,2
84.7525,19.366,4965,545,530,2,2.887,2
84.7671,14.564,4966,545,532,2,2.024,2
84.7858,18.698,4967,545,534,2,2.365,2
84.7999,14.176,4968,545,535,2,2.105,2
84.8182,18.238,4969,545,536,2,2.311,2
84.8334,15.185,4970,545,538,2,2.150,2
84.8524,19.032,4971,545,538,2,2.163,2
84.8666,14.214,4972,545,539,2,2.052,2
84.8855,18.929,4973,545,540,2,2.796,2
84.9007,15.197,4974,545,540,2,2.443,2
84.9179,17.150,4975,545,540,2,2.323,2
84.9373,19.403,4976,545,540,2,2.088,2
84.9512,13.955,4977,545,540,2,2.307,2
84.9673,16.082,4978,545,540,2,2.644,2
84.9845,17.202,4979,545,540,2,2.291,2
84.9993,14.822,4980,545,540,2,2.003,2
85.0187,19.334,4981,545,540,2,2.651,2
85.0330,14.276,4982,545,540,2,2.039,2
85.0513,18.340,4983,545,540,2,2.662,2
85.0663,15.020,4984,545,540,2,2.167,2
85.0847,18.434,4985,545,539,2,2.338,2
85.0993,14.602,4986,545,539,2,2.040,2
85.1179,18.550,4987,545,539,2,2.570,2
85.1334,15.549,4988,545,538,2,2.032,2
85.1518,18.358,4989,545,538,2,2.325,2
85.1664,14.603,4990,545,537,2,2.056,2
85.1854,18.995,4991,545,537,2,2.676,2
85.1993,13.875,4992,545,537,2,2.046,2
85.2184,19.140,4993,545,536,2,2.511,2
85.2334,14.990,4994,545,536,2,2.097,2
85.2531,19.720,4995,545,535,2,2.404,2
85.2658,12.692,4996,545,535,2,2.010,2
85.2873,21.499,4997,545,535,2,2.220,2
85.3018,14.511,4998,545,534,2,2.342,2
85.3191,17.313,4999,545,534,2,2.185,2
85.3328,13.623,5000,545,534,2,2.224,2
85.3515,18.776,5001,545,534,2,2.117,2
85.3661,14.577,5002,545,534,2,2.047,2
85.3855,19.345,5003,545,534,2,2.655,2
85.3999,14.462,5004,545,533,2,2.085,2
85.4186,18.687,5005,545,533,2,2.585,2
85.4336,14.940,5006,545,532,2,2.478,2
85.4516,18.046,5007,545,531,2,2.119,2
85.4668,15.217,5008,545,530,2,2.046,2
85.4875,20.691,5009,545,529,2,2.102,2
85.5004,12.915,5010,545,527,2,2.028,2
85.5195,19.092,5011,545,525,2,2.569,2
85.5344,14.923,5012,545,523,2,2.509,2
85.5517,17.222,5013,545,520,2,2.253,2
85.5666,14.922,5014,545,517,2,2.089,2
85.5851,18.560,5015,545,514,2,2.134,2
85.5999,14.751,5016,545,510,2,2.011,2
85.6198,19.926,5017,545,506,2,2.499,2
85.6332,13.414,5018,545,503,2,2.030,2
85.6526,19.391,5019,545,499,2,2.502,2
85.6667,14.034,5020,545,495,2,2.035,2
85.6878,21.173,5021,545,491,2,2.419,2
85.7033,15.493,5022,545,487,2,2.650,2
85.7234,20.049,5023,545,484,2,2.332,2
85.7428,19.473,5024,545,481,2,3.700,2
85.7660,23.203,5025,545,479,2,2.395,2
85.7843,18.280,5026,545,477,2,2.761,2
85.8039,19.562,5027,545,476,2,2.671,2
85.8247,20.786,5028,545,476,2,2.870,2
85.8419,17.272,5029,545,476,2,3.741,2
85.8610,19.095,5030,545,476,2,2.758,2
85.8800,18.941,5031,545,476,2,4.369,2
85.8966,16.652,5032,545,476,2,2.084,2
85.9153,18.621,5033,545,476,2,3.875,2
85.9332,17.932,5034,545,476,2,2.253,2
85.9530,19.791,5035,545,476,2,2.670,2
85.9689,15.964,5036,545,476,2,2.520,2
85.9901,21.124,5037,545,476,2,2.867,2
86.0074,17.369,5038,545,476,2,2.939,2
86.0282,20.733,5039,545,476,2,2.015,2
86.0429,14.776,5040,545,476,2,3.278,2
86.0597,16.718,5041,545,477,2,2.846,2
86.0720,12.293,5042,545,477,2,2.025,2
86.0879,15.899,5043,545,477,2,2.029,2
86.1012,13.370,5044,545,478,2,2.382,2
86.1168,15.606,5045,545,478,2,3.013,2
86.1319,15.110,5046,545,478,2,2.419,2
86.1476,15.683,5047,545,478,2,3.654,2
86.1616,14.010,5048,545,479,2,2.721,2
86.1811,19.446,5049,545,479,2,3.114,2
86.1963,15.198,5050,545,479,2,2.440,2
86.2141,17.778,5051,545,479,2,3.461,2
86.2280,13.956,5052,545,479,2,2.193,2
86.2471,19.129,5053,545,479,2,3.292,2
86.2679,20.713,5054,545,479,2,2.637,2
86.2822,14.390,5055,545,480,2,3.290,2
86.3017,19.462,5056,545,482,2,2.135,2
86.3198,18.084,5057,545,485,2,2.552,2
86.3369,17.062,5058,545,490,2,2.166,2
86.3545,17.650,5059,545,495,2,2.093,2
86.3677,13.163,5060,545,501,2,2.116,2
86.3862,18.510,5061,545,507,2,2.127,2
86.4000,13.861,5062,545,514,2,1.993,2
86.4175,17.431,5063,545,521,2,2.435,2
86.4315,14.014,5064,545,527,2,2.025,2
86.4507,19.213,5065,545,532,2,3.663,2
86.4651,14.451,5066,545,536,2,2.461,2
86.4821,16.939,5067,545,539,2,3.524,2
86.4969,14.848,5068,545,541,2,2.028,2
86.5156,18.639,5069,545,542,2,2.419,2
86.5301,14.555,5070,545,542,2,2.017,2
86.5480,17.875,5071,545,541,2,2.772,2
86.5653,17.265,5072,545,540,2,2.088,2
86.5833,18.053,5073,545,539,2,3.363,2
86.5988,15.494,5074,545,538,2,2.073,2
86.6164,17.541,5075,545,537,2,3.282,2
86.6303,13.993,5076,545,537,2,2.037,2
86.6480,17.604,5077,545,536,2,3.278,2
86.6618,13.896,5078,545,536,2,2.786,2
86.6811,19.265,5079,545,536,2,4.098,2
86.6959,14.799,5080,545,536,2,2.233,2
86.7145,18.550,5081,545,536,2,3.389,2
86.7292,14.736,5082,545,536,2,2.035,2
86.7475,18.274,5083,545,536,2,3.197,2
86.7620,14.504,5084,545,536,2,2.169,2
86.7807,18.679,5085,545,536,2,3.371,2
86.7954,14.718,5086,545,536,2,2.757,2
86.8183,22.939,5087,545,536,2,3.489,2
86.8309,12.615,5088,545,536,2,2.017,2
86.8479,17.009,5089,545,536,2,3.496,2
86.8629,14.964,5090,545,536,2,2.117,2
86.8805,17.558,5091,545,536,2,2.927,2
86.8944,13.950,5092,545,536,2,2.401,2
86.9149,20.534,5093,545,536,2,3.962,2
86.9277,12.760,5094,545,536,2,2.522,2
86.9488,21.076,5095,545,536,2,3.335,2
86.9613,12.557,5096,545,536,2,2.720,2
86.9809,19.520,5097,545,536,2,3.302,2
86.9961,15.236,5098,545,536,2,2.743,2
87.0150,18.926,5099,545,536,2,3.982,2
87.0286,13.591,5100,545,536,2,2.738,2
87.0474,18.827,5101,545,536,2,3.899,2
87.0661,18.634,5102,545,536,2,2.580,2
87.0803,14.266,5103,545,536,2,3.350,2
87.0983,17.987,5104,545,536,2,2.303,2
87.1145,16.138,5105,545,536,2,2.841,2
87.1294,14.894,5106,545,536,2,2.156,2
87.1471,17.776,5107,545,536,2,3.370,2
87.1611,13.994,5108,545,536,2,2.356,2
87.1807,19.576,5109,545,536,2,3.326,2
87.1943,13.551,5110,545,536,2,2.503,2
87.2140,19.729,5111,545,536,2,3.541,2
87.2277,13.703,5112,545,536,2,2.729,2
87.2476,19.909,5113,545,536,2,3.812,2
87.2615,13.874,5114,545,536,2,2.536,2
87.2810,19.520,5115,545,536,2,3.173,2
87.2950,14.051,5116,545,536,2,2.196,2
87.3136,18.580,5117,545,536,2,3.775,2
87.3280,14.392,5118,545,536,2,2.610,2
87.3486,20.623,5119,545,536,2,3.780,2
87.3622,13.604,5120,545,536,2,2.650,2
87.3809,18.705,5121,545,536,2,3.922,2
87.3945,13.515,5122,545,536,2,2.410,2
87.4138,19.326,5123,545,536,2,3.654,2
87.4290,15.253,5124,545,537,2,2.983,2
87.4479,18.841,5125,545,537,2,3.771,2
87.4618,13.874,5126,545,538,2,2.575,2
87.4811,19.345,5127,545,539,2,4.287,2
87.4973,16.193,5128,545,540,2,2.385,2
87.5178,20.513,5129,545,541,2,3.710,2
87.5323,14.465,5130,545,542,2,2.052,2
87.5496,17.312,5131,545,542,2,3.935,2
87.5668,17.172,5132,545,541,2,2.488,2
87.5884,21.643,5133,545,540,2,2.938,2
87.6036,15.212,5134,545,537,2,2.488,2
87.6253,21.737,5135,545,532,2,2.039,2
87.6454,20.022,5136,545,527,2,3.857,2
87.6670,21.667,5137,545,521,2,2.188,2
87.6892,22.127,5138,545,513,2,2.140,2
87.7098,20.637,5139,545,506,2,2.642,2
87.7262,16.412,5140,545,500,2,2.109,2
87.7407,14.543,5141,545,493,2,2.081,2
87.7578,17.023,5142,545,487,2,2.041,2
87.7728,15.070,5143,545,483,2,2.090,2
87.7899,17.087,5144,545,480,2,2.181,2
87.8045,14.524,5145,545,479,2,2.064,2
87.8223,17.866,5146,545,479,2,2.052,2
87.8353,12.996,5147,545,479,2,2.099,2
87.8527,17.373,5148,545,479,2,2.018,2
87.8679,15.201,5149,545,479,2,2.051,2
87.8877,19.776,5150,545,479,2,2.115,2
87.9016,13.982,5151,545,479,2,2.076,2
87.9209,19.249,5152,545,478,2,2.377,2
87.9354,14.516,5153,545,478,2,2.453,2
87.9535,18.038,5154,545,478,2,2.533,2
87.9667,13.254,5155,545,478,2,2.169,2
87.9848,18.047,5156,545,477,2,2.402,2
87.9994,14.687,5157,545,477,2,2.098,2
88.0171,17.635,5158,545,477,2,2.471,2
88.0320,14.887,5159,545,476,2,2.185,2
88.0516,19.623,5160,545,476,2,2.759,2
88.0673,15.677,5161,545,476,2,2.547,2
88.0864,19.109,5162,545,476,2,2.135,2
88.1019,15.481,5163,545,476,2,2.090,2
88.1192,17.351,5164,545,476,2,2.613,2
88.1379,18.716,5165,545,476,2,2.106,2
88.1523,14.375,5166,545,476,2,2.638,2
88.1701,17.816,5167,545,476,2,2.240,2
88.1907,20.557,5168,545,476,2,2.819,2
88.2085,17.835,5169,545,476,2,2.660,2
88.2292,20.723,5170,545,476,2,2.916,2
88.2479,18.687,5171,545,476,2,4.883,2
88.2646,16.721,5172,545,476,2,2.632,2
88.2836,18.993,5173,545,476,2,3.360,2
88.2995,15.900,5174,545,476,2,2.514,2
88.3209,21.368,5175,545,477,2,3.155,2
88.3376,16.684,5176,545,478,2,2.552,2
88.3582,20.611,5177,545,480,2,2.626,2
88.3764,18.164,5178,545,482,2,3.149,2
88.3966,20.291,5179,545,485,2,3.205,2
88.4135,16.893,5180,545,489,2,3.744,2
88.4366,23.075,5181,545,493,2,2.391,2
88.4569,20.313,5182,545,497,2,2.751,2
88.4750,18.058,5183,545,501,2,2.886,2
88.4950,20.033,5184,545,505,2,2.894,2
88.5155,20.515,5185,545,509,2,4.191,2
88.5314,15.846,5186,545,513,2,3.256,2
88.5483,16.933,5187,545,517,2,3.460,2
88.5654,17.105,5188,545,520,2,3.111,2
88.5871,21.644,5189,545,523,2,4.069,2
88.6091,22.046,5190,545,525,2,2.364,2
88.6273,18.186,5191,545,527,2,2.543,2
88.6475,20.201,5192,545,529,2,4.663,2
88.6642,16.732,5193,545,530,2,2.477,2
88.6894,25.173,5194,545,532,2,2.996,2
88.7061,16.692,5195,545,533,2,2.136,2
88.7255,19.424,5196,545,533,2,2.299,2
88.7416,16.056,5197,545,534,2,2.578,2
88.7574,15.832,5198,545,534,2,2.030,2
88.7719,14.461,5199,545,534,2,2.104,2
88.7894,17.567,5200,545,534,2,2.722,2
88.8063,16.868,5201,545,534,2,3.112,2
88.8243,18.001,5202,545,535,2,2.285,2
88.8403,16.048,5203,545,535,2,2.147,2
88.8582,17.843,5204,545,535,2,2.179,2
88.8745,16.328,5205,545,536,2,2.417,2
88.8909,16.389,5206,545,536,2,2.540,2
88.9056,14.677,5207,545,537,2,2.197,2
88.9224,16.841,5208,545,537,2,2.652,2
88.9378,15.422,5209,545,537,2,2.262,2
88.9589,21.022,5210,545,538,2,2.068,2
88.9722,13.380,5211,545,538,2,2.121,2
88.9908,18.515,5212,545,539,2,2.131,2
89.0046,13.840,5213,545,539,2,2.217,2
89.0226,18.046,5214,545,539,2,2.224,2
89.0369,14.207,5215,545,539,2,2.601,2
89.0536,16.782,5216,545,540,2,2.523,2
89.0668,13.203,5217,545,540,2,2.498,2
89.0831,16.270,5218,545,540,2,2.497,2
89.0958,12.732,5219,545,540,2,2.699,2
89.1097,13.807,5220,545,540,2,2.612,2
89.1246,14.940,5221,545,540,2,2.117,2
89.1434,18.839,5222,545,540,2,2.882,2
89.1583,14.839,5223,545,540,2,2.172,2
89.1760,17.690,5224,545,540,2,2.896,2
89.1967,20.716,5225,545,540,2,2.587,2
89.2094,12.680,5226,545,540,2,2.516,2
89.2289,19.549,5227,545,540,2,2.460,2
89.2436,14.733,5228,545,539,2,2.434,2
89.2579,14.282,5229,545,539,2,2.009,2
89.2770,19.041,5230,545,538,2,3.120,2
89.2971,20.167,5231,545,537,2,3.124,2
89.3172,20.032,5232,545,536,2,3.877,2
89.3365,19.327,5233,545,534,2,2.529,2
89.3591,22.628,5234,545,533,2,3.222,2
89.3734,14.307,5235,545,531,2,2.163,2
89.3902,16.771,5236,545,528,2,2.436,2
89.4055,15.275,5237,545,526,2,2.418,2
89.4227,17.277,5238,545,523,2,2.173,2
89.4384,15.688,5239,545,520,2,2.648,2
89.4569,18.422,5240,545,516,2,2.064,2
89.4740,17.163,5241,545,513,2,2.135,2
89.4922,18.213,5242,545,510,2,2.469,2
89.5055,13.239,5243,545,507,2,2.529,2
89.5210,15.506,5244,545,504,2,2.067,2
89.5353,14.305,5245,545,501,2,2.143,2
89.5521,16.819,5246,545,498,2,2.101,2
89.5655,13.424,5247,545,495,2,2.103,2
89.5817,16.211,5248,545,493,2,3.305,2
89.5958,14.063,5249,545,492,2,2.285,2
89.6098,14.041,5250,545,491,2,2.653,2
89.6247,14.846,5251,545,491,2,2.024,2
89.6421,17.457,5252,545,491,2,2.397,2
89.6584,16.299,5253,545,490,2,1.983,2
89.6750,16.600,5254,545,490,2,2.392,2
89.6912,16.155,5255,545,489,2,1.981,2
89.7090,17.803,5256,545,487,2,2.414,2
89.7247,15.668,5257,545,485,2,1.996,2
89.7435,18.810,5258,545,483,2,2.419,2
89.7596,16.128,5259,545,480,2,2.553,2
89.7758,16.159,5260,545,476,2,2.614,2
89.7915,15.721,5261,545,472,2,1.999,2
89.8091,17.629,5262,545,467,2,2.757,2
89.8247,15.626,5263,545,462,2,2.153,2
89.8427,17.944,5264,545,456,2,2.358,2
89.8579,15.234,5265,545,450,2,1.956,2
89.8753,17.413,5266,545,444,2,2.267,2
89.8910,15.671,5267,545,438,2,1.937,2
89.9088,17.777,5268,545,434,2,2.274,2
89.9255,16.686,5269,545,434,2,2.366,2
89.9428,17.334,5270,545,434,2,2.528,2
89.9578,15.026,5271,545,434,2,2.352,2
89.9821,24.238,5272,545,434,2,2.990,2
89.9912,9.119,5273,545,434,2,2.293,2
90.0091,17.934,5274,545,434,2,2.286,2
90.0242,15.051,5275,545,434,2,1.943,2
90.0419,17.762,5276,545,434,2,2.410,2
90.0573,15.405,5277,545,434,2,1.939,2
90.0753,17.995,5278,545,434,2,2.350,2
90.0919,16.595,5279,545,434,2,2.244,2
90.1103,18.355,5280,545,434,2,2.726,2
90.1293,19.009,5281,545,434,2,3.100,2
90.1475,18.183,5282,545,434,2,3.102,2
90.1632,15.747,5283,545,434,2,2.245,2
90.1778,14.576,5284,545,434,2,2.664,2
90.1928,14.985,5285,545,434,2,1.997,2
90.2093,16.473,5286,545,434,2,2.467,2
90.2247,15.492,5287,545,434,2,1.979,2
90.2500,25.271,5288,545,434,2,3.132,2
90.2594,9.343,5289,545,434,2,2.010,2
90.2810,21.672,5290,545,434,2,3.515,2
90.2965,15.448,5291,545,434,2,2.671,2
90.3166,20.147,5292,545,439,2,3.660,2
90.3342,17.584,5293,545,445,2,2.444,2
90.3535,19.269,5294,545,451,2,2.335,2
90.3685,14.977,5295,545,457,2,2.214,2
90.3898,21.361,5296,545,463,2,2.796,2
90.4134,23.549,5297,545,468,2,3.386,2
90.4297,16.375,5298,545,473,2,2.784,2
90.4484,18.636,5299,545,477,2,3.470,2
90.4617,13.293,5300,545,482,2,2.182,2
90.4780,16.315,5301,545,485,2,2.322,2
90.4931,15.108,5302,545,487,2,2.022,2
90.5085,15.403,5303,545,489,2,3.041,2
90.5263,17.791,5304,545,490,2,2.474,2
90.5471,20.766,5305,545,490,2,2.970,2
90.5613,14.221,5306,545,491,2,2.023,2
90.5753,14.022,5307,545,491,2,3.070,2
90.5913,16.018,5308,545,492,2,2.415,2
90.6056,14.296,5309,545,494,2,2.112,2
90.6240,18.344,5310,545,497,2,2.023,2
90.6393,15.395,5311,545,501,2,2.175,2
90.6567,17.307,5312,545,505,2,2.024,2
90.6708,14.131,5313,545,510,2,2.160,2
90.6898,19.054,5314,545,515,2,2.150,2
90.7040,14.197,5315,545,520,2,2.180,2
90.7221,18.099,5316,545,525,2,2.027,2
90.7386,16.431,5317,545,529,2,2.276,2
90.7548,16.199,5318,545,533,2,2.307,2
90.7702,15.390,5319,545,536,2,2.415,2
90.7882,18.021,5320,545,538,2,2.860,2
90.8060,17.808,5321,545,540,2,2.222,2
90.8238,17.848,5322,545,541,2,2.127,2
90.8392,15.373,5323,545,542,2,2.610,2
90.8569,17.719,5324,545,542,2,2.010,2
90.8738,16.829,5325,545,541,2,2.207,2
90.8898,16.062,5326,545,541,2,2.040,2
90.9048,14.938,5327,545,540,2,2.173,2
90.9217,16.923,5328,545,539,2,2.132,2
90.9367,15.053,5329,545,538,2,2.146,2
90.9567,19.994,5330,545,537,2,2.273,2
90.9703,13.621,5331,545,537,2,2.148,2
90.9886,18.277,5332,545,536,2,2.870,2
91.0016,12.945,5333,545,536,2,2.186,2
91.0197,18.127,5334,545,536,2,2.404,2
91.0330,13.283,5335,545,536,2,2.126,2
91.0524,19.420,5336,545,536,2,2.932,2
91.0650,12.566,5337,545,536,2,2.500,2
91.0869,21.936,5338,545,536,2,2.645,2
91.1008,13.857,5339,545,536,2,2.185,2
91.1175,16.747,5340,545,536,2,2.615,2
91.1313,13.774,5341,545,536,2,2.748,2
91.1482,16.962,5342,545,536,2,3.433,2
91.1618,13.581,5343,545,536,2,2.131,2
91.1816,19.794,5344,545,536,2,3.861,2
91.2051,23.468,5345,545,536,2,2.174,2
91.2228,17.691,5346,545,536,2,2.496,2
91.2369,14.090,5347,545,536,2,2.575,2
91.2567,19.809,5348,545,536,2,2.390,2
91.2751,18.473,5349,545,536,2,3.048,2
91.2977,22.514,5350,545,536,2,2.823,2
91.3242,26.505,5351,545,536,2,3.017,2
91.3388,14.680,5352,545,536,2,2.230,2
91.3602,21.393,5353,545,536,2,2.052,2
91.3737,13.480,5354,545,536,2,2.087,2
91.3905,16.768,5355,545,536,2,2.512,2
91.4058,15.275,5356,545,536,2,2.268,2
91.4223,16.578,5357,545,536,2,2.173,2
91.4388,16.448,5358,545,536,2,2.229,2
91.4578,19.007,5359,545,536,2,2.109,2
91.4743,16.536,5360,545,536,2,2.210,2
91.4927,18.343,5361,545,536,2,2.283,2
91.5122,19.519,5362,545,536,2,3.076,2
91.5251,12.888,5363,545,536,2,2.115,2
91.5399,14.813,5364,545,536,2,2.087,2
91.5549,15.024,5365,545,536,2,2.014,2
91.5677,12.821,5366,545,536,2,2.118,2
91.5847,17.010,5367,545,536,2,2.335,2
91.5985,13.707,5368,545,536,2,2.645,2
91.6193,20.860,5369,545,536,2,2.211,2
91.6311,11.817,5370,545,536,2,2.413,2
91.6463,15.150,5371,545,536,2,2.811,2
91.6592,12.928,5372,545,536,2,2.014,2
91.6778,18.604,5373,545,536,2,2.441,2
91.6929,15.132,5374,545,536,2,2.429,2
91.7143,21.307,5375,545,536,2,3.929,2
91.7260,11.709,5376,545,536,2,2.017,2
91.7455,19.514,5377,545,536,2,3.254,2
91.7607,15.247,5378,545,536,2,2.131,2
91.7783,17.619,5379,545,536,2,2.634,2
91.7930,14.677,5380,545,536,2,2.127,2
91.8114,18.346,5381,545,536,2,2.859,2
91.8265,15.160,5382,545,536,2,2.131,2
91.8471,20.527,5383,545,536,2,2.993,2
91.8648,17.773,5384,545,536,2,2.418,2
91.8799,15.076,5385,545,536,2,3.001,2
91.8928,12.906,5386,545,536,2,2.005,2
91.9115,18.739,5387,545,536,2,2.934,2
91.9263,14.712,5388,545,536,2,2.450,2
91.9450,18.735,5389,545,536,2,3.079,2
91.9594,14.416,5390,545,536,2,1.994,2
91.9783,18.842,5391,545,536,2,2.326,2
91.9937,15.462,5392,545,536,2,1.994,2
92.0119,18.192,5393,545,536,2,2.492,2
92.0260,14.103,5394,545,536,2,2.098,2
92.0449,18.934,5395,545,536,2,2.953,2
92.0595,14.547,5396,545,536,2,2.011,2
92.0777,18.236,5397,545,536,2,2.411,2
92.0928,15.125,5398,545,536,2,2.033,2
92.1125,19.650,5399,545,536,2,2.779,2
92.1296,17.138,5400,545,536,2,2.438,2
92.1450,15.366,5401,545,536,2,2.905,2
92.1592,14.170,5402,545,536,2,2.004,2
92.1798,20.602,5403,545,536,2,3.428,2
92.1936,13.828,5404,545,536,2,2.463,2
92.2154,21.764,5405,545,536,2,4.221,2
92.2295,14.180,5406,545,536,2,2.370,2
92.2462,16.655,5407,545,536,2,3.168,2
92.2606,14.404,5408,545,536,2,2.374,2
92.2819,21.304,5409,545,536,2,3.584,2
92.3015,19.593,5410,545,536,2,3.411,2
92.3231,21.587,5411,545,536,2,4.238,2
92.3410,17.866,5412,545,536,2,2.827,2
92.3597,18.782,5413,545,536,2,2.555,2
92.3763,16.554,5414,545,536,2,2.194,2
92.4002,23.935,5415,545,536,2,2.967,2
92.4195,19.225,5416,545,536,2,3.515,2
92.4365,17.063,5417,545,536,2,3.658,2
92.4572,20.716,5418,545,536,2,2.437,2
92.4768,19.543,5419,545,536,2,3.142,2
92.4938,16.984,5420,545,536,2,2.079,2
92.5105,16.778,5421,545,536,2,2.599,2
92.5252,14.639,5422,545,536,2,2.086,2
92.5403,15.107,5423,545,536,2,2.357,2
92.5573,16.971,5424,545,536,2,2.041,2
92.5723,15.072,5425,545,536,2,2.242,2
92.5911,18.748,5426,545,536,2,2.035,2
92.6058,14.735,5427,545,536,2,2.077,2
92.6222,16.380,5428,545,536,2,2.021,2
92.6370,14.833,5429,545,536,2,2.203,2
92.6548,17.785,5430,545,536,2,2.585,2
92.6732,18.444,5431,545,536,2,2.170,2
92.6896,16.323,5432,545,536,2,2.480,2
92.7044,14.859,5433,545,536,2,2.344,2
92.7246,20.173,5434,545,536,2,2.803,2
92.7385,13.914,5435,545,536,2,2.185,2
92.7561,17.580,5436,545,536,2,2.203,2
92.7704,14.292,5437,545,536,2,2.276,2
92.7902,19.806,5438,545,536,2,2.212,2
92.8101,19.929,5439,545,536,2,2.735,2
92.8263,16.208,5440,545,536,2,2.139,2
92.8429,16.538,5441,545,536,2,2.408,2
92.8620,19.086,5442,545,536,2,2.551,2
92.8798,17.828,5443,545,536,2,3.532,2
92.8950,15.240,5444,545,536,2,2.179,2
92.9140,18.939,5445,545,536,2,3.235,2
92.9304,16.395,5446,545,536,2,2.802,2
92.9572,26.850,5447,545,536,2,2.124,2
92.9732,15.976,5448,545,536,2,2.328,2
92.9894,16.215,5449,545,536,2,2.073,2
93.0040,14.622,5450,545,536,2,2.127,2
93.0232,19.164,5451,545,536,2,2.274,2
93.0373,14.084,5452,545,536,2,2.150,2
93.0544,17.096,5453,545,536,2,2.050,2
93.0737,19.333,5454,545,536,2,2.544,2
93.0900,16.296,5455,545,536,2,2.227,2
93.1026,12.614,5456,545,536,2,2.151,2
93.1209,18.319,5457,545,536,2,2.162,2
93.1322,11.266,5458,545,536,2,2.418,2
93.1493,17.126,5459,545,536,2,2.783,2
93.1615,12.150,5460,545,536,2,1.989,2
93.1762,14.775,5461,545,536,2,3.002,2
93.1956,19.356,5462,545,536,2,2.013,2
93.2090,13.425,5463,545,536,2,2.426,2
93.2241,15.064,5464,545,536,2,1.998,2
93.2400,15.892,5465,545,536,2,2.648,2
93.2557,15.716,5466,545,536,2,2.018,2
93.2727,17.039,5467,545,536,2,2.202,2
93.2934,20.689,5468,545,536,2,2.615,2
93.3107,17.245,5469,545,536,2,2.790,2
93.3265,15.845,5470,545,536,2,2.167,2
93.3413,14.743,5471,545,536,2,2.317,2
93.3571,15.873,5472,545,536,2,2.288,2
93.3727,15.615,5473,545,536,2,2.312,2
93.3892,16.423,5474,545,536,2,2.149,2
93.4058,16.608,5475,545,536,2,2.201,2
93.4233,17.484,5476,545,536,2,2.176,2
93.4462,22.975,5477,545,536,2,2.610,2
93.4570,10.763,5478,545,536,2,2.417,2
93.4771,20.110,5479,545,536,2,2.535,2
93.4928,15.719,5480,545,536,2,2.011,2
93.5077,14.910,5481,545,536,2,2.046,2
93.5249,17.192,5482,545,536,2,2.019,2
93.5395,14.599,5483,545,536,2,2.070,2
93.5567,17.212,5484,545,536,2,2.086,2
93.5731,16.398,5485,545,536,2,2.746,2
93.5896,16.454,5486,545,536,2,2.490,2
93.6067,17.055,5487,545,536,2,2.199,2
93.6230,16.325,5488,545,536,2,2.491,2
93.6395,16.526,5489,545,536,2,2.269,2
93.6569,17.371,5490,545,536,2,2.133,2
93.6729,16.005,5491,545,536,2,2.192,2
93.6899,17.020,5492,545,536,2,2.052,2
93.7066,16.698,5493,545,536,2,2.639,2
93.7239,17.328,5494,545,536,2,2.433,2
93.7430,19.098,5495,545,536,2,2.361,2
93.7575,14.499,5496,545,536,2,2.015,2
93.7729,15.369,5497,545,536,2,2.080,2
93.7900,17.116,5498,545,536,2,2.005,2
93.8063,16.323,5499,545,536,2,2.080,2
93.8233,16.991,5500,545,536,2,2.434,2
93.8393,15.992,5501,545,536,2,2.069,2
93.8565,17.191,5502,545,536,2,2.035,2
93.8728,16.344,5503,545,536,2,2.168,2
93.8906,17.710,5504,545,536,2,2.429,2
93.9065,15.965,5505,545,536,2,2.279,2
93.9232,16.694,5506,545,536,2,2.075,2
93.9403,17.058,5507,545,536,2,2.557,2
93.9569,16.632,5508,545,536,2,2.173,2
93.9797,22.776,5509,545,536,2,2.726,2
93.9905,10.778,5510,545,536,2,2.010,2
94.0096,19.142,5511,545,536,2,2.449,2
94.0258,16.220,5512,545,536,2,2.420,2
94.0402,14.387,5513,545,536,2,2.063,2
94.0577,17.465,5514,545,536,2,2.013,2
94.0727,15.040,5515,545,536,2,2.061,2
94.0896,16.862,5516,545,536,2,2.010,2
94.1068,17.213,5517,545,536,2,2.244,2
94.1236,16.826,5518,545,536,2,2.004,2
94.1405,16.928,5519,545,536,2,2.388,2
94.1566,16.078,5520,545,536,2,2.067,2
94.1729,16.325,5521,545,536,2,2.192,2
94.1893,16.364,5522,545,536,2,2.004,2
94.2063,16.958,5523,545,536,2,2.069,2
94.2241,17.883,5524,545,536,2,2.443,2
94.2405,16.374,5525,545,536,2,2.340,2
94.2579,17.381,5526,545,536,2,2.438,2
94.2778,19.910,5527,545,536,2,3.026,2
94.2949,17.103,5528,545,536,2,2.309,2
94.3143,19.373,5529,545,536,2,3.362,2
94.3300,15.737,5530,545,536,2,2.150,2
94.3473,17.295,5531,545,536,2,2.522,2
94.3626,15.245,5532,545,536,2,2.038,2
94.3787,16.130,5533,545,536,2,2.847,2
94.3928,14.140,5534,545,536,2,2.016,2
94.4093,16.446,5535,545,536,2,3.083,2
94.4268,17.524,5536,545,536,2,2.066,2
94.4445,17.694,5537,545,536,2,2.854,2
94.4596,15.081,5538,545,536,2,1.999,2
94.4752,15.575,5539,545,536,2,2.496,2
94.4919,16.738,5540,545,536,2,2.412,2
94.5071,15.177,5541,545,536,2,2.240,2
94.5263,19.242,5542,545,536,2,2.001,2
94.5411,14.770,5543,545,536,2,2.319,2
94.5573,16.245,5544,545,536,2,2.444,2
94.5730,15.681,5545,545,536,2,2.148,2
94.5891,16.109,5546,545,536,2,2.019,2
94.6071,18.010,5547,545,536,2,2.056,2
94.6240,16.839,5548,545,536,2,2.083,2
94.6406,16.646,5549,545,536,2,2.557,2
94.6576,16.969,5550,545,536,2,2.038,2
94.6737,16.076,5551,545,536,2,2.193,2
94.6902,16.555,5552,545,536,2,2.015,2
94.7074,17.153,5553,545,536,2,2.020,2
94.7254,18.023,5554,545,536,2,2.017,2
94.7400,14.648,5555,545,536,2,2.054,2
94.7577,17.621,5556,545,536,2,2.424,2
94.7743,16.602,5557,545,536,2,2.523,2
94.7935,19.233,5558,545,536,2,2.020,2
94.8098,16.349,5559,545,536,2,2.477,2
94.8252,15.390,5560,545,536,2,2.014,2
94.8403,15.046,5561,545,536,2,2.271,2
94.8571,16.831,5562,545,536,2,2.012,2
94.8734,16.337,5563,545,536,2,2.144,2
94.8908,17.400,5564,545,536,2,2.045,2
94.9072,16.336,5565,545,536,2,2.368,2
94.9236,16.386,5566,545,536,2,2.004,2
94.9402,16.643,5567,545,536,2,2.156,2
94.9564,16.162,5568,545,536,2,2.010,2
94.9735,17.078,5569,545,536,2,2.186,2
94.9903,16.852,5570,545,536,2,2.432,2
95.0063,15.993,5571,545,536,2,2.052,2
95.0236,17.310,5572,545,536,2,2.005,2
95.0400,16.348,5573,545,536,2,2.066,2
95.0612,21.218,5574,545,536,2,2.175,2
95.0775,16.329,5575,545,536,2,2.641,2
95.0930,15.538,5576,545,536,2,2.244,2
95.1079,14.897,5577,545,536,2,2.556,2
95.1236,15.699,5578,545,536,2,2.130,2
95.1408,17.167,5579,545,536,2,2.326,2
95.1573,16.533,5580,545,536,2,2.159,2
95.1739,16.582,5581,545,536,2,2.205,2
95.1907,16.773,5582,545,536,2,2.001,2
95.2067,16.050,5583,545,536,2,2.067,2
95.2236,16.814,5584,545,536,2,2.016,2
95.2408,17.200,5585,545,536,2,2.844,2
95.2571,16.361,5586,545,536,2,2.004,2
95.2740,16.895,5587,545,536,2,2.561,2
95.2969,22.858,5588,545,536,2,2.782,2
95.3162,19.367,5589,545,536,2,3.296,2
95.3352,18.927,5590,545,536,2,2.820,2
95.3519,16.762,5591,545,536,2,2.994,2
95.3649,12.956,5592,545,536,2,2.014,2
95.3818,16.931,5593,545,536,2,2.224,2
95.3960,14.145,5594,545,536,2,2.038,2
95.4122,16.272,5595,545,536,2,2.958,2
95.4272,14.938,5596,545,536,2,1.998,2
95.4436,16.424,5597,545,536,2,2.390,2
95.4596,16.053,5598,545,536,2,2.462,2
95.4758,16.166,5599,545,536,2,2.975,2
95.4918,16.026,5600,545,536,2,2.419,2
95.5081,16.313,5601,545,536,2,2.088,2
95.5235,15.399,5602,545,536,2,2.490,2
95.5405,16.927,5603,545,536,2,2.640,2
95.5570,16.559,5604,545,536,2,2.073,2
95.5797,22.626,5605,545,536,2,2.969,2
95.5903,10.691,5606,545,536,2,2.487,2
95.6090,18.698,5607,545,536,2,2.490,2
95.6249,15.844,5608,545,536,2,2.047,2
95.6410,16.113,5609,545,536,2,2.408,2
95.6569,15.943,5610,545,536,2,2.156,2
95.6732,16.245,5611,545,536,2,2.063,2
95.6909,17.733,5612,545,536,2,2.428,2
95.7073,16.400,5613,545,536,2,2.177,2
95.7261,18.774,5614,545,536,2,2.408,2
95.7463,20.221,5615,545,536,2,2.935,2
95.7608,14.455,5616,545,536,2,2.418,2
95.7766,15.784,5617,545,536,2,2.406,2
95.7922,15.602,5618,545,536,2,2.437,2
95.8073,15.139,5619,545,536,2,2.331,2
95.8245,17.150,5620,545,536,2,2.430,2
95.8392,14.715,5621,545,536,2,2.185,2
95.8574,18.202,5622,545,536,2,2.088,2
95.8753,17.918,5623,545,536,2,2.085,2
95.8914,16.159,5624,545,536,2,2.247,2
95.9073,15.902,5625,545,536,2,2.743,2
95.9240,16.652,5626,545,536,2,2.239,2
95.9394,15.418,5627,545,536,2,2.356,2
95.9654,25.958,5628,545,536,2,2.620,2
95.9773,11.969,5629,545,536,2,3.223,2
95.9945,17.116,5630,545,536,2,2.121,2
96.0142,19.704,5631,545,536,2,4.290,2
96.0329,18.779,5632,545,536,2,2.495,2
96.0544,21.448,5633,545,536,2,2.809,2
96.0688,14.406,5634,545,536,2,2.518,2
96.0897,20.903,5635,545,536,2,2.016,2
96.1124,22.664,5636,545,536,2,2.760,2
96.1332,20.861,5637,545,536,2,2.197,2
96.1494,16.165,5638,545,536,2,2.275,2
96.1644,14.990,5639,545,536,2,2.027,2
96.1803,15.953,5640,545,536,2,3.482,2
96.1948,14.454,5641,545,536,2,2.016,2
96.2114,16.641,5642,545,536,2,3.249,2
96.2274,15.934,5643,545,536,2,2.443,2
96.2428,15.469,5644,545,536,2,2.499,2
96.2603,17.461,5645,545,536,2,2.017,2
96.2771,16.822,5646,545,536,2,3.263,2
96.2952,18.062,5647,545,536,2,2.116,2
96.3150,19.787,5648,545,536,2,3.276,2
96.3309,15.983,5649,545,536,2,2.098,2
96.3488,17.831,5650,545,536,2,2.697,2
96.3634,14.610,5651,545,536,2,2.037,2
96.3800,16.661,5652,545,536,2,2.940,2
96.3949,14.839,5653,545,536,2,2.382,2
96.4096,14.696,5654,545,536,2,2.452,2
96.4257,16.152,5655,545,536,2,2.170,2
96.4422,16.430,5656,545,536,2,2.877,2
96.4579,15.742,5657,545,536,2,2.115,2
96.4724,14.487,5658,545,536,2,2.251,2
96.4891,16.738,5659,545,536,2,2.167,2
96.5033,14.137,5660,545,536,2,3.203,2
96.5201,16.805,5661,545,536,2,2.682,2
96.5330,12.975,5662,545,536,2,2.135,2
96.5514,18.304,5663,545,536,2,2.470,2
96.5648,13.451,5664,545,536,2,2.085,2
96.5833,18.484,5665,545,536,2,2.271,2
96.5986,15.294,5666,545,536,2,2.478,2
96.6170,18.373,5667,545,536,2,2.497,2
96.6314,14.479,5668,545,536,2,2.069,2
96.6499,18.451,5669,545,536,2,2.496,2
96.6659,16.037,5670,545,536,2,2.331,2
96.6837,17.744,5671,545,536,2,2.193,2
96.6983,14.632,5672,545,536,2,2.004,2
96.7168,18.481,5673,545,536,2,2.310,2
96.7317,14.907,5674,545,536,2,2.032,2
96.7500,18.303,5675,545,536,2,2.212,2
96.7646,14.643,5676,545,536,2,1.991,2
96.7830,18.386,5677,545,536,2,2.212,2
96.7985,15.525,5678,545,536,2,2.454,2
96.8176,19.050,5679,545,536,2,2.281,2
96.8314,13.767,5680,545,536,2,2.002,2
96.8515,20.189,5681,545,536,2,2.350,2
96.8654,13.870,5682,545,536,2,2.582,2
96.8842,18.754,5683,545,536,2,2.641,2
96.8986,14.387,5684,545,536,2,2.143,2
96.9184,19.851,5685,545,536,2,2.382,2
96.9338,15.363,5686,545,536,2,2.064,2
96.9508,17.065,5687,545,536,2,2.298,2
96.9652,14.345,5688,545,536,2,2.213,2
96.9832,18.052,5689,545,536,2,2.212,2
96.9982,14.964,5690,545,536,2,2.039,2
97.0173,19.082,5691,545,536,2,2.627,2
97.0314,14.098,5692,545,536,2,2.050,2
97.0512,19.829,5693,545,536,2,2.377,2
97.0699,18.695,5694,545,536,2,2.806,2
97.0846,14.688,5695,545,536,2,2.172,2
97.0981,13.517,5696,545,536,2,2.000,2
97.1166,18.513,5697,545,536,2,2.390,2
97.1315,14.868,5698,545,536,2,2.067,2
97.1507,19.253,5699,545,536,2,2.668,2
97.1648,14.006,5700,545,536,2,2.159,2
97.1835,18.708,5701,545,536,2,2.233,2
97.1984,14.941,5702,545,536,2,2.054,2
97.2175,19.084,5703,545,536,2,2.275,2
97.2314,13.955,5704,545,536,2,2.039,2
97.2522,20.784,5705,545,536,2,2.606,2
97.2647,12.517,5706,545,536,2,1.996,2
97.2855,20.777,5707,545,536,2,2.890,2
97.2993,13.783,5708,545,536,2,2.451,2
97.3180,18.699,5709,545,536,2,2.473,2
97.3326,14.553,5710,545,536,2,2.088,2
97.3500,17.490,5711,545,536,2,2.270,2
97.3652,15.171,5712,545,536,2,2.415,2
97.3835,18.278,5713,545,536,2,2.290,2
97.3983,14.787,5714,545,536,2,2.234,2
97.4173,19.055,5715,545,536,2,2.386,2
97.4395,22.117,5716,545,536,2,2.294,2
97.4511,11.633,5717,545,536,2,2.334,2
97.4660,14.963,5718,545,536,2,2.077,2
97.4847,18.697,5719,545,536,2,2.588,2
97.4981,13.322,5720,545,536,2,2.007,2
97.5177,19.666,5721,545,536,2,2.149,2
97.5313,13.576,5722,545,536,2,2.011,2
97.5505,19.167,5723,545,536,2,2.327,2
97.5646,14.169,5724,545,536,2,2.005,2
97.5868,22.168,5725,545,536,2,2.784,2
97.6017,14.921,5726,545,536,2,2.128,2
97.6217,19.998,5727,545,536,2,2.774,2
97.6318,10.085,5728,545,536,2,2.078,2
97.6519,20.081,5729,545,536,2,2.752,2
97.6652,13.306,5730,545,536,2,2.485,2
97.6848,19.551,5731,545,536,2,2.314,2
97.6996,14.840,5732,545,536,2,2.057,2
97.7200,20.387,5733,545,536,2,3.128,2
97.7354,15.410,5734,545,536,2,2.194,2
97.7536,18.212,5735,545,536,2,2.365,2
97.7676,13.988,5736,545,536,2,2.075,2
97.7854,17.767,5737,545,536,2,2.221,2
97.7987,13.368,5738,545,536,2,2.422,2
97.8174,18.648,5739,545,536,2,2.470,2
97.8314,14.072,5740,545,536,2,2.116,2
97.8509,19.503,5741,545,536,2,2.525,2
97.8686,17.602,5742,545,536,2,2.122,2
97.8850,16.447,5743,545,536,2,2.053,2
97.8982,13.210,5744,545,536,2,2.095,2
97.9171,18.940,5745,545,536,2,2.354,2
97.9319,14.734,5746,545,536,2,2.140,2
97.9506,18.732,5747,545,536,2,2.428,2
97.9651,14.489,5748,545,536,2,2.445,2
97.9843,19.218,5749,545,536,2,2.270,2
97.9980,13.686,5750,545,536,2,2.056,2
98.0167,18.654,5751,545,536,2,2.276,2
98.0313,14.624,5752,545,536,2,2.036,2
98.0499,18.566,5753,545,536,2,2.219,2
98.0650,15.099,5754,545,536,2,2.029,2
98.0848,19.825,5755,545,536,2,2.539,2
98.0985,13.748,5756,545,536,2,2.013,2
98.1171,18.590,5757,545,536,2,2.213,2
98.1340,16.836,5758,545,536,2,2.047,2
98.1515,17.554,5759,545,536,2,2.131,2
98.1648,13.344,5760,545,536,2,2.116,2
98.1834,18.524,5761,545,536,2,2.270,2
98.1981,14.729,5762,545,536,2,2.060,2
98.2184,20.273,5763,545,536,2,2.499,2
98.2317,13.318,5764,545,536,2,2.041,2
98.2524,20.707,5765,545,536,2,2.552,2
98.2718,19.439,5766,545,536,2,3.181,2
98.2927,20.851,5767,545,536,2,2.559,2
98.3100,17.350,5768,545,536,2,2.635,2
98.3257,15.669,5769,545,536,2,2.505,2
98.3409,15.209,5770,545,536,2,2.905,2
98.3573,16.361,5771,545,536,2,2.144,2
98.3725,15.210,5772,545,536,2,3.176,2
98.3885,16.017,5773,545,536,2,2.435,2
98.4020,13.454,5774,545,536,2,2.566,2
98.4188,16.816,5775,545,536,2,2.542,2
98.4334,14.667,5776,545,536,2,2.039,2
98.4520,18.538,5777,545,536,2,2.184,2
98.4652,13.231,5778,545,536,2,2.485,2
98.4850,19.772,5779,545,536,2,2.767,2
98.5007,15.720,5780,545,536,2,2.497,2
98.5170,16.285,5781,545,536,2,2.369,2
98.5325,15.530,5782,545,536,2,2.083,2
98.5511,18.609,5783,545,536,2,3.046,2
98.5676,16.518,5784,545,536,2,2.118,2
98.5848,17.153,5785,545,536,2,2.115,2
98.5982,13.367,5786,545,536,2,2.142,2
98.6174,19.206,5787,545,536,2,2.840,2
98.6314,14.011,5788,545,536,2,2.055,2
98.6505,19.134,5789,545,536,2,2.316,2
98.6649,14.398,5790,545,536,2,2.138,2
98.6835,18.562,5791,545,536,2,2.571,2
98.6984,14.970,5792,545,536,2,2.094,2
98.7162,17.753,5793,545,536,2,2.229,2
98.7313,15.120,5794,545,536,2,1.986,2
98.7501,18.759,5795,545,536,2,2.317,2
98.7645,14.454,5796,545,536,2,1.992,2
98.7831,18.600,5797,545,536,2,2.295,2
98.7987,15.516,5798,545,536,2,2.459,2
98.8177,19.050,5799,545,536,2,2.255,2
98.8317,14.033,5800,545,536,2,2.459,2
98.8508,19.107,5801,545,536,2,2.394,2
98.8647,13.882,5802,545,536,2,2.043,2
98.8836,18.849,5803,545,536,2,2.478,2
98.8988,15.204,5804,545,536,2,2.198,2
98.9172,18.454,5805,545,536,2,2.427,2
98.9324,15.143,5806,545,536,2,2.342,2
98.9504,18.028,5807,545,536,2,2.152,2
98.9652,14.829,5808,545,536,2,2.497,2
98.9838,18.603,5809,545,536,2,2.151,2
98.9984,14.614,5810,545,536,2,2.048,2
99.0172,18.744,5811,545,536,2,2.323,2
99.0313,14.067,5812,545,536,2,2.006,2
99.0495,18.220,5813,545,536,2,2.267,2
99.0652,15.768,5814,545,536,2,2.423,2
99.0850,19.756,5815,545,536,2,2.287,2
99.0979,12.946,5816,545,536,2,2.001,2
99.1172,19.229,5817,545,536,2,2.492,2
99.1330,15.847,5818,545,536,2,2.423,2
99.1505,17.465,5819,545,536,2,2.609,2
99.1651,14.597,5820,545,536,2,2.100,2
99.1832,18.114,5821,545,536,2,2.352,2
99.1985,15.287,5822,545,536,2,2.108,2
99.2164,17.939,5823,545,536,2,2.147,2
99.2316,15.173,5824,545,536,2,2.003,2
99.2508,19.173,5825,545,536,2,2.284,2
99.2647,13.966,5826,545,536,2,2.013,2
99.2854,20.627,5827,545,536,2,2.700,2
99.2981,12.703,5828,545,536,2,2.041,2
99.3173,19.278,5829,545,536,2,2.687,2
99.3315,14.117,5830,545,536,2,2.004,2
99.3524,20.942,5831,545,536,2,2.221,2
99.3647,12.297,5832,545,536,2,2.051,2
99.3842,19.520,5833,545,536,2,2.442,2
99.3993,15.061,5834,545,536,2,2.469,2
99.4181,18.840,5835,545,536,2,2.841,2
99.4330,14.866,5836,545,536,2,2.311,2
99.4516,18.635,5837,545,536,2,2.476,2
99.4667,15.094,5838,545,536,2,2.155,2
99.4856,18.894,5839,545,536,2,2.654,2
99.4993,13.659,5840,545,536,2,2.151,2
99.5185,19.280,5841,545,536,2,2.262,2
99.5338,15.245,5842,545,536,2,2.146,2
99.5543,20.533,5843,545,536,2,2.709,2
99.5683,13.956,5844,545,536,2,2.256,2
99.5852,16.877,5845,545,536,2,2.662,2
99.5994,14.194,5846,545,536,2,2.264,2
99.6196,20.228,5847,545,536,2,4.188,2
99.6386,18.991,5848,545,536,2,2.713,2
99.6539,15.306,5849,545,536,2,2.685,2
99.6663,12.391,5850,545,536,2,2.104,2
99.6855,19.182,5851,545,536,2,3.147,2
99.6993,13.853,5852,545,536,2,2.661,2
99.7185,19.164,5853,545,536,2,2.223,2
99.7328,14.285,5854,545,536,2,2.177,2
99.7517,18.929,5855,545,536,2,2.264,2
99.7662,14.526,5856,545,536,2,2.230,2
99.7893,23.108,5857,545,536,2,3.228,2
99.8121,22.776,5858,545,536,2,5.978,2
99.8319,19.829,5859,545,536,2,2.281,2
99.8479,15.940,5860,545,536,2,3.233,2
99.8630,15.112,5861,545,536,2,2.096,2
99.8838,20.835,5862,545,536,2,2.570,2
99.9003,16.463,5863,545,536,2,3.251,2
99.9188,18.547,5864,545,536,2,2.232,2
99.9319,13.039,5865,545,536,2,2.331,2
99.9486,16.703,5866,545,536,2,3.356,2
99.9628,14.228,5867,545,536,2,2.138,2
99.9760,13.218,5868,545,536,2,3.352,2
99.9893,13.273,5869,545,536,2,2.330,2
100.0004,11.105,5870,545,536,2,2.056,2
100.0173,16.899,5871,545,536,2,2.170,2
100.0317,14.454,5872,545,536,2,2.423,2
100.0511,19.361,5873,545,536,2,2.171,2
100.0647,13.643,5874,545,536,2,2.001,2
100.0853,20.557,5875,545,536,2,2.675,2
100.0980,12.728,5876,545,536,2,2.005,2
100.1176,19.610,5877,545,536,2,2.878,2
100.1333,15.629,5878,545,536,2,2.585,2
100.1519,18.598,5879,545,536,2,2.540,2
100.1650,13.136,5880,545,536,2,2.114,2
100.1842,19.179,5881,545,536,2,2.139,2
100.1983,14.150,5882,545,536,2,2.055,2
100.2177,19.384,5883,545,536,2,2.383,2
100.2316,13.931,5884,545,536,2,2.046,2
100.2512,19.542,5885,545,536,2,2.275,2
100.2651,13.876,5886,545,536,2,2.031,2
100.2865,21.477,5887,545,536,2,2.621,2
100.3020,15.505,5888,545,536,2,2.768,2
100.3229,20.840,5889,545,537,2,2.697,2
100.3337,10.858,5890,545,537,2,2.051,2
100.3518,18.070,5891,545,538,2,2.485,2
100.3647,12.910,5892,545,538,2,2.003,2
100.3853,20.560,5893,545,539,2,2.527,2
100.4000,14.763,5894,545,540,2,2.048,2
100.4215,21.438,5895,545,541,2,2.816,2
100.4333,11.869,5896,545,542,2,2.186,2
100.4509,17.586,5897,545,542,2,2.122,2
100.4659,14.921,5898,545,541,2,2.159,2
100.4843,18.476,5899,545,540,2,2.179,2
100.4990,14.643,5900,545,538,2,2.022,2
100.5182,19.206,5901,545,535,2,2.529,2
100.5323,14.110,5902,545,532,2,2.043,2
100.5517,19.417,5903,545,527,2,2.652,2
100.5662,14.458,5904,545,522,2,2.050,2
100.5844,18.265,5905,545,517,2,2.188,2
100.5985,14.088,5906,545,512,2,1.994,2
100.6192,20.638,5907,545,507,2,2.308,2
100.6324,13.292,5908,545,502,2,2.023,2
100.6558,23.362,5909,545,498,2,2.586,2
100.6670,11.191,5910,545,494,2,1.988,2
100.6871,20.053,5911,545,492,2,2.611,2
100.7008,13.768,5912,545,491,2,2.011,2
100.7181,17.317,5913,545,491,2,2.133,2
100.7324,14.263,5914,545,490,2,2.010,2
100.7512,18.820,5915,545,489,2,2.265,2
100.7655,14.259,5916,545,488,2,2.015,2
100.7846,19.069,5917,545,487,2,2.216,2
100.7995,14.923,5918,545,484,2,2.008,2
100.8177,18.275,5919,545,481,2,2.290,2
100.8317,13.972,5920,545,478,2,1.989,2
100.8524,20.726,5921,545,474,2,2.106,2
100.8651,12.697,5922,545,469,2,1.977,2
100.8849,19.710,5923,545,463,2,2.465,2
100.8994,14.553,5924,545,457,2,2.056,2
100.9182,18.771,5925,545,451,2,2.972,2
100.9345,16.284,5926,545,445,2,1.987,2
100.9541,19.649,5927,545,438,2,2.387,2
100.9664,12.281,5928,545,434,2,2.351,2
100.9837,17.276,5929,545,434,2,2.427,2
100.9980,14.312,5930,545,434,2,1.932,2
101.0164,18.466,5931,545,434,2,2.092,2
101.0312,14.727,5932,545,434,2,1.935,2
101.0509,19.697,5933,545,434,2,2.451,2
101.0645,13.623,5934,545,434,2,1.938,2
101.0853,20.852,5935,545,434,2,2.518,2
101.0978,12.427,5936,545,434,2,1.936,2
101.1186,20.803,5937,545,434,2,2.598,2
101.1319,13.279,5938,545,434,2,1.934,2
101.1513,19.487,5939,545,434,2,2.409,2
101.1652,13.872,5940,545,434,2,2.038,2
101.1871,21.869,5941,545,434,2,2.740,2
101.1986,11.483,5942,545,434,2,2.054,2
101.2194,20.785,5943,545,434,2,2.439,2
101.2319,12.554,5944,545,434,2,1.977,2
101.2509,19.031,5945,545,434,2,2.442,2
101.2652,14.288,5946,545,434,2,2.328,2
101.2865,21.229,5947,545,434,2,2.575,2
101.3030,16.554,5948,545,434,2,2.510,2
101.3217,18.710,5949,545,434,2,2.656,2
101.3345,12.787,5950,545,434,2,2.057,2
101.3509,16.425,5951,545,434,2,2.062,2
101.3645,13.588,5952,545,434,2,1.974,2
101.3838,19.264,5953,545,436,2,2.083,2
101.3987,14.903,5954,545,441,2,2.045,2
101.4168,18.138,5955,545,447,2,2.210,2
101.4326,15.811,5956,545,452,2,2.171,2
101.4520,19.340,5957,545,458,2,2.984,2
101.4674,15.459,5958,545,463,2,2.087,2
101.4872,19.798,5959,545,468,2,2.078,2
101.5003,13.029,5960,545,472,2,1.980,2
101.5179,17.636,5961,545,476,2,2.246,2
101.5326,14.689,5962,545,479,2,2.400,2
101.5511,18.476,5963,545,482,2,2.236,2
101.5659,14.879,5964,545,484,2,2.399,2
101.5844,18.432,5965,545,486,2,2.535,2
101.5992,14.818,5966,545,488,2,2.020,2
101.6173,18.102,5967,545,489,2,2.178,2
101.6317,14.374,5968,545,490,2,1.961,2
101.6514,19.744,5969,545,490,2,2.525,2
101.6667,15.241,5970,545,491,2,1.986,2
101.6849,18.199,5971,545,491,2,2.390,2
101.6990,14.113,5972,545,491,2,2.113,2
101.7210,22.064,5973,545,491,2,3.024,2
101.7331,12.110,5974,545,491,2,2.427,2
101.7529,19.773,5975,545,491,2,2.539,2
101.7660,13.081,5976,545,491,2,2.032,2
101.7841,18.065,5977,545,491,2,2.106,2
101.7983,14.246,5978,545,491,2,1.984,2
101.8174,19.139,5979,545,491,2,2.096,2
101.8314,13.946,5980,545,491,2,1.971,2
101.8508,19.459,5981,545,491,2,2.545,2
101.8649,14.007,5982,545,491,2,2.008,2
101.8838,18.974,5983,545,491,2,2.101,2
101.8981,14.265,5984,545,491,2,2.002,2
101.9165,18.363,5985,545,491,2,2.520,2
101.9315,15.012,5986,545,491,2,2.008,2
101.9502,18.697,5987,545,491,2,2.441,2
101.9664,16.222,5988,545,491,2,2.303,2
101.9844,17.963,5989,545,491,2,2.978,2
101.9986,14.230,5990,545,491,2,2.093,2
102.0186,20.022,5991,545,491,2,2.146,2
102.0319,13.274,5992,545,491,2,2.202,2
102.0508,18.928,5993,545,491,2,2.223,2
102.0651,14.317,5994,545,491,2,2.013,2
102.0842,19.110,5995,545,491,2,2.546,2
102.0988,14.607,5996,545,491,2,2.029,2
102.1180,19.186,5997,545,491,2,2.450,2
102.1337,15.699,5998,545,492,2,2.368,2
102.1516,17.877,5999,545,494,2,2.206,2
102.1652,13.631,6000,545,496,2,2.044,2
102.1850,19.779,6001,545,498,2,2.084,2
102.1997,14.732,6002,545,501,2,2.175,2
102.2185,18.710,6003,545,504,2,2.524,2
102.2323,13.810,6004,545,507,2,1.986,2
102.2518,19.551,6005,545,510,2,2.568,2
102.2666,14.796,6006,545,514,2,2.027,2
102.2927,26.116,6007,545,517,2,2.916,2
102.3054,12.685,6008,545,520,2,2.280,2
102.3225,17.110,6009,545,523,2,2.410,2
102.3352,12.670,6010,545,525,2,2.460,2
102.3519,16.745,6011,545,528,2,2.200,2
102.3657,13.745,6012,545,530,2,2.047,2
102.3854,19.756,6013,545,532,2,2.575,2
102.3998,14.345,6014,545,534,2,2.047,2
102.4191,19.307,6015,545,535,2,2.142,2
102.4323,13.199,6016,545,537,2,2.045,2
102.4532,20.874,6017,545,538,2,2.490,2
102.4654,12.274,6018,545,539,2,2.069,2
102.4851,19.687,6019,545,539,2,2.755,2
102.4989,13.788,6020,545,540,2,2.000,2
102.5182,19.271,6021,545,540,2,2.796,2
102.5331,14.956,6022,545,540,2,2.463,2
102.5530,19.877,6023,545,540,2,2.136,2
102.5665,13.473,6024,545,540,2,2.034,2
102.5840,17.471,6025,545,540,2,2.170,2
102.5987,14.751,6026,545,540,2,2.191,2
102.6173,18.592,6027,545,540,2,2.281,2
102.6319,14.583,6028,545,540,2,2.073,2
102.6508,18.958,6029,545,540,2,2.204,2
102.6651,14.295,6030,545,540,2,2.050,2
102.6853,20.185,6031,545,539,2,2.235,2
102.6983,13.010,6032,545,539,2,2.052,2
102.7177,19.349,6033,545,539,2,2.336,2
102.7317,13.970,6034,545,539,2,2.049,2
102.7534,21.776,6035,545,538,2,2.121,2
102.7654,11.987,6036,545,538,2,2.060,2
102.7848,19.375,6037,545,537,2,2.715,2
102.7984,13.628,6038,545,537,2,2.047,2
102.8194,20.981,6039,545,537,2,2.385,2
102.8325,13.145,6040,545,536,2,2.072,2
102.8520,19.412,6041,545,536,2,2.096,2
102.8653,13.305,6042,545,535,2,2.046,2
102.8857,20.399,6043,545,535,2,2.346,2
102.9000,14.360,6044,545,535,2,2.241,2
102.9179,17.875,6045,545,534,2,2.374,2
102.9327,14.805,6046,545,534,2,2.251,2
102.9508,18.109,6047,545,534,2,2.279,2
102.9649,14.065,6048,545,534,2,2.050,2
102.9853,20.387,6049,545,534,2,2.929,2
102.9987,13.461,6050,545,534,2,2.001,2
103.0177,18.938,6051,545,533,2,2.127,2
103.0318,14.155,6052,545,533,2,2.037,2
103.0521,20.292,6053,545,532,2,2.769,2
103.0662,14.068,6054,545,531,2,2.030,2
103.0875,21.300,6055,545,530,2,2.581,2
103.1015,13.978,6056,545,528,2,2.516,2
103.1193,17.875,6057,545,527,2,2.937,2
103.1328,13.510,6058,545,525,2,2.460,2
103.1522,19.323,6059,545,522,2,2.237,2
103.1677,15.532,6060,545,520,2,2.033,2
103.1852,17.494,6061,545,517,2,2.226,2
103.1991,13.888,6062,545,513,2,1.995,2
103.2175,18.399,6063,545,510,2,2.081,2
103.2327,15.210,6064,545,506,2,2.037,2
103.2532,20.496,6065,545,502,2,2.714,2
103.2686,15.374,6066,545,498,2,2.362,2
103.2874,18.804,6067,545,494,2,2.342,2
103.3026,15.212,6068,545,490,2,2.331,2
103.3217,19.171,6069,545,487,2,2.499,2
103.3380,16.255,6070,545,484,2,2.061,2
103.3539,15.929,6071,545,481,2,1.972,2
103.3673,13.391,6072,545,479,2,2.018,2
103.3850,17.714,6073,545,477,2,2.203,2
103.3996,14.562,6074,545,476,2,2.025,2
103.4175,17.915,6075,545,476,2,2.133,2
103.4323,14.795,6076,545,476,2,2.063,2
103.4511,18.818,6077,545,476,2,2.469,2
103.4651,13.955,6078,545,476,2,2.010,2
103.4845,19.408,6079,545,476,2,2.215,2
103.4984,13.935,6080,545,476,2,1.961,2
103.5177,19.287,6081,545,476,2,2.387,2
103.5316,13.918,6082,545,476,2,1.965,2
103.5507,19.053,6083,545,476,2,2.274,2
103.5654,14.692,6084,545,476,2,1.992,2
103.5836,18.261,6085,545,476,2,2.401,2
103.5989,15.276,6086,545,476,2,2.212,2
103.6200,21.047,6087,545,476,2,2.338,2
103.6319,11.913,6088,545,476,2,2.011,2
103.6533,21.397,6089,545,477,2,2.998,2
103.6669,13.657,6090,545,477,2,1.998,2
103.6849,17.981,6091,545,477,2,2.371,2
103.6992,14.284,6092,545,478,2,2.068,2
103.7183,19.124,6093,545,478,2,2.210,2
103.7322,13.921,6094,545,478,2,2.052,2
103.7505,18.274,6095,545,478,2,2.204,2
103.7662,15.656,6096,545,479,2,2.163,2
103.7845,18.300,6097,545,479,2,2.111,2
103.7989,14.471,6098,545,479,2,2.023,2
103.8183,19.363,6099,545,479,2,2.252,2
103.8323,14.051,6100,545,479,2,2.005,2
103.8521,19.803,6101,545,479,2,2.846,2
103.8658,13.634,6102,545,479,2,2.086,2
103.8862,20.441,6103,545,479,2,2.266,2
103.8998,13.610,6104,545,481,2,1.996,2
103.9184,18.538,6105,545,484,2,2.305,2
103.9329,14.560,6106,545,488,2,2.031,2
103.9519,19.008,6107,545,492,2,2.109,2
103.9659,13.962,6108,545,498,2,2.036,2
103.9845,18.590,6109,545,504,2,2.165,2
103.9998,15.321,6110,545,511,2,2.030,2
104.0179,18.114,6111,545,517,2,2.105,2
104.0329,15.017,6112,545,524,2,2.050,2
104.0524,19.452,6113,545,529,2,2.721,2
104.0670,14.640,6114,545,534,2,2.194,2
104.0866,19.599,6115,545,538,2,2.885,2
104.0999,13.246,6116,545,541,2,2.143,2
104.1192,19.321,6117,545,542,2,2.557,2
104.1326,13.376,6118,545,542,2,2.117,2
104.1533,20.716,6119,545,542,2,2.072,2
104.1672,13.882,6120,545,541,2,2.030,2
104.1860,18.854,6121,545,539,2,2.344,2
104.2001,14.067,6122,545,538,2,2.154,2
104.2195,19.400,6123,545,537,2,2.560,2
104.2336,14.108,6124,545,537,2,2.061,2
104.2517,18.086,6125,545,536,2,2.270,2
104.2666,14.922,6126,545,536,2,2.469,2
104.2876,20.969,6127,545,536,2,2.649,2
104.3037,16.146,6128,545,536,2,2.541,2
104.3235,19.754,6129,545,536,2,2.069,2
104.3366,13.146,6130,545,536,2,2.480,2
104.3535,16.896,6131,545,536,2,2.801,2
104.3672,13.654,6132,545,536,2,2.311,2
104.3875,20.370,6133,545,536,2,2.295,2
104.3993,11.729,6134,545,536,2,2.166,2
104.4198,20.562,6135,545,536,2,2.597,2
104.4328,13.001,6136,545,536,2,2.052,2
104.4511,18.235,6137,545,536,2,2.524,2
104.4658,14.759,6138,545,536,2,2.053,2
104.4850,19.210,6139,545,536,2,2.775,2
104.4992,14.180,6140,545,536,2,2.068,2
104.5175,18.304,6141,545,536,2,2.202,2
104.5324,14.893,6142,545,536,2,2.065,2
104.5501,17.672,6143,545,536,2,2.141,2
104.5657,15.582,6144,545,536,2,2.078,2
104.5860,20.291,6145,545,536,2,2.182,2
104.5994,13.387,6146,545,536,2,2.117,2
104.6181,18.729,6147,545,536,2,2.766,2
104.6343,16.223,6148,545,536,2,2.523,2
104.6514,17.113,6149,545,536,2,2.548,2
104.6662,14.789,6150,545,536,2,2.177,2
104.6864,20.162,6151,545,536,2,2.048,2
104.7002,13.845,6152,545,536,2,2.105,2
104.7177,17.466,6153,545,536,2,2.245,2
104.7337,15.983,6154,545,536,2,2.502,2
104.7510,17.372,6155,545,536,2,2.207,2
104.7659,14.878,6156,545,536,2,2.066,2
104.7847,18.771,6157,545,536,2,2.196,2
104.7990,14.330,6158,545,536,2,2.015,2
104.8173,18.300,6159,545,536,2,2.191,2
104.8321,14.807,6160,545,536,2,2.046,2
104.8523,20.204,6161,545,536,2,2.760,2
104.8655,13.164,6162,545,536,2,2.045,2
104.8849,19.446,6163,545,536,2,2.440,2
104.9008,15.821,6164,545,536,2,2.602,2
104.9188,18.091,6165,545,536,2,2.582,2
104.9328,13.907,6166,545,536,2,2.102,2
104.9519,19.130,6167,545,536,2,2.140,2
104.9660,14.104,6168,545,536,2,2.248,2
104.9849,18.957,6169,545,536,2,2.503,2
104.9992,14.283,6170,545,536,2,2.138,2
105.0184,19.165,6171,545,536,2,2.241,2
105.0323,13.897,6172,545,536,2,2.057,2
105.0506,18.306,6173,545,537,2,2.110,2
105.0660,15.374,6174,545,537,2,2.051,2
105.0848,18.880,6175,545,538,2,2.267,2
105.0998,14.923,6176,545,539,2,2.067,2
105.1192,19.438,6177,545,540,2,2.468,2
105.1344,15.142,6178,545,541,2,2.052,2
105.1527,18.390,6179,545,542,2,2.377,2
105.1658,13.067,6180,545,542,2,2.284,2
105.1907,24.918,6181,545,541,2,2.529,2
105.2003,9.565,6182,545,540,2,2.555,2
105.2198,19.498,6183,545,537,2,2.173,2
105.2335,13.691,6184,545,532,2,2.079,2
105.2523,18.805,6185,545,527,2,2.196,2
105.2677,15.390,6186,545,521,2,2.125,2
105.2865,18.811,6187,545,515,2,2.087,2
105.3001,13.578,6188,545,508,2,2.033,2
105.3184,18.381,6189,545,502,2,2.039,2
105.3326,14.126,6190,545,496,2,2.015,2
105.3529,20.283,6191,545,490,2,2.327,2
105.3678,14.900,6192,545,486,2,2.396,2
105.3854,17.685,6193,545,482,2,2.619,2
105.4009,15.425,6194,545,480,2,2.033,2
105.4187,17.864,6195,545,479,2,2.837,2
105.4328,14.109,6196,545,479,2,2.240,2
105.4516,18.764,6197,545,479,2,2.643,2
105.4655,13.910,6198,545,479,2,2.065,2
105.4858,20.284,6199,545,479,2,2.099,2
105.4989,13.055,6200,545,479,2,2.010,2
105.5195,20.638,6201,545,479,2,3.034,2
105.5330,13.544,6202,545,478,2,2.024,2
105.5512,18.190,6203,545,478,2,2.521,2
105.5655,14.314,6204,545,478,2,2.039,2
105.5845,18.941,6205,545,478,2,2.101,2
105.5993,14.819,6206,545,477,2,2.017,2
105.6180,18.683,6207,545,477,2,2.495,2
105.6320,13.986,6208,545,477,2,2.000,2
105.6538,21.841,6209,545,476,2,2.304,2
105.6655,11.741,6210,545,476,2,2.003,2
105.6850,19.412,6211,545,476,2,2.258,2
105.7005,15.496,6212,545,476,2,2.495,2
105.7175,17.041,6213,545,476,2,2.469,2
105.7325,15.052,6214,545,476,2,2.289,2
105.7532,20.667,6215,545,476,2,2.438,2
105.7672,13.984,6216,545,476,2,2.302,2
105.7853,18.070,6217,545,476,2,2.551,2
105.7991,13.798,6218,545,476,2,2.129,2
105.8180,18.929,6219,545,476,2,2.431,2
105.8325,14.459,6220,545,476,2,2.142,2
105.8512,18.762,6221,545,476,2,2.166,2
105.8657,14.431,6222,545,476,2,2.034,2
105.8842,18.551,6223,545,476,2,2.141,2
105.8989,14.734,6224,545,476,2,2.183,2
105.9173,18.364,6225,545,476,2,2.115,2
105.9326,15.269,6226,545,477,2,2.034,2
105.9512,18.620,6227,545,479,2,2.092,2
105.9658,14.580,6228,545,481,2,2.047,2
105.9862,20.390,6229,545,483,2,2.224,2
105.9993,13.135,6230,545,486,2,2.082,2
106.0214,22.093,6231,545,489,2,2.808,2
106.0351,13.758,6232,545,493,2,2.267,2
106.0546,19.504,6233,545,497,2,2.548,2
106.0670,12.381,6234,545,500,2,1.991,2
106.0861,19.113,6235,545,504,2,2.255,2
106.1000,13.895,6236,545,508,2,2.260,2
106.1185,18.474,6237,545,511,2,2.247,2
106.1333,14.806,6238,545,514,2,2.275,2
106.1526,19.285,6239,545,517,2,2.649,2
106.1669,14.252,6240,545,520,2,2.039,2
106.1853,18.470,6241,545,523,2,2.359,2
106.1999,14.575,6242,545,525,2,2.517,2
106.2189,19.035,6243,545,527,2,2.210,2
106.2329,13.987,6244,545,528,2,2.310,2
106.2536,20.644,6245,545,530,2,2.495,2
106.2684,14.877,6246,545,531,2,2.105,2
106.2877,19.215,6247,545,532,2,3.046,2
106.3079,20.221,6248,545,533,2,2.204,2
106.3251,17.269,6249,545,533,2,2.162,2
106.3454,20.285,6250,545,534,2,2.590,2
106.3578,12.386,6251,545,534,2,2.038,2
106.3721,14.290,6252,545,534,2,2.565,2
106.3888,16.703,6253,545,534,2,2.538,2
106.4021,13.322,6254,545,534,2,2.619,2
106.4193,17.143,6255,545,534,2,2.754,2
106.4328,13.515,6256,545,535,2,2.161,2
106.4531,20.265,6257,545,535,2,2.526,2
106.4653,12.209,6258,545,535,2,2.123,2
106.4845,19.193,6259,545,535,2,2.446,2
106.4996,15.178,6260,545,536,2,2.085,2
106.5180,18.402,6261,545,536,2,2.263,2
106.5388,20.792,6262,545,537,2,2.155,2
106.5522,13.348,6263,545,537,2,2.761,2
106.5694,17.264,6264,545,538,2,2.359,2
106.5881,18.691,6265,545,538,2,2.365,2
106.6000,11.900,6266,545,538,2,2.227,2
106.6182,18.200,6267,545,539,2,2.618,2
106.6320,13.768,6268,545,539,2,2.254,2
106.6517,19.672,6269,545,539,2,2.421,2
106.6661,14.408,6270,545,540,2,2.090,2
106.6851,19.012,6271,545,540,2,2.530,2
106.6989,13.768,6272,545,540,2,2.099,2
106.7184,19.552,6273,545,540,2,2.649,2
106.7322,13.755,6274,545,540,2,2.196,2
106.7513,19.110,6275,545,540,2,2.173,2
106.7657,14.406,6276,545,540,2,2.157,2
106.7845,18.811,6277,545,540,2,2.158,2
106.7992,14.715,6278,545,540,2,2.541,2
106.8208,21.636,6279,545,540,2,2.729,2
106.8337,12.892,6280,545,540,2,2.119,2
106.8525,18.727,6281,545,540,2,2.630,2
106.8676,15.085,6282,545,539,2,2.166,2
106.8856,18.051,6283,545,538,2,2.831,2
106.9006,14.962,6284,545,537,2,2.460,2
106.9179,17.357,6285,545,536,2,2.516,2
106.9335,15.540,6286,545,535,2,2.876,2
106.9524,18.982,6287,545,533,2,2.853,2
106.9665,14.011,6288,545,531,2,2.447,2
106.9848,18.393,6289,545,529,2,2.496,2
106.9998,14.907,6290,545,527,2,2.648,2
107.0179,18.153,6291,545,524,2,2.200,2
107.0328,14.912,6292,545,522,2,2.150,2
107.0521,19.242,6293,545,519,2,2.531,2
107.0669,14.808,6294,545,516,2,2.387,2
107.0887,21.829,6295,545,512,2,2.063,2
107.1028,14.072,6296,545,509,2,2.147,2
107.1208,18.057,6297,545,506,2,2.396,2
107.1369,16.035,6298,545,503,2,2.619,2
107.1528,15.907,6299,545,500,2,2.274,2
107.1654,12.623,6300,545,497,2,2.380,2
107.1855,20.061,6301,545,495,2,2.366,2
107.2002,14.736,6302,545,493,2,2.446,2
107.2193,19.140,6303,545,492,2,2.729,2
107.2333,13.962,6304,545,491,2,2.629,2
107.2516,18.294,6305,545,491,2,2.492,2
107.2659,14.309,6306,545,490,2,2.288,2
107.2878,21.884,6307,545,490,2,2.860,2
107.3052,17.465,6308,545,489,2,2.453,2
107.3297,24.508,6309,545,488,2,2.355,2
107.3406,10.886,6310,545,486,2,2.494,2
107.3582,17.576,6311,545,484,2,2.001,2
107.3726,14.408,6312,545,481,2,2.395,2
107.3892,16.562,6313,545,478,2,2.334,2
107.4012,12.003,6314,545,473,2,2.071,2
107.4191,17.906,6315,545,469,2,2.057,2
107.4327,13.619,6316,545,463,2,2.697,2
107.4514,18.730,6317,545,458,2,2.279,2
107.4657,14.297,6318,545,452,2,2.503,2
107.4843,18.524,6319,545,446,2,2.300,2
107.4987,14.398,6320,545,440,2,2.315,2
107.5175,18.859,6321,545,434,2,2.646,2
107.5314,13.931,6322,545,434,2,2.432,2
107.5501,18.625,6323,545,434,2,2.456,2
107.5652,15.130,6324,545,434,2,2.470,2
107.5849,19.661,6325,545,434,2,2.489,2
107.5991,14.194,6326,545,434,2,2.272,2
107.6178,18.786,6327,545,434,2,2.681,2
107.6360,18.175,6328,545,434,2,2.306,2
107.6544,18.335,6329,545,434,2,2.217,2
107.6677,13.339,6330,545,434,2,2.229,2
107.6856,17.920,6331,545,434,2,2.268,2
107.6993,13.719,6332,545,434,2,2.321,2
107.7175,18.173,6333,545,434,2,2.963,2
107.7328,15.312,6334,545,434,2,2.421,2
107.7501,17.243,6335,545,434,2,2.599,2
107.7657,15.628,6336,545,434,2,2.750,2
107.7839,18.230,6337,545,434,2,2.695,2
107.7983,14.356,6338,545,434,2,2.622,2
107.8187,20.469,6339,545,434,2,2.552,2
107.8313,12.599,6340,545,434,2,2.477,2
107.8503,18.993,6341,545,434,2,2.508,2
107.8650,14.698,6342,545,434,2,2.666,2
107.8855,20.474,6343,545,434,2,2.648,2
107.9033,17.757,6344,545,434,2,2.440,2
107.9199,16.674,6345,545,437,2,2.308,2
107.9328,12.818,6346,545,443,2,2.530,2
107.9522,19.422,6347,545,449,2,2.185,2
107.9656,13.450,6348,545,455,2,2.532,2
107.9838,18.159,6349,545,461,2,3.064,2
107.9988,14.992,6350,545,467,2,2.586,2
108.0199,21.137,6351,545,471,2,3.167,2
108.0323,12.361,6352,545,476,2,2.640,2
108.0526,20.369,6353,545,479,2,2.600,2
108.0667,14.031,6354,545,483,2,2.522,2
108.0841,17.424,6355,545,485,2,2.811,2
108.1001,16.036,6356,545,487,2,2.431,2
108.1187,18.542,6357,545,488,2,3.056,2
108.1341,15.402,6358,545,490,2,2.773,2
108.1513,17.171,6359,545,490,2,3.318,2
108.1692,17.991,6360,545,491,2,2.225,2
108.1858,16.571,6361,545,491,2,2.387,2
108.1991,13.319,6362,545,492,2,2.426,2
108.2178,18.692,6363,545,494,2,2.613,2
108.2322,14.332,6364,545,497,2,2.451,2
108.2509,18.770,6365,545,501,2,2.384,2
108.2656,14.659,6366,545,505,2,2.479,2
108.2885,22.898,6367,545,510,2,2.933,2
108.3043,15.855,6368,545,515,2,2.667,2
108.3230,18.615,6369,545,520,2,2.270,2
108.3394,16.429,6370,545,525,2,2.192,2
108.3557,16.348,6371,545,529,2,2.439,2
108.3694,13.704,6372,545,533,2,2.383,2
108.3871,17.692,6373,545,536,2,2.592,2
108.4054,18.281,6374,545,539,2,3.006,2
108.4191,13.670,6375,545,540,2,3.132,2
108.4374,18.305,6376,545,541,2,2.627,2
108.4549,17.478,6377,545,542,2,2.025,2
108.4680,13.127,6378,545,542,2,2.343,2
108.4852,17.239,6379,545,541,2,2.378,2
108.4985,13.312,6380,545,541,2,2.488,2
108.5177,19.180,6381,545,540,2,2.890,2
108.5320,14.276,6382,545,539,2,2.433,2
108.5552,23.193,6383,545,538,2,2.923,2
108.5662,11.042,6384,545,537,2,2.516,2
108.5857,19.491,6385,545,537,2,3.217,2
108.5987,13.013,6386,545,536,2,2.305,2
108.6190,20.240,6387,545,536,2,3.307,2
108.6316,12.642,6388,545,536,2,2.418,2
108.6523,20.703,6389,545,536,2,2.877,2
108.6664,14.117,6390,545,536,2,2.495,2
108.6843,17.855,6391,545,536,2,3.208,2
108.7014,17.111,6392,545,536,2,2.211,2
108.7187,17.276,6393,545,536,2,2.733,2
108.7319,13.201,6394,545,536,2,2.456,2
108.7507,18.855,6395,545,536,2,2.852,2
108.7654,14.693,6396,545,536,2,2.542,2
108.7835,18.082,6397,545,536,2,3.107,2
108.7982,14.698,6398,545,536,2,2.310,2
108.8170,18.805,6399,545,536,2,3.277,2
108.8318,14.756,6400,545,536,2,2.382,2
108.8500,18.203,6401,545,536,2,2.754,2
108.8646,14.657,6402,545,536,2,2.310,2
108.8854,20.750,6403,545,536,2,3.170,2
108.8980,12.622,6404,545,536,2,2.307,2
108.9179,19.899,6405,545,536,2,2.563,2
108.9340,16.138,6406,545,536,2,2.230,2
108.9518,17.761,6407,545,536,2,2.783,2
108.9686,16.802,6408,545,536,2,2.689,2
108.9853,16.738,6409,545,536,2,2.228,2
108.9989,13.587,6410,545,536,2,2.558,2
109.0177,18.805,6411,545,536,2,3.214,2
109.0319,14.144,6412,545,536,2,2.406,2
109.0505,18.619,6413,545,536,2,2.587,2
109.0649,14.416,6414,545,536,2,2.346,2
109.0838,18.886,6415,545,536,2,2.710,2
109.0982,14.441,6416,545,536,2,2.325,2
109.1166,18.355,6417,545,536,2,2.755,2
109.1313,14.686,6418,545,536,2,2.149,2
109.1515,20.191,6419,545,536,2,3.212,2
109.1647,13.232,6420,545,536,2,2.147,2
109.1850,20.336,6421,545,536,2,2.951,2
109.1991,14.065,6422,545,536,2,2.157,2
109.2174,18.325,6423,545,536,2,3.004,2
109.2340,16.614,6424,545,536,2,2.662,2
109.2508,16.771,6425,545,536,2,3.084,2
109.2653,14.445,6426,545,536,2,2.374,2
109.2854,20.102,6427,545,536,2,2.471,2
109.2984,12.997,6428,545,536,2,2.273,2
109.3170,18.655,6429,545,536,2,2.823,2
109.3318,14.800,6430,545,536,2,2.375,2
109.3517,19.936,6431,545,536,2,2.867,2
109.3657,13.931,6432,545,536,2,2.532,2
109.3856,19.873,6433,545,536,2,2.534,2
109.3981,12.525,6434,545,536,2,2.200,2
109.4181,20.026,6435,545,536,2,3.000,2
109.4317,13.595,6436,545,536,2,2.685,2
109.4506,18.910,6437,545,536,2,3.261,2
109.4648,14.186,6438,545,536,2,2.244,2
109.4842,19.454,6439,545,536,2,2.761,2
109.5016,17.398,6440,545,536,2,2.129,2
109.5182,16.534,6441,545,536,2,2.636,2
109.5316,13.369,6442,545,536,2,2.174,2
109.5519,20.305,6443,545,536,2,2.961,2
109.5648,12.986,6444,545,536,2,2.201,2
109.5837,18.873,6445,545,536,2,2.669,2
109.5991,15.364,6446,545,536,2,2.640,2
109.6196,20.500,6447,545,536,2,2.657,2
109.6339,14.280,6448,545,536,2,3.041,2
109.6529,19.032,6449,545,536,2,3.140,2
109.6687,15.858,6450,545,536,2,3.052,2
109.6865,17.780,6451,545,536,2,3.322,2
109.7015,14.978,6452,545,536,2,3.539,2
109.7199,18.392,6453,545,536,2,2.640,2
109.7330,13.075,6454,545,536,2,2.387,2
109.7508,17.854,6455,545,536,2,3.142,2
109.7678,16.967,6456,545,536,2,3.260,2
109.7867,18.940,6457,545,536,2,2.593,2
109.7994,12.703,6458,545,536,2,2.399,2
109.8172,17.762,6459,545,536,2,2.718,2
109.8315,14.291,6460,545,536,2,2.103,2
109.8510,19.545,6461,545,536,2,2.827,2
109.8653,14.254,6462,545,536,2,2.244,2
109.8843,19.037,6463,545,536,2,3.185,2
109.8979,13.595,6464,545,536,2,2.024,2
109.9187,20.826,6465,545,536,2,3.281,2
109.9309,12.198,6466,545,536,2,1.994,2
109.9507,19.742,6467,545,536,2,3.028,2
109.9643,13.625,6468,545,536,2,2.061,2
109.9837,19.361,6469,545,536,2,2.744,2
109.9976,13.965,6470,545,536,2,2.003,2
110.0195,21.830,6471,545,536,2,2.857,2
110.0350,15.515,6472,545,536,2,2.650,2
110.0514,16.401,6473,545,536,2,3.258,2
110.0666,15.198,6474,545,536,2,2.464,2
110.0843,17.769,6475,545,536,2,3.350,2
110.0978,13.501,6476,545,536,2,2.131,2
110.1175,19.691,6477,545,536,2,2.874,2
110.1334,15.845,6478,545,536,2,2.028,2
110.1510,17.576,6479,545,536,2,2.854,2
110.1647,13.773,6480,545,536,2,2.078,2
110.1851,20.392,6481,545,536,2,2.968,2
110.1979,12.821,6482,545,536,2,2.070,2
110.2183,20.368,6483,545,536,2,3.266,2
110.2316,13.239,6484,545,536,2,2.512,2
110.2507,19.160,6485,545,536,2,2.784,2
110.2644,13.723,6486,545,536,2,2.014,2
110.2881,23.662,6487,545,536,2,2.726,2
110.3110,22.920,6488,545,536,2,3.055,2
110.3245,13.516,6489,545,536,2,2.348,2
110.3380,13.495,6490,545,536,2,2.483,2
110.3544,16.357,6491,545,536,2,2.072,2
110.3669,12.512,6492,545,536,2,2.646,2
110.3839,17.040,6493,545,536,2,2.803,2
110.3977,13.785,6494,545,536,2,2.106,2
110.4170,19.288,6495,545,536,2,2.872,2
110.4316,14.633,6496,545,536,2,2.461,2
110.4528,21.149,6497,545,536,2,3.157,2
110.4653,12.484,6498,545,536,2,2.091,2
110.4850,19.682,6499,545,536,2,3.079,2
110.4981,13.097,6500,545,536,2,2.436,2
110.5186,20.575,6501,545,536,2,3.713,2
110.5339,15.280,6502,545,536,2,2.446,2
110.5552,21.320,6503,545,536,2,2.705,2
110.5661,10.848,6504,545,536,2,2.209,2
110.5845,18.373,6505,545,536,2,2.593,2
110.5984,13.925,6506,545,536,2,2.775,2
110.6172,18.806,6507,545,536,2,3.001,2
110.6309,13.686,6508,545,536,2,2.060,2
110.6503,19.395,6509,545,536,2,2.544,2
110.6651,14.843,6510,545,536,2,2.459,2
110.6846,19.483,6511,545,536,2,3.108,2
110.6980,13.361,6512,545,536,2,2.107,2
110.7176,19.605,6513,545,536,2,2.753,2
110.7311,13.586,6514,545,536,2,2.001,2
110.7505,19.375,6515,545,536,2,2.861,2
110.7642,13.684,6516,545,536,2,2.004,2
110.7840,19.800,6517,545,536,2,2.793,2
110.7975,13.482,6518,545,536,2,1.998,2
110.8174,19.932,6519,545,536,2,2.696,2
110.8351,17.734,6520,545,536,2,2.707,2
110.8514,16.271,6521,545,536,2,2.685,2
110.8643,12.852,6522,545,536,2,2.003,2
110.8851,20.785,6523,545,536,2,3.370,2
110.8985,13.395,6524,545,536,2,2.133,2
110.9167,18.254,6525,545,536,2,2.674,2
110.9315,14.788,6526,545,536,2,2.279,2
110.9497,18.227,6527,545,536,2,2.341,2
110.9648,15.116,6528,545,536,2,2.066,2
110.9835,18.707,6529,545,536,2,2.743,2
110.9976,14.098,6530,545,536,2,2.035,2
111.0169,19.232,6531,545,536,2,2.825,2
111.0308,13.905,6532,545,536,2,2.014,2
111.0495,18.692,6533,545,536,2,2.290,2
111.0642,14.708,6534,545,536,2,1.982,2
111.0855,21.287,6535,545,536,2,2.533,2
111.1005,15.030,6536,545,536,2,2.169,2
111.1183,17.837,6537,545,536,2,2.958,2
111.1308,12.494,6538,545,536,2,2.009,2
111.1504,19.593,6539,545,536,2,2.948,2
111.1656,15.170,6540,545,536,2,2.175,2
111.1845,18.932,6541,545,536,2,2.864,2
111.1983,13.757,6542,545,536,2,2.142,2
111.2166,18.321,6543,545,536,2,2.299,2
111.2311,14.467,6544,545,536,2,2.041,2
111.2496,18.556,6545,545,536,2,2.290,2
111.2645,14.842,6546,545,536,2,2.058,2
111.2860,21.584,6547,545,536,2,3.337,2
111.3006,14.554,6548,545,536,2,2.917,2
111.3174,16.775,6549,545,536,2,2.638,2
111.3309,13.517,6550,545,536,2,2.035,2
111.3520,21.090,6551,545,536,2,2.719,2
111.3678,15.829,6552,545,536,2,2.697,2
111.3861,18.268,6553,545,536,2,2.884,2
111.4009,14.862,6554,545,536,2,2.555,2
111.4172,16.272,6555,545,536,2,2.972,2
111.4311,13.918,6556,545,536,2,2.380,2
111.4496,18.475,6557,545,536,2,2.210,2
111.4646,14.956,6558,545,536,2,2.013,2
111.4839,19.354,6559,545,536,2,2.852,2
111.4981,14.207,6560,545,536,2,2.040,2
111.5161,17.995,6561,545,536,2,2.225,2
111.5310,14.850,6562,545,536,2,1.992,2
111.5500,19.055,6563,545,536,2,2.474,2
111.5641,14.027,6564,545,536,2,1.995,2
111.5832,19.102,6565,545,536,2,2.183,2
111.5974,14.239,6566,545,536,2,2.006,2
111.6159,18.527,6567,545,536,2,2.180,2
111.6308,14.884,6568,545,536,2,1.992,2
111.6534,22.632,6569,545,536,2,2.618,2
111.6641,10.638,6570,545,536,2,2.053,2
111.6841,20.049,6571,545,536,2,2.487,2
111.6979,13.823,6572,545,536,2,2.424,2
111.7178,19.830,6573,545,536,2,2.722,2
111.7334,15.623,6574,545,536,2,2.496,2
111.7511,17.731,6575,545,536,2,3.274,2
111.7648,13.685,6576,545,536,2,2.160,2
111.7837,18.880,6577,545,536,2,2.444,2
111.7981,14.415,6578,545,536,2,2.011,2
111.8171,18.987,6579,545,536,2,2.558,2
111.8311,13.999,6580,545,536,2,2.014,2
111.8495,18.374,6581,545,536,2,2.247,2
111.8642,14.774,6582,545,536,2,2.008,2
111.8841,19.833,6583,545,536,2,2.423,2
111.9009,16.776,6584,545,536,2,2.331,2
111.9175,16.604,6585,545,536,2,2.290,2
111.9313,13.893,6586,545,536,2,2.423,2
111.9508,19.416,6587,545,536,2,2.568,2
111.9641,13.295,6588,545,536,2,2.010,2
111.9856,21.530,6589,545,536,2,2.278,2
111.9989,13.261,6590,545,536,2,2.429,2
112.0169,18.041,6591,545,536,2,2.528,2
112.0326,15.710,6592,545,536,2,2.307,2
112.0498,17.163,6593,545,536,2,2.420,2
112.0648,15.015,6594,545,536,2,2.216,2
112.0841,19.359,6595,545,536,2,2.673,2
112.0995,15.332,6596,545,536,2,2.165,2
112.1169,17.466,6597,545,536,2,2.360,2
112.1326,15.687,6598,545,536,2,2.427,2
112.1541,21.454,6599,545,536,2,3.532,2
112.1646,10.553,6600,545,536,2,2.526,2
112.1871,22.492,6601,545,536,2,3.350,2
112.1988,11.709,6602,545,536,2,2.494,2
112.2166,17.736,6603,545,536,2,2.506,2
112.2312,14.637,6604,545,536,2,2.522,2
112.2503,19.056,6605,545,536,2,2.647,2
112.2642,13.954,6606,545,536,2,2.054,2
112.2846,20.431,6607,545,536,2,2.496,2
112.2983,13.669,6608,545,536,2,2.044,2
112.3163,17.985,6609,545,536,2,2.305,2
112.3308,14.525,6610,545,536,2,2.064,2
112.3503,19.495,6611,545,536,2,2.699,2
112.3641,13.801,6612,545,536,2,2.099,2
112.3832,19.060,6613,545,536,2,2.173,2
112.3975,14.324,6614,545,536,2,2.000,2
112.4171,19.561,6615,545,536,2,2.329,2
112.4313,14.277,6616,545,536,2,2.456,2
112.4529,21.589,6617,545,536,2,2.909,2
112.4653,12.389,6618,545,536,2,2.033,2
112.4848,19.492,6619,545,536,2,2.590,2
112.4981,13.245,6620,545,536,2,2.471,2
112.5177,19.670,6621,545,536,2,2.316,2
112.5329,15.134,6622,545,536,2,2.444,2
112.5510,18.094,6623,545,536,2,2.459,2
112.5649,13.948,6624,545,536,2,2.279,2
112.5844,19.488,6625,545,536,2,2.406,2
112.5975,13.150,6626,545,536,2,2.109,2
112.6172,19.705,6627,545,536,2,2.654,2
112.6307,13.471,6628,545,536,2,2.047,2
112.6511,20.388,6629,545,536,2,2.259,2
112.6644,13.251,6630,545,536,2,2.169,2
112.6846,20.211,6631,545,536,2,2.232,2
112.6977,13.136,6632,545,536,2,2.017,2
112.7189,21.202,6633,545,536,2,2.580,2
112.7312,12.310,6634,545,536,2,2.039,2
112.7513,20.068,6635,545,536,2,2.523,2
112.7641,12.794,6636,545,536,2,2.001,2
112.7840,19.921,6637,545,536,2,2.233,2
112.7984,14.366,6638,545,536,2,2.507,2
112.8167,18.367,6639,545,536,2,2.241,2
112.8307,13.979,6640,545,536,2,2.008,2
112.8497,18.955,6641,545,536,2,2.409,2
112.8643,14.580,6642,545,536,2,2.196,2
112.8845,20.283,6643,545,536,2,2.854,2
112.8976,13.055,6644,545,536,2,2.096,2
112.9171,19.470,6645,545,536,2,2.433,2
112.9316,14.578,6646,545,536,2,2.012,2
112.9500,18.363,6647,545,536,2,2.817,2
112.9649,14.911,6648,545,536,2,2.234,2
112.9865,21.633,6649,545,536,2,2.871,2
112.9980,11.410,6650,545,536,2,2.061,2
113.0177,19.790,6651,545,536,2,2.290,2
113.0320,14.222,6652,545,536,2,2.266,2
113.0505,18.559,6653,545,536,2,2.606,2
113.0645,13.940,6654,545,536,2,2.003,2
113.0842,19.732,6655,545,536,2,2.569,2
113.0985,14.284,6656,545,536,2,2.261,2
113.1187,20.172,6657,545,536,2,2.783,2
113.1306,11.990,6658,545,536,2,1.996,2
113.1510,20.342,6659,545,536,2,2.604,2
113.1640,13.046,6660,545,536,2,2.025,2
113.1849,20.831,6661,545,536,2,2.508,2
113.1978,12.967,6662,545,536,2,2.428,2
113.2165,18.634,6663,545,536,2,2.400,2
113.2330,16.557,6664,545,536,2,2.519,2
113.2498,16.775,6665,545,536,2,2.384,2
113.2644,14.579,6666,545,536,2,2.220,2
113.2870,22.636,6667,545,536,2,3.128,2
113.3001,13.109,6668,545,536,2,2.149,2
113.3170,16.832,6669,545,536,2,3.136,2
113.3310,14.073,6670,545,536,2,2.039,2
113.3499,18.870,6671,545,536,2,2.265,2
113.3643,14.383,6672,545,536,2,2.023,2
113.3839,19.598,6673,545,536,2,2.560,2
113.3974,13.557,6674,545,536,2,2.012,2
113.4173,19.836,6675,545,536,2,2.705,2
113.4308,13.533,6676,545,536,2,2.069,2
113.4497,18.924,6677,545,536,2,2.610,2
113.4643,14.543,6678,545,536,2,2.051,2
113.4839,19.614,6679,545,536,2,2.494,2
113.4978,13.881,6680,545,536,2,2.016,2
113.5184,20.645,6681,545,536,2,2.318,2
113.5310,12.621,6682,545,536,2,2.053,2
113.5527,21.637,6683,545,536,2,3.018,2
113.5723,19.656,6684,545,536,2,2.692,2
113.5885,16.157,6685,545,536,2,2.856,2
113.6009,12.453,6686,545,536,2,2.046,2
113.6173,16.361,6687,545,536,2,2.217,2
113.6314,14.086,6688,545,536,2,2.087,2
113.6524,21.000,6689,545,536,2,2.312,2
113.6646,12.247,6690,545,536,2,2.030,2
113.6847,20.043,6691,545,536,2,2.838,2
113.6978,13.165,6692,545,536,2,2.441,2
113.7173,19.487,6693,545,536,2,2.396,2
113.7325,15.188,6694,545,536,2,2.394,2
113.7505,18.007,6695,545,536,2,2.252,2
113.7645,13.948,6696,545,536,2,2.537,2
113.7833,18.864,6697,545,536,2,2.347,2
113.7980,14.696,6698,545,536,2,2.532,2
113.8177,19.659,6699,545,536,2,2.579,2
113.8312,13.519,6700,545,536,2,2.086,2
113.8503,19.128,6701,545,536,2,2.253,2
113.8643,14.000,6702,545,536,2,2.116,2
113.8833,18.929,6703,545,536,2,2.323,2
113.8976,14.294,6704,545,536,2,2.056,2
113.9173,19.768,6705,545,536,2,2.575,2
113.9311,13.763,6706,545,536,2,2.054,2
113.9506,19.536,6707,545,536,2,2.391,2
113.9640,13.425,6708,545,536,2,2.057,2
113.9835,19.419,6709,545,536,2,2.168,2
113.9975,14.031,6710,545,536,2,2.036,2
114.0168,19.323,6711,545,536,2,2.272,2
114.0308,13.955,6712,545,536,2,2.026,2
114.0519,21.137,6713,545,536,2,2.641,2
114.0639,12.020,6714,545,536,2,2.011,2
114.0845,20.521,6715,545,536,2,2.598,2
114.0973,12.873,6716,545,536,2,1.999,2
114.1169,19.569,6717,545,536,2,2.385,2
114.1320,15.089,6718,545,536,2,2.164,2
114.1503,18.356,6719,545,536,2,2.365,2
114.1642,13.834,6720,545,536,2,2.082,2
114.1840,19.780,6721,545,536,2,2.332,2
114.1976,13.627,6722,545,536,2,2.026,2
114.2174,19.785,6723,545,536,2,3.339,2
114.2312,13.821,6724,545,536,2,2.130,2
114.2503,19.109,6725,545,536,2,2.278,2
114.2640,13.723,6726,545,536,2,2.045,2
114.2842,20.152,6727,545,536,2,2.271,2
114.2974,13.210,6728,545,536,2,2.006,2
114.3165,19.140,6729,545,536,2,2.600,2
114.3308,14.325,6730,545,536,2,2.006,2
114.3515,20.628,6731,545,536,2,2.904,2
114.3645,13.067,6732,545,536,2,2.480,2
114.3834,18.815,6733,545,536,2,2.448,2
114.3981,14.729,6734,545,536,2,1.997,2
114.4165,18.423,6735,545,536,2,2.431,2
114.4368,20.312,6736,545,536,2,2.369,2
114.4517,14.874,6737,545,536,2,2.678,2
114.4677,16.001,6738,545,536,2,2.158,2
114.4856,17.916,6739,545,536,2,2.486,2
114.4988,13.222,6740,545,536,2,2.136,2
114.5171,18.255,6741,545,536,2,2.302,2
114.5309,13.846,6742,545,536,2,2.037,2
114.5496,18.681,6743,545,536,2,2.253,2
114.5642,14.564,6744,545,536,2,2.051,2
114.5840,19.804,6745,545,536,2,2.115,2
114.5976,13.641,6746,545,536,2,2.007,2
114.6181,20.512,6747,545,536,2,2.630,2
114.6313,13.182,6748,545,536,2,2.489,2
114.6495,18.178,6749,545,536,2,2.266,2
114.6647,15.168,6750,545,536,2,2.415,2
114.6837,18.998,6751,545,536,2,2.250,2
114.6993,15.591,6752,545,536,2,2.011,2
114.7170,17.787,6753,545,536,2,2.364,2
114.7310,13.958,6754,545,536,2,2.053,2
114.7501,19.141,6755,545,536,2,2.610,2
114.7641,13.973,6756,545,536,2,2.137,2
114.7837,19.631,6757,545,536,2,2.401,2
114.7976,13.871,6758,545,536,2,2.330,2
114.8177,20.048,6759,545,536,2,2.346,2
114.8316,13.924,6760,545,536,2,2.483,2
114.8498,18.259,6761,545,536,2,2.241,2
114.8640,14.195,6762,545,536,2,1.999,2
114.8841,20.034,6763,545,536,2,2.424,2
114.8978,13.744,6764,545,536,2,2.468,2
114.9167,18.915,6765,545,536,2,2.256,2
114.9316,14.856,6766,545,536,2,2.002,2
114.9500,18.390,6767,545,536,2,2.262,2
114.9652,15.253,6768,545,536,2,2.227,2
114.9898,24.598,6769,545,536,2,2.502,2
114.9979,8.024,6770,545,536,2,2.166,2
115.0178,19.975,6771,545,536,2,2.980,2
115.0317,13.892,6772,545,536,2,2.293,2
115.0496,17.890,6773,545,536,2,2.194,2
115.0643,14.646,6774,545,536,2,2.028,2
115.0838,19.570,6775,545,536,2,2.548,2
115.0977,13.839,6776,545,536,2,1.997,2
115.1168,19.137,6777,545,536,2,2.160,2
115.1307,13.865,6778,545,536,2,1.997,2
115.1502,19.533,6779,545,536,2,2.194,2
115.1643,14.085,6780,545,536,2,2.041,2
115.1835,19.174,6781,545,536,2,2.222,2
115.1974,13.943,6782,545,536,2,2.038,2
115.2168,19.362,6783,545,536,2,2.174,2
115.2307,13.885,6784,545,536,2,2.012,2
115.2512,20.532,6785,545,536,2,2.437,2
115.2673,16.156,6786,545,536,2,2.157,2
115.2880,20.680,6787,545,536,2,2.983,2
115.3027,14.633,6788,545,536,2,2.344,2
115.3214,18.738,6789,545,536,2,3.119,2
115.3353,13.957,6790,545,536,2,2.226,2
115.3531,17.754,6791,545,536,2,2.617,2
115.3655,12.384,6792,545,536,2,2.032,2
115.3837,18.204,6793,545,536,2,2.569,2
115.3974,13.730,6794,545,536,2,2.013,2
115.4169,19.432,6795,545,536,2,2.479,2
115.4309,14.079,6796,545,536,2,2.044,2
115.4501,19.186,6797,545,536,2,2.608,2
115.4642,14.120,6798,545,536,2,2.069,2
115.4835,19.255,6799,545,536,2,2.633,2
115.4975,13.975,6800,545,536,2,2.001,2
115.5173,19.854,6801,545,536,2,2.652,2
115.5341,16.773,6802,545,536,2,2.060,2
115.5512,17.116,6803,545,536,2,2.713,2
115.5644,13.229,6804,545,536,2,2.027,2
115.5834,19.010,6805,545,536,2,2.123,2
115.5975,14.027,6806,545,536,2,2.045,2
115.6161,18.660,6807,545,536,2,2.274,2
115.6308,14.629,6808,545,536,2,2.034,2
115.6515,20.752,6809,545,536,2,2.650,2
115.6641,12.606,6810,545,536,2,2.021,2
115.6853,21.169,6811,545,536,2,2.539,2
115.6994,14.086,6812,545,536,2,2.460,2
115.7161,16.758,6813,545,536,2,2.319,2
115.7319,15.741,6814,545,536,2,2.049,2
115.7500,18.103,6815,545,536,2,2.336,2
115.7645,14.476,6816,545,536,2,2.083,2
115.7894,24.985,6817,545,536,2,2.648,2
115.7977,8.281,6818,545,536,2,2.416,2
115.8175,19.730,6819,545,536,2,2.508,2
115.8310,13.587,6820,545,536,2,2.084,2
115.8498,18.737,6821,545,536,2,2.424,2
115.8645,14.759,6822,545,536,2,2.354,2
115.8835,18.982,6823,545,536,2,2.158,2
115.8976,14.090,6824,545,536,2,2.029,2
115.9169,19.252,6825,545,536,2,2.160,2
115.9311,14.239,6826,545,536,2,1.995,2
115.9497,18.638,6827,545,536,2,3.026,2
115.9674,17.678,6828,545,536,2,2.077,2
115.9849,17.467,6829,545,536,2,2.614,2
115.9980,13.158,6830,545,536,2,2.041,2
116.0170,18.945,6831,545,536,2,2.667,2
116.0316,14.572,6832,545,536,2,2.116,2
116.0495,17.949,6833,545,536,2,2.270,2
116.0641,14.570,6834,545,536,2,2.027,2
116.0841,19.980,6835,545,536,2,2.956,2
116.0979,13.795,6836,545,536,2,2.428,2
116.1169,19.013,6837,545,536,2,2.417,2
116.1311,14.208,6838,545,536,2,2.094,2
116.1505,19.445,6839,545,536,2,2.367,2
116.1642,13.692,6840,545,536,2,2.099,2
116.1842,20.022,6841,545,536,2,2.374,2
116.1985,14.304,6842,545,536,2,2.108,2
116.2177,19.178,6843,545,536,2,2.640,2
116.2315,13.796,6844,545,536,2,2.034,2
116.2501,18.590,6845,545,536,2,2.264,2
116.2641,13.956,6846,545,536,2,1.988,2
116.2843,20.223,6847,545,536,2,2.435,2
116.2973,13.028,6848,545,536,2,2.001,2
116.3171,19.836,6849,545,536,2,2.573,2
116.3309,13.776,6850,545,536,2,1.998,2
116.3513,20.373,6851,545,536,2,2.730,2
116.3646,13.316,6852,545,536,2,2.518,2
116.3837,19.057,6853,545,536,2,2.306,2
116.3979,14.274,6854,545,536,2,2.027,2
116.4177,19.801,6855,545,536,2,2.592,2
116.4325,14.728,6856,545,536,2,2.289,2
116.4504,17.943,6857,545,536,2,2.169,2
116.4645,14.111,6858,545,536,2,2.187,2
116.4841,19.583,6859,545,536,2,2.349,2
116.4996,15.489,6860,545,536,2,2.034,2
116.5171,17.532,6861,545,536,2,2.281,2
116.5310,13.884,6862,545,536,2,1.994,2
116.5506,19.637,6863,545,536,2,2.679,2
116.5641,13.408,6864,545,536,2,1.988,2
116.5836,19.499,6865,545,536,2,2.275,2
116.5976,14.091,6866,545,536,2,2.102,2
116.6173,19.614,6867,545,536,2,2.409,2
116.6307,13.429,6868,545,536,2,2.036,2
116.6509,20.171,6869,545,536,2,2.535,2
116.6650,14.099,6870,545,536,2,2.042,2
116.6841,19.103,6871,545,536,2,2.421,2
116.6978,13.697,6872,545,536,2,2.051,2
116.7172,19.460,6873,545,536,2,2.384,2
116.7361,18.844,6874,545,536,2,2.211,2
116.7506,14.544,6875,545,536,2,2.445,2
116.7676,16.949,6876,545,536,2,2.148,2
116.7841,16.599,6877,545,536,2,2.271,2
116.7978,13.674,6878,545,536,2,2.422,2
116.8168,19.001,6879,545,536,2,2.133,2
116.8313,14.427,6880,545,536,2,2.053,2
116.8508,19.521,6881,545,536,2,2.120,2
116.8639,13.160,6882,545,536,2,2.018,2
116.8848,20.857,6883,545,536,2,2.895,2
116.9000,15.216,6884,545,536,2,2.453,2
116.9170,17.034,6885,545,536,2,2.312,2
116.9323,15.222,6886,545,536,2,2.133,2
116.9503,18.030,6887,545,536,2,2.179,2
116.9644,14.156,6888,545,536,2,2.196,2
116.9842,19.768,6889,545,536,2,2.579,2
116.9994,15.176,6890,545,536,2,2.111,2
117.0173,17.954,6891,545,536,2,2.484,2
117.0330,15.655,6892,545,536,2,2.031,2
117.0511,18.133,6893,545,536,2,3.227,2
117.0645,13.337,6894,545,536,2,2.433,2
117.0835,19.010,6895,545,536,2,2.253,2
117.0975,14.022,6896,545,536,2,2.018,2
117.1191,21.602,6897,545,536,2,2.843,2
117.1308,11.671,6898,545,536,2,2.033,2
117.1507,19.954,6899,545,536,2,2.377,2
117.1654,14.627,6900,545,536,2,2.407,2
117.1837,18.336,6901,545,536,2,2.230,2
117.1981,14.452,6902,545,536,2,2.219,2
117.2175,19.332,6903,545,536,2,2.956,2
117.2315,13.977,6904,545,536,2,2.508,2
117.2507,19.268,6905,545,536,2,2.178,2
117.2685,17.752,6906,545,536,2,2.114,2
117.2845,16.021,6907,545,536,2,2.207,2
117.3002,15.734,6908,545,536,2,2.515,2
117.3172,16.988,6909,545,536,2,2.178,2
117.3312,13.943,6910,545,536,2,2.465,2
117.3506,19.411,6911,545,536,2,2.585,2
117.3640,13.433,6912,545,536,2,1.997,2
117.3836,19.550,6913,545,536,2,2.176,2
117.3976,14.037,6914,545,536,2,2.112,2
117.4170,19.453,6915,545,536,2,2.377,2
117.4307,13.702,6916,545,536,2,2.001,2
117.4503,19.546,6917,545,536,2,2.186,2
117.4640,13.758,6918,545,536,2,2.029,2
117.4846,20.601,6919,545,536,2,2.689,2
117.4975,12.883,6920,545,536,2,2.030,2
117.5173,19.786,6921,545,536,2,2.414,2
117.5309,13.599,6922,545,536,2,2.114,2
117.5502,19.318,6923,545,536,2,2.212,2
117.5659,15.703,6924,545,536,2,2.044,2
117.5839,17.934,6925,545,536,2,2.251,2
117.5976,13.723,6926,545,536,2,2.052,2
117.6182,20.593,6927,545,536,2,2.623,2
117.6320,13.851,6928,545,536,2,2.036,2
117.6513,19.260,6929,545,536,2,2.205,2
117.6640,12.726,6930,545,536,2,2.046,2
117.6852,21.226,6931,545,536,2,2.298,2
117.6975,12.258,6932,545,536,2,2.003,2
117.7180,20.480,6933,545,537,2,2.438,2
117.7317,13.664,6934,545,537,2,2.385,2
117.7514,19.734,6935,545,538,2,2.773,2
117.7645,13.163,6936,545,538,2,2.104,2
117.7847,20.105,6937,545,539,2,2.142,2
117.8022,17.537,6938,545,540,2,2.619,2
117.8190,16.828,6939,545,541,2,2.132,2
117.8439,24.837,6940,545,542,2,2.274,2
117.8580,14.194,6941,545,542,2,2.754,2
117.8729,14.819,6942,545,541,2,2.652,2
117.8890,16.110,6943,545,540,2,2.611,2
117.9022,13.212,6944,545,538,2,2.134,2
117.9210,18.842,6945,545,535,2,2.300,2
117.9353,14.253,6946,545,531,2,2.067,2
117.9514,16.134,6947,545,527,2,2.200,2
117.9671,15.707,6948,545,522,2,2.120,2
117.9847,17.588,6949,545,517,2,2.251,2
117.9992,14.532,6950,545,512,2,2.192,2
118.0188,19.593,6951,545,507,2,2.591,2
118.0321,13.224,6952,545,502,2,2.025,2
118.0518,19.770,6953,545,497,2,2.516,2
118.0666,14.724,6954,545,494,2,2.061,2
118.0845,17.916,6955,545,492,2,2.172,2
118.1023,17.872,6956,545,491,2,2.532,2
118.1175,15.107,6957,545,491,2,2.152,2
118.1330,15.585,6958,545,490,2,2.430,2
118.1524,19.332,6959,545,489,2,2.450,2
118.1658,13.452,6960,545,488,2,2.042,2
118.1852,19.342,6961,545,486,2,2.435,2
118.1994,14.231,6962,545,484,2,2.026,2
118.2179,18.553,6963,545,481,2,2.179,2
118.2323,14.376,6964,545,478,2,2.114,2
118.2514,19.069,6965,545,473,2,2.098,2
118.2656,14.235,6966,545,469,2,2.070,2
118.2865,20.875,6967,545,463,2,2.536,2
118.3014,14.858,6968,545,457,2,2.039,2
118.3205,19.108,6969,545,451,2,2.921,2
118.3369,16.471,6970,545,444,2,2.714,2
118.3540,17.091,6971,545,438,2,2.431,2
118.3701,16.075,6972,545,434,2,2.069,2
118.3855,15.373,6973,545,434,2,2.055,2
118.3988,13.353,6974,545,434,2,1.957,2
118.4165,17.690,6975,545,434,2,2.107,2
118.4308,14.287,6976,545,434,2,1.963,2
118.4512,20.362,6977,545,434,2,2.482,2
118.4645,13.371,6978,545,434,2,2.358,2
118.4846,20.069,6979,545,434,2,2.489,2
118.4992,14.608,6980,545,434,2,2.173,2
118.5180,18.793,6981,545,434,2,2.449,2
118.5310,13.008,6982,545,434,2,2.060,2
118.5501,19.065,6983,545,434,2,2.161,2
118.5646,14.542,6984,545,434,2,1.988,2
118.5838,19.196,6985,545,434,2,2.589,2
118.5987,14.904,6986,545,434,2,2.377,2
118.6190,20.244,6987,545,434,2,2.268,2
118.6326,13.585,6988,545,434,2,2.343,2
118.6502,17.644,6989,545,434,2,2.186,2
118.6653,15.068,6990,545,434,2,2.082,2
118.6845,19.246,6991,545,434,2,2.655,2
118.6989,14.376,6992,545,434,2,2.330,2
118.7169,18.049,6993,545,434,2,2.824,2
118.7317,14.761,6994,545,434,2,2.163,2
118.7497,18.043,6995,545,434,2,2.357,2
118.7649,15.178,6996,545,434,2,2.363,2
118.7840,19.122,6997,545,436,2,2.352,2
118.7984,14.357,6998,545,441,2,1.991,2
118.8171,18.715,6999,545,447,2,2.135,2
118.8316,14.464,7000,545,453,2,1.988,2
118.8526,21.023,7001,545,458,2,2.586,2
118.8690,16.365,7002,545,463,2,2.420,2
118.8849,15.965,7003,545,468,2,2.254,2
118.9022,17.279,7004,545,472,2,2.158,2
118.9181,15.873,7005,545,476,2,2.302,2
118.9329,14.788,7006,545,479,2,2.092,2
118.9513,18.451,7007,545,482,2,2.302,2
118.9652,13.856,7008,545,485,2,2.084,2
118.9851,19.909,7009,545,486,2,2.653,2
118.9992,14.150,7010,545,488,2,2.060,2
119.0181,18.819,7011,545,489,2,2.223,2
119.0323,14.240,7012,545,490,2,2.162,2
119.0501,17.757,7013,545,490,2,2.493,2
119.0654,15.383,7014,545,491,2,1.998,2
119.0837,18.242,7015,545,491,2,2.481,2
119.0984,14.680,7016,545,491,2,2.005,2
119.1179,19.532,7017,545,491,2,2.568,2
119.1325,14.616,7018,545,491,2,2.412,2
119.1543,21.791,7019,545,491,2,2.756,2
119.1662,11.896,7020,545,491,2,2.011,2
119.1847,18.458,7021,545,491,2,2.522,2
119.1982,13.516,7022,545,491,2,2.006,2
119.2165,18.371,7023,545,491,2,2.535,2
119.2316,15.080,7024,545,491,2,2.090,2
119.2512,19.557,7025,545,491,2,2.622,2
119.2655,14.324,7026,545,491,2,2.203,2
119.2860,20.544,7027,545,491,2,2.715,2
119.3005,14.498,7028,545,491,2,2.202,2
119.3183,17.735,7029,545,491,2,2.117,2
119.3315,13.196,7030,545,491,2,2.030,2
119.3512,19.744,7031,545,491,2,2.302,2
119.3650,13.773,7032,545,491,2,2.408,2
119.3839,18.931,7033,545,491,2,2.338,2
119.4035,19.564,7034,545,491,2,2.109,2
119.4171,13.573,7035,545,491,2,2.206,2
119.4362,19.156,7036,545,491,2,2.496,2
119.4518,15.580,7037,545,491,2,2.231,2
119.4648,13.024,7038,545,491,2,2.009,2
119.4836,18.756,7039,545,491,2,2.327,2
119.4982,14.644,7040,545,491,2,2.065,2
119.5174,19.174,7041,545,491,2,2.442,2
119.5320,14.598,7042,545,492,2,2.036,2
119.5510,19.000,7043,545,494,2,2.227,2
119.5656,14.622,7044,545,496,2,2.094,2
119.5850,19.427,7045,545,498,2,2.206,2
119.5992,14.129,7046,545,501,2,2.018,2
119.6174,18.237,7047,545,504,2,2.224,2
119.6321,14.694,7048,545,507,2,2.030,2
119.6525,20.397,7049,545,511,2,2.273,2
119.6655,12.960,7050,545,514,2,2.031,2
119.6853,19.864,7051,545,517,2,2.260,2
119.7020,16.640,7052,545,520,2,2.205,2
119.7187,16.712,7053,545,523,2,2.161,2
119.7331,14.385,7054,545,525,2,2.145,2
119.7524,19.348,7055,545,528,2,2.469,2
119.7666,14.227,7056,545,530,2,2.197,2
119.7869,20.251,7057,545,532,2,2.802,2
119.8031,16.184,7058,545,534,2,2.197,2
119.8214,18.289,7059,545,535,2,2.302,2
119.8367,15.384,7060,545,537,2,2.323,2
119.8555,18.772,7061,545,538,2,2.578,2
119.8704,14.836,7062,545,539,2,2.121,2
119.8871,16.759,7063,545,539,2,2.153,2
119.9011,14.027,7064,545,540,2,2.103,2
119.9188,17.675,7065,545,540,2,2.538,2
119.9332,14.355,7066,545,540,2,2.079,2
119.9512,17.985,7067,545,540,2,2.565,2
119.9682,17.010,7068,545,540,2,2.579,2
119.9844,16.271,7069,545,540,2,2.201,2
119.9985,14.044,7070,545,540,2,2.033,2
120.0169,18.465,7071,545,540,2,2.166,2
120.0319,14.922,7072,545,540,2,2.049,2
120.0515,19.677,7073,545,540,2,2.689,2
120.0656,14.070,7074,545,540,2,2.484,2
120.0846,19.034,7075,545,539,2,2.340,2
120.0996,14.910,7076,545,539,2,2.318,2
120.1182,18.656,7077,545,539,2,2.390,2
120.1321,13.902,7078,545,539,2,2.247,2
120.1520,19.849,7079,545,538,2,2.391,2
120.1656,13.622,7080,545,538,2,2.047,2
120.1859,20.309,7081,545,537,2,2.498,2
120.2054,19.550,7082,545,537,2,2.135,2
120.2181,12.653,7083,545,537,2,2.615,2
120.2356,17.460,7084,545,536,2,2.119,2
120.2524,16.865,7085,545,536,2,2.499,2
120.2666,14.213,7086,545,535,2,2.083,2
120.2874,20.747,7087,545,535,2,2.704,2
120.3060,18.618,7088,545,535,2,2.751,2
120.3287,22.659,7089,545,534,2,3.087,2
120.3470,18.324,7090,545,534,2,3.922,2
120.3643,17.289,7091,545,534,2,3.350,2
120.3815,17.268,7092,545,534,2,2.960,2
120.3951,13.534,7093,545,534,2,2.417,2
120.4085,13.443,7094,545,534,2,2.494,2
120.4239,15.391,7095,545,533,2,2.042,2
120.4363,12.357,7096,545,533,2,2.227,2
120.4536,17.324,7097,545,532,2,2.553,2
120.4669,13.339,7098,545,531,2,2.071,2
120.4858,18.867,7099,545,529,2,2.487,2
120.5032,17.370,7100,545,528,2,2.234,2
120.5210,17.831,7101,545,526,2,2.427,2
120.5348,13.810,7102,545,524,2,2.005,2
120.5518,16.952,7103,545,522,2,2.146,2
120.5658,14.092,7104,545,519,2,2.092,2
120.5857,19.833,7105,545,516,2,2.394,2
120.5992,13.520,7106,545,513,2,2.107,2
120.6194,20.220,7107,545,509,2,2.685,2
120.6323,12.855,7108,545,506,2,2.079,2
120.6529,20.659,7109,545,502,2,2.347,2
120.6660,13.056,7110,545,498,2,2.089,2
120.6851,19.134,7111,545,494,2,2.327,2
120.6997,14.530,7112,545,490,2,2.408,2
120.7173,17.653,7113,545,487,2,2.229,2
120.7338,16.501,7114,545,483,2,2.158,2
120.7551,21.308,7115,545,481,2,2.592,2
120.7692,14.033,7116,545,479,2,2.113,2
120.7887,19.545,7117,545,477,2,2.529,2
120.8002,11.508,7118,545,476,2,2.018,2
120.8180,17.839,7119,545,476,2,2.083,2
120.8313,13.278,7120,545,476,2,1.995,2
120.8522,20.855,7121,545,476,2,2.330,2
120.8646,12.440,7122,545,476,2,2.020,2
120.8850,20.357,7123,545,476,2,2.915,2
120.9008,15.798,7124,545,476,2,2.421,2
120.9180,17.243,7125,545,476,2,2.732,2
120.9319,13.853,7126,545,476,2,2.006,2
120.9511,19.251,7127,545,476,2,2.452,2
120.9646,13.452,7128,545,476,2,2.052,2
120.9851,20.497,7129,545,476,2,2.466,2
121.0055,20.416,7130,545,476,2,2.413,2
121.0191,13.577,7131,545,476,2,2.664,2
121.0367,17.674,7132,545,476,2,2.191,2
121.0554,18.617,7133,545,477,2,2.576,2
121.0681,12.766,7134,545,477,2,2.005,2
121.0845,16.367,7135,545,477,2,2.146,2
121.0981,13.652,7136,545,478,2,2.371,2
121.1174,19.305,7137,545,478,2,2.124,2
121.1313,13.845,7138,545,478,2,1.984,2
121.1526,21.277,7139,545,478,2,2.793,2
121.1672,14.644,7140,545,479,2,2.386,2
121.1847,17.538,7141,545,479,2,2.398,2
121.1992,14.463,7142,545,479,2,2.396,2
121.2176,18.421,7143,545,479,2,2.243,2
121.2316,13.985,7144,545,479,2,2.095,2
121.2524,20.830,7145,545,479,2,2.420,2
121.2678,15.354,7146,545,479,2,2.130,2
121.2854,17.572,7147,545,479,2,2.639,2
121.3030,17.611,7148,545,481,2,2.088,2
121.3209,17.876,7149,545,484,2,2.031,2
121.3346,13.783,7150,545,488,2,2.139,2
121.3523,17.626,7151,545,493,2,2.064,2
121.3656,13.321,7152,545,498,2,2.037,2
121.3849,19.287,7153,545,504,2,2.058,2
121.3994,14.513,7154,545,511,2,2.553,2
121.4205,21.113,7155,545,518,2,2.434,2
121.4335,13.027,7156,545,524,2,2.147,2
121.4524,18.909,7157,545,530,2,2.232,2
121.4655,13.063,7158,545,534,2,2.116,2
121.4852,19.682,7159,545,538,2,2.369,2
121.4989,13.757,7160,545,541,2,2.178,2
121.5188,19.890,7161,545,542,2,2.311,2
121.5317,12.863,7162,545,542,2,2.301,2
121.5515,19.821,7163,545,541,2,2.607,2
121.5692,17.668,7164,545,541,2,2.582,2
121.5873,18.166,7165,545,539,2,2.585,2
121.5995,12.188,7166,545,538,2,2.051,2
121.6186,19.050,7167,545,537,2,2.176,2
121.6315,12.948,7168,545,537,2,2.093,2
121.6532,21.628,7169,545,536,2,2.564,2
121.6649,11.727,7170,545,536,2,2.102,2
121.6853,20.396,7171,545,536,2,2.670,2
121.7001,14.804,7172,545,536,2,2.465,2
121.7180,17.883,7173,545,536,2,2.351,2
121.7335,15.528,7174,545,536,2,2.798,2
121.7526,19.145,7175,545,536,2,2.515,2
121.7694,16.793,7176,545,536,2,3.045,2
121.7896,20.168,7177,545,536,2,2.413,2
121.8074,17.762,7178,545,536,2,3.232,2
121.8271,19.757,7179,545,536,2,2.203,2
121.8484,21.270,7180,545,536,2,3.883,2
121.8670,18.627,7181,545,536,2,2.797,2
121.8882,21.164,7182,545,536,2,3.057,2
121.9040,15.787,7183,545,536,2,2.548,2
121.9233,19.346,7184,545,536,2,2.510,2
121.9398,16.465,7185,545,536,2,2.685,2
121.9592,19.396,7186,545,536,2,2.479,2
121.9728,13.672,7187,545,536,2,2.056,2
121.9886,15.713,7188,545,536,2,2.009,2
122.0024,13.869,7189,545,536,2,2.504,2
122.0191,16.718,7190,545,536,2,2.078,2
122.0321,12.970,7191,545,536,2,2.161,2
122.0475,15.393,7192,545,536,2,3.645,2
122.0633,15.793,7193,545,536,2,2.232,2
122.0753,11.960,7194,545,536,2,2.436,2
122.0961,20.871,7195,545,536,2,2.511,2
122.1106,14.462,7196,545,536,2,2.837,2
122.1244,13.796,7197,545,536,2,2.447,2
122.1401,15.690,7198,545,536,2,2.285,2
122.1561,15.986,7199,545,536,2,2.137,2
122.1735,17.472,7200,545,536,2,2.237,2
122.1893,15.766,7201,545,536,2,2.059,2
122.2064,17.089,7202,545,536,2,2.109,2
122.2236,17.156,7203,545,536,2,2.432,2
122.2402,16.639,7204,545,536,2,2.515,2
122.2570,16.762,7205,545,536,2,2.439,2
122.2735,16.566,7206,545,536,2,2.270,2
122.2940,20.497,7207,545,536,2,2.379,2
122.3118,17.758,7208,545,536,2,3.106,2
122.3276,15.809,7209,545,536,2,2.277,2
122.3472,19.651,7210,545,536,2,2.533,2
122.3564,9.173,7211,545,536,2,2.471,2
122.3734,16.971,7212,545,536,2,2.338,2
122.3897,16.290,7213,545,536,2,2.536,2
122.4065,16.799,7214,545,536,2,2.161,2
122.4234,16.981,7215,545,536,2,2.526,2
122.4418,18.345,7216,545,537,2,2.868,2
122.4591,17.317,7217,545,537,2,2.288,2
122.4747,15.609,7218,545,538,2,2.309,2
122.4906,15.866,7219,545,539,2,2.027,2
122.5079,17.280,7220,545,540,2,2.300,2
122.5238,15.972,7221,545,541,2,2.003,2
122.5412,17.404,7222,545,542,2,2.311,2
122.5572,15.944,7223,545,542,2,2.031,2
122.5737,16.506,7224,545,541,2,2.098,2
122.5910,17.327,7225,545,540,2,2.001,2
122.6093,18.263,7226,545,537,2,3.253,2
122.6243,15.071,7227,545,532,2,2.025,2
122.6433,18.968,7228,545,527,2,2.453,2
122.6567,13.426,7229,545,521,2,1.994,2
122.6748,18.090,7230,545,515,2,2.052,2
122.6906,15.742,7231,545,508,2,2.101,2
122.7075,16.918,7232,545,502,2,2.614,2
122.7232,15.689,7233,545,496,2,2.057,2
122.7403,17.160,7234,545,490,2,2.196,2
122.7572,16.871,7235,545,486,2,2.138,2
122.7738,16.561,7236,545,482,2,2.274,2
122.7899,16.103,7237,545,480,2,2.031,2
122.8071,17.252,7238,545,479,2,2.221,2
122.8233,16.145,7239,545,479,2,1.972,2
122.8400,16.755,7240,545,479,2,2.222,2
122.8561,16.064,7241,545,479,2,1.982,2
122.8773,21.204,7242,545,479,2,2.326,2
122.8892,11.871,7243,545,479,2,1.970,2
122.9069,17.697,7244,545,479,2,2.417,2
122.9235,16.614,7245,545,478,2,2.438,2
122.9397,16.255,7246,545,478,2,2.132,2
122.9563,16.572,7247,545,478,2,2.360,2
122.9730,16.658,7248,545,478,2,2.136,2
122.9901,17.181,7249,545,477,2,1.978,2
123.0067,16.589,7250,545,477,2,2.162,2
123.0243,17.546,7251,545,477,2,2.365,2
123.0400,15.733,7252,545,476,2,2.015,2
123.0571,17.061,7253,545,476,2,2.377,2
123.0737,16.641,7254,545,476,2,2.759,2
123.0892,15.527,7255,545,476,2,2.348,2
123.1071,17.814,7256,545,476,2,2.154,2
123.1234,16.365,7257,545,476,2,1.969,2
123.1407,17.251,7258,545,476,2,2.115,2
123.1560,15.290,7259,545,476,2,2.022,2
123.1737,17.712,7260,545,476,2,2.369,2
123.1891,15.473,7261,545,476,2,2.014,2
123.2067,17.562,7262,545,476,2,2.302,2
123.2229,16.169,7263,545,476,2,2.153,2
123.2394,16.537,7264,545,476,2,2.234,2
123.2578,18.420,7265,545,476,2,1.986,2
123.2743,16.493,7266,545,476,2,2.672,2
123.2942,19.839,7267,545,476,2,2.153,2
123.3122,18.019,7268,545,476,2,3.130,2
123.3257,13.556,7269,545,477,2,2.379,2
123.3401,14.310,7270,545,479,2,2.014,2
123.3563,16.286,7271,545,481,2,1.969,2
123.3735,17.208,7272,545,483,2,2.096,2
123.3899,16.371,7273,545,486,2,1.977,2
123.4070,17.078,7274,545,489,2,2.321,2
123.4263,19.346,7275,545,493,2,2.305,2
123.4421,15.771,7276,545,497,2,2.020,2
123.4580,15.906,7277,545,500,2,2.420,2
123.4740,16.014,7278,545,504,2,2.370,2
123.4898,15.742,7279,545,508,2,2.080,2
123.5079,18.140,7280,545,511,2,2.065,2
123.5242,16.332,7281,545,514,2,2.333,2
123.5430,18.771,7282,545,517,2,3.017,2
123.5613,18.330,7283,545,520,2,2.169,2
123.5815,20.152,7284,545,523,2,3.333,2
123.6012,19.708,7285,545,525,2,3.370,2
123.6211,19.931,7286,545,527,2,3.105,2
123.6367,15.579,7287,545,528,2,2.335,2
123.6588,22.080,7288,545,530,2,3.018,2
123.6791,20.304,7289,545,531,2,3.387,2
123.6970,17.850,7290,545,532,2,2.214,2
123.7182,21.204,7291,545,533,2,4.996,2
123.7390,20.806,7292,545,533,2,2.549,2
123.7585,19.565,7293,545,534,2,2.122,2
123.7764,17.906,7294,545,534,2,3.526,2
123.7977,21.248,7295,545,534,2,2.945,2
123.8204,22.752,7296,545,534,2,3.988,2
123.8371,16.662,7297,545,534,2,2.946,2
123.8574,20.276,7298,545,535,2,2.324,2
123.8775,20.087,7299,545,535,2,2.899,2
123.8925,14.991,7300,545,535,2,2.115,2
123.9069,14.432,7301,545,536,2,2.104,2
123.9242,17.367,7302,545,536,2,2.106,2
123.9391,14.893,7303,545,537,2,2.115,2
123.9566,17.446,7304,545,537,2,2.491,2
123.9704,13.848,7305,545,538,2,2.130,2
123.9891,18.638,7306,545,538,2,2.368,2
124.0078,18.697,7307,545,539,2,2.548,2
124.0248,17.004,7308,545,539,2,2.871,2
124.0386,13.855,7309,545,539,2,2.729,2
124.0565,17.822,7310,545,539,2,2.744,2
124.0712,14.786,7311,545,540,2,2.470,2
124.0893,18.060,7312,545,540,2,2.992,2
124.1027,13.397,7313,545,540,2,2.439,2
124.1201,17.379,7314,545,540,2,2.479,2
124.1347,14.590,7315,545,540,2,2.949,2
124.1524,17.713,7316,545,540,2,2.884,2
124.1652,12.857,7317,545,540,2,2.568,2
124.1827,17.438,7318,545,540,2,3.489,2
124.1966,13.888,7319,545,540,2,2.381,2
124.2118,15.258,7320,545,540,2,2.847,2
124.2269,15.050,7321,545,540,2,2.091,2
124.2454,18.496,7322,545,539,2,3.030,2
124.2613,15.922,7323,545,539,2,2.025,2
124.2789,17.567,7324,545,538,2,3.768,2
124.2948,15.903,7325,545,537,2,2.147,2
124.3115,16.725,7326,545,536,2,2.467,2
124.3276,16.130,7327,545,535,2,2.012,2
124.3432,15.623,7328,545,534,2,2.480,2
124.3592,15.977,7329,545,532,2,2.020,2
124.3756,16.394,7330,545,530,2,2.057,2
124.3934,17.807,7331,545,528,2,2.469,2
124.4093,15.932,7332,545,525,2,2.412,2
124.4255,16.177,7333,545,523,2,2.430,2
124.4429,17.351,7334,545,520,2,2.473,2
124.4595,16.671,7335,545,517,2,2.432,2
124.4768,17.231,7336,545,514,2,2.477,2
124.4917,14.893,7337,545,510,2,1.987,2
124.5109,19.216,7338,545,507,2,2.696,2
124.5286,17.694,7339,545,504,2,2.050,2
124.5438,15.229,7340,545,501,2,2.467,2
124.5588,15.039,7341,545,498,2,2.031,2
124.5766,17.721,7342,545,496,2,2.746,2
124.5930,16.397,7343,545,494,2,1.994,2
124.6099,16.982,7344,545,492,2,2.437,2
124.6255,15.540,7345,545,491,2,2.016,2
124.6423,16.857,7346,545,491,2,2.496,2
124.6580,15.662,7347,545,491,2,2.010,2
124.6772,19.183,7348,545,490,2,2.929,2
124.6916,14.463,7349,545,489,2,2.059,2
124.7096,17.995,7350,545,488,2,2.444,2
124.7254,15.777,7351,545,487,2,1.999,2
124.7424,16.995,7352,545,485,2,2.386,2
124.7597,17.287,7353,545,482,2,2.391,2
124.7775,17.769,7354,545,479,2,2.477,2
124.8001,22.585,7355,545,475,2,2.637,2
124.8164,16.321,7356,545,471,2,3.007,2
124.8285,12.118,7357,545,466,2,1.967,2
124.8428,14.349,7358,545,460,2,2.391,2
124.8594,16.514,7359,545,454,2,1.954,2
124.8778,18.485,7360,545,448,2,2.395,2
124.8939,16.074,7361,545,442,2,1.940,2
124.9096,15.638,7362,545,436,2,2.419,2
124.9255,15.984,7363,545,434,2,2.323,2
124.9418,16.222,7364,545,434,2,2.353,2
124.9580,16.286,7365,545,434,2,2.318,2
124.9753,17.259,7366,545,434,2,2.414,2
124.9912,15.880,7367,545,434,2,1.944,2
125.0094,18.236,7368,545,434,2,2.310,2
125.0259,16.469,7369,545,434,2,2.320,2
125.0426,16.662,7370,545,434,2,2.933,2
125.0613,18.784,7371,545,434,2,2.140,2
125.0753,13.924,7372,545,434,2,2.584,2
125.0911,15.840,7373,545,434,2,2.025,2
125.1088,17.677,7374,545,434,2,2.610,2
125.1251,16.357,7375,545,434,2,2.140,2
125.1427,17.521,7376,545,434,2,2.387,2
125.1586,15.947,7377,545,434,2,1.950,2
125.1767,18.053,7378,545,434,2,2.516,2
125.1919,15.278,7379,545,434,2,1.949,2
125.2107,18.743,7380,545,434,2,2.318,2
125.2260,15.342,7381,545,434,2,2.331,2
125.2422,16.140,7382,545,434,2,2.368,2
125.2579,15.703,7383,545,434,2,1.958,2
125.2760,18.105,7384,545,434,2,3.061,2
125.2997,23.742,7385,545,434,2,2.314,2
125.3221,22.368,7386,545,435,2,2.862,2
125.3438,21.750,7387,545,441,2,2.409,2
125.3582,14.322,7388,545,447,2,2.002,2
125.3734,15.228,7389,545,453,2,2.234,2
125.3929,19.509,7390,545,462,2,2.286,2
125.4082,15.360,7391,545,467,2,2.262,2
125.4247,16.454,7392,545,472,2,2.000,2
125.4411,16.372,7393,545,476,2,2.759,2
125.4618,20.688,7394,545,480,2,2.272,2
125.4773,15.543,7395,545,483,2,2.732,2
125.4937,16.395,7396,545,485,2,2.109,2
125.5095,15.800,7397,545,487,2,2.714,2
125.5268,17.325,7398,545,489,2,2.128,2
125.5459,19.111,7399,545,490,2,3.292,2
125.5636,17.705,7400,545,490,2,2.030,2
125.5839,20.256,7401,545,491,2,3.291,2
125.6044,20.504,7402,545,491,2,2.573,2
125.6207,16.305,7403,545,492,2,2.091,2
125.6356,14.928,7404,545,495,2,2.577,2
125.6557,20.046,7405,545,500,2,2.578,2
125.6696,13.890,7406,545,504,2,2.604,2
125.6876,18.019,7407,545,509,2,2.840,2
125.7010,13.389,7408,545,515,2,2.462,2
125.7184,17.445,7409,545,520,2,3.339,2
125.7336,15.197,7410,545,525,2,2.576,2
125.7481,14.473,7411,545,529,2,2.215,2
125.7610,12.924,7412,545,533,2,2.478,2
125.7755,14.474,7413,545,536,2,2.416,2
125.7922,16.693,7414,545,539,2,2.438,2
125.8066,14.456,7415,545,541,2,2.117,2
125.8234,16.735,7416,545,542,2,2.016,2
125.8379,14.474,7417,545,542,2,2.151,2
125.8594,21.512,7418,545,542,2,2.153,2
125.8752,15.790,7419,545,541,2,2.559,2
125.8917,16.543,7420,545,541,2,2.155,2
125.9070,15.263,7421,545,540,2,2.202,2
125.9240,16.994,7422,545,539,2,2.174,2
125.9394,15.457,7423,545,538,2,2.231,2
125.9560,16.604,7424,545,537,2,2.253,2
125.9702,14.195,7425,545,537,2,2.603,2
125.9893,19.071,7426,545,536,2,2.487,2
126.0048,15.477,7427,545,536,2,2.717,2
126.0236,18.839,7428,545,536,2,2.113,2
126.0375,13.924,7429,545,536,2,2.119,2
126.0549,17.418,7430,545,536,2,2.067,2
126.0700,15.025,7431,545,536,2,2.366,2
126.0881,18.141,7432,545,536,2,2.164,2
126.1043,16.170,7433,545,536,2,2.704,2
126.1275,23.266,7434,545,536,2,2.314,2
126.1476,20.065,7435,545,536,2,3.790,2
126.1634,15.776,7436,545,536,2,2.219,2
126.1863,22.938,7437,545,536,2,4.371,2
126.2029,16.591,7438,545,536,2,3.641,2
126.2216,18.648,7439,545,536,2,3.415,2
126.2385,16.916,7440,545,536,2,2.529,2
126.2608,22.311,7441,545,536,2,2.862,2
126.2792,18.397,7442,545,536,2,4.049,2
126.3007,21.469,7443,545,536,2,3.219,2
126.3207,20.049,7444,545,536,2,3.745,2
126.3351,14.418,7445,545,536,2,3.362,2
126.3539,18.800,7446,545,536,2,4.039,2
126.3709,17.031,7447,545,536,2,3.604,2
126.3904,19.450,7448,545,536,2,3.131,2
126.4143,23.876,7449,545,536,2,3.496,2
126.4308,16.557,7450,545,536,2,2.317,2
126.4454,14.522,7451,545,536,2,2.500,2
126.4627,17.360,7452,545,536,2,2.246,2
126.4852,22.455,7453,545,536,2,3.529,2
126.5003,15.164,7454,545,536,2,2.693,2
126.5203,19.981,7455,545,536,2,3.352,2
126.5369,16.594,7456,545,536,2,4.146,2
126.5574,20.525,7457,545,536,2,2.770,2
126.5717,14.297,7458,545,536,2,2.534,2
126.5921,20.382,7459,545,536,2,2.319,2
126.6081,16.001,7460,545,536,2,2.481,2
126.6240,15.889,7461,545,536,2,2.107,2
126.6390,14.967,7462,545,536,2,2.097,2
126.6561,17.093,7463,545,536,2,2.054,2
126.6758,19.727,7464,545,536,2,2.332,2
126.6910,15.185,7465,545,536,2,2.018,2
126.7045,13.554,7466,545,536,2,2.069,2
126.7207,16.170,7467,545,536,2,2.077,2
126.7338,13.056,7468,545,536,2,2.400,2
126.7495,15.758,7469,545,536,2,2.551,2
126.7619,12.347,7470,545,536,2,2.006,2
126.7765,14.661,7471,545,536,2,2.449,2
126.7925,15.946,7472,545,536,2,2.079,2
126.8083,15.815,7473,545,536,2,2.611,2
126.8242,15.897,7474,545,536,2,2.039,2
126.8413,17.091,7475,545,536,2,2.389,2
126.8585,17.271,7476,545,536,2,2.421,2
126.8746,16.046,7477,545,536,2,2.405,2
126.8914,16.843,7478,545,536,2,2.435,2
126.9092,17.784,7479,545,536,2,2.990,2
126.9264,17.166,7480,545,536,2,2.390,2
126.9423,15.935,7481,545,536,2,2.144,2
126.9579,15.549,7482,545,536,2,2.061,2
126.9749,17.006,7483,545,536,2,2.395,2
126.9911,16.223,7484,545,536,2,2.434,2
127.0076,16.481,7485,545,536,2,2.271,2
127.0240,16.457,7486,545,536,2,2.019,2
127.0410,17.008,7487,545,536,2,2.313,2
127.0576,16.533,7488,545,536,2,2.432,2
127.0748,17.275,7489,545,536,2,2.397,2
127.0905,15.630,7490,545,536,2,2.008,2
127.1082,17.711,7491,545,536,2,2.609,2
127.1239,15.751,7492,545,536,2,2.070,2
127.1415,17.534,7493,545,536,2,2.511,2
127.1573,15.843,7494,545,536,2,2.066,2
127.1757,18.395,7495,545,536,2,3.155,2
127.1938,18.092,7496,545,536,2,2.028,2
127.2084,14.565,7497,545,536,2,2.502,2
127.2240,15.634,7498,545,536,2,2.022,2
127.2420,18.014,7499,545,536,2,2.439,2
127.2590,16.988,7500,545,536,2,2.475,2
127.2758,16.792,7501,545,536,2,2.490,2
127.2971,21.330,7502,545,536,2,2.959,2
127.3156,18.455,7503,545,536,2,3.162,2
127.3282,12.615,7504,545,536,2,2.264,2
127.3443,16.122,7505,545,536,2,3.107,2
127.3584,14.107,7506,545,536,2,2.094,2
127.3754,16.934,7507,545,536,2,2.995,2
127.3914,16.010,7508,545,536,2,2.230,2
127.4084,17.024,7509,545,536,2,2.473,2
127.4259,17.474,7510,545,536,2,2.083,2
127.4429,17.050,7511,545,536,2,2.637,2
127.4611,18.149,7512,545,536,2,2.076,2
127.4766,15.506,7513,545,536,2,2.632,2
127.4918,15.196,7514,545,536,2,2.470,2
127.5086,16.801,7515,545,536,2,2.408,2
127.5245,15.949,7516,545,536,2,2.086,2
127.5420,17.486,7517,545,536,2,2.557,2
127.5578,15.840,7518,545,536,2,2.123,2
127.5753,17.442,7519,545,536,2,2.845,2
127.5914,16.154,7520,545,536,2,2.322,2
127.6087,17.245,7521,545,536,2,2.361,2
127.6241,15.411,7522,545,536,2,2.002,2
127.6422,18.111,7523,545,536,2,2.373,2
127.6581,15.855,7524,545,536,2,2.011,2
127.6750,16.956,7525,545,536,2,2.293,2
127.6923,17.309,7526,545,536,2,2.088,2
127.7126,20.301,7527,545,536,2,3.027,2
127.7261,13.492,7528,545,536,2,1.991,2
127.7416,15.472,7529,545,536,2,2.371,2
127.7571,15.517,7530,545,536,2,1.993,2
127.7768,19.654,7531,545,536,2,2.509,2
127.7927,15.940,7532,545,536,2,2.429,2
127.8107,17.979,7533,545,536,2,2.402,2
127.8252,14.495,7534,545,536,2,2.255,2
127.8428,17.594,7535,545,536,2,2.959,2
127.8593,16.547,7536,545,536,2,2.227,2
127.8755,16.197,7537,545,536,2,2.490,2
127.8918,16.288,7538,545,536,2,2.178,2
127.9089,17.093,7539,545,536,2,2.377,2
127.9248,15.874,7540,545,536,2,2.017,2
127.9423,17.531,7541,545,536,2,2.436,2
127.9588,16.504,7542,545,536,2,2.052,2
127.9807,21.907,7543,545,536,2,3.287,2
127.9934,12.671,7544,545,536,2,1.996,2
128.0086,15.240,7545,545,536,2,2.458,2
128.0241,15.456,7546,545,536,2,2.007,2
128.0420,17.903,7547,545,536,2,2.262,2
128.0585,16.545,7548,545,536,2,2.443,2
128.0759,17.410,7549,545,536,2,2.351,2
128.0921,16.202,7550,545,536,2,2.412,2
128.1087,16.568,7551,545,536,2,2.333,2
128.1244,15.652,7552,545,536,2,2.073,2
128.1432,18.812,7553,545,536,2,2.721,2
128.1576,14.470,7554,545,536,2,2.077,2
128.1755,17.905,7555,545,536,2,2.369,2
128.1916,16.021,7556,545,536,2,2.013,2
128.2087,17.124,7557,545,536,2,2.357,2
128.2250,16.341,7558,545,536,2,2.015,2
128.2428,17.753,7559,545,536,2,2.386,2
128.2601,17.312,7560,545,536,2,2.135,2
128.2776,17.487,7561,545,536,2,2.756,2
128.2925,14.961,7562,545,536,2,2.086,2
128.3088,16.251,7563,545,536,2,2.470,2
128.3248,15.970,7564,545,536,2,2.076,2
128.3423,17.525,7565,545,536,2,2.561,2
128.3579,15.593,7566,545,536,2,2.084,2
128.3757,17.803,7567,545,536,2,2.490,2
128.3912,15.556,7568,545,536,2,2.028,2
128.4097,18.438,7569,545,536,2,2.413,2
128.4251,15.449,7570,545,536,2,2.022,2
128.4426,17.503,7571,545,536,2,2.392,2
128.4589,16.314,7572,545,536,2,2.105,2
128.4758,16.843,7573,545,536,2,2.565,2
128.4930,17.186,7574,545,536,2,2.043,2
128.5140,21.000,7575,545,536,2,3.183,2
128.5283,14.336,7576,545,536,2,2.503,2
128.5431,14.770,7577,545,536,2,2.804,2
128.5582,15.124,7578,545,536,2,2.041,2
128.5767,18.455,7579,545,536,2,2.680,2
128.5929,16.239,7580,545,536,2,2.062,2
128.6102,17.340,7581,545,536,2,2.630,2
128.6264,16.146,7582,545,536,2,2.100,2
128.6426,16.181,7583,545,536,2,2.474,2
128.6586,15.992,7584,545,536,2,2.094,2
128.6758,17.293,7585,545,536,2,2.590,2
128.6917,15.856,7586,545,536,2,2.075,2
128.7094,17.689,7587,545,536,2,2.554,2
128.7252,15.793,7588,545,536,2,2.043,2
128.7434,18.205,7589,545,536,2,2.603,2
128.7634,19.961,7590,545,536,2,2.187,2
128.7764,13.012,7591,545,536,2,2.849,2
128.7954,19.025,7592,545,536,2,2.196,2
128.8112,15.849,7593,545,536,2,2.610,2
128.8258,14.567,7594,545,536,2,2.069,2
128.8426,16.834,7595,545,536,2,2.715,2
128.8585,15.861,7596,545,536,2,2.108,2
128.8771,18.579,7597,545,536,2,2.389,2
128.8931,16.064,7598,545,536,2,2.461,2
128.9107,17.572,7599,545,536,2,2.981,2
128.9253,14.602,7600,545,536,2,2.042,2
128.9425,17.212,7601,545,536,2,2.554,2
128.9581,15.572,7602,545,536,2,2.032,2
128.9761,18.039,7603,545,536,2,2.456,2
128.9921,15.931,7604,545,536,2,2.092,2
129.0089,16.857,7605,545,536,2,2.463,2
129.0252,16.233,7606,545,536,2,2.058,2
129.0431,17.935,7607,545,536,2,2.533,2
129.0620,18.864,7608,545,536,2,2.217,2
129.0766,14.650,7609,545,536,2,2.819,2
129.0916,15.021,7610,545,536,2,2.187,2
129.1094,17.790,7611,545,536,2,2.507,2
129.1255,16.119,7612,545,536,2,2.075,2
129.1438,18.246,7613,545,536,2,2.662,2
129.1596,15.791,7614,545,536,2,2.012,2
129.1778,18.230,7615,545,536,2,2.581,2
129.1930,15.152,7616,545,536,2,2.073,2
129.2094,16.438,7617,545,536,2,2.637,2
129.2249,15.491,7618,545,536,2,2.064,2
129.2425,17.638,7619,545,536,2,2.649,2
129.2582,15.709,7620,545,536,2,2.068,2
129.2786,20.386,7621,545,536,2,3.375,2
129.2994,20.795,7622,545,536,2,3.031,2
129.3263,26.880,7623,545,536,2,2.694,2
129.3469,20.607,7624,545,536,2,2.964,2
129.3614,14.479,7625,545,536,2,2.066,2
129.3778,16.432,7626,545,536,2,2.514,2
129.3954,17.587,7627,545,536,2,2.071,2
129.4136,18.216,7628,545,536,2,2.494,2
129.4288,15.144,7629,545,536,2,2.150,2
129.4472,18.389,7630,545,536,2,2.510,2
129.4615,14.325,7631,545,536,2,2.101,2
129.4767,15.224,7632,545,536,2,2.818,2
129.4922,15.499,7633,545,536,2,2.115,2
129.5054,13.178,7634,545,536,2,2.684,2
129.5224,16.989,7635,545,536,2,2.639,2
129.5355,13.160,7636,545,536,2,2.207,2
129.5530,17.489,7637,545,536,2,2.381,2
129.5660,12.948,7638,545,536,2,2.062,2
129.5865,20.551,7639,545,536,2,2.627,2
129.5989,12.383,7640,545,536,2,2.097,2
129.6149,15.997,7641,545,536,2,2.540,2
129.6286,13.655,7642,545,536,2,2.070,2
129.6473,18.764,7643,545,536,2,3.014,2
129.6620,14.657,7644,545,536,2,2.047,2
129.6810,19.000,7645,545,536,2,3.242,2
129.6952,14.266,7646,545,536,2,2.051,2
129.7154,20.179,7647,545,536,2,3.213,2
129.7290,13.606,7648,545,536,2,2.024,2
129.7482,19.218,7649,545,536,2,2.356,2
129.7635,15.281,7650,545,536,2,2.660,2
129.7827,19.163,7651,545,536,2,2.932,2
129.7975,14.852,7652,545,536,2,2.197,2
129.8174,19.863,7653,545,536,2,2.853,2
129.8367,19.250,7654,545,536,2,2.563,2
129.8552,18.584,7655,545,536,2,3.050,2
129.8703,15.043,7656,545,536,2,2.989,2
129.8877,17.472,7657,545,536,2,4.092,2
129.9031,15.374,7658,545,536,2,2.593,2
129.9246,21.499,7659,545,536,2,3.373,2
129.9422,17.617,7660,545,536,2,2.441,2
129.9603,18.055,7661,545,536,2,2.156,2
129.9776,17.277,7662,545,536,2,3.004,2
129.9942,16.615,7663,545,536,2,2.418,2
130.0101,15.949,7664,545,536,2,2.921,2
130.0288,18.698,7665,545,536,2,2.104,2
130.0458,16.928,7666,545,536,2,3.210,2
130.0610,15.233,7667,545,536,2,2.035,2
130.0826,21.652,7668,545,536,2,3.269,2
130.0927,10.027,7669,545,536,2,2.063,2
130.1152,22.489,7670,545,536,2,2.421,2
130.1288,13.669,7671,545,536,2,2.076,2
130.1460,17.131,7672,545,536,2,2.812,2
130.1601,14.187,7673,545,536,2,2.068,2
130.1749,14.801,7674,545,536,2,2.088,2
130.1927,17.725,7675,545,536,2,2.081,2
130.2088,16.102,7676,545,536,2,2.726,2
130.2255,16.708,7677,545,536,2,2.089,2
130.2400,14.475,7678,545,536,2,2.255,2
130.2558,15.824,7679,545,536,2,2.140,2
130.2706,14.806,7680,545,536,2,2.507,2
130.2932,22.588,7681,545,536,2,2.869,2
130.3107,17.508,7682,545,536,2,2.916,2
130.3268,16.125,7683,545,536,2,2.061,2
130.3466,19.766,7684,545,536,2,2.575,2
130.3596,13.040,7685,545,536,2,2.044,2
130.3805,20.896,7686,545,536,2,2.850,2
130.3958,15.296,7687,545,536,2,2.100,2
130.4148,18.988,7688,545,536,2,3.524,2
130.4279,13.105,7689,545,536,2,2.085,2
130.4455,17.622,7690,545,536,2,2.870,2
130.4606,15.099,7691,545,536,2,2.099,2
130.4765,15.835,7692,545,536,2,2.721,2
130.4932,16.782,7693,545,536,2,2.101,2
130.5102,16.921,7694,545,536,2,2.790,2
130.5274,17.266,7695,545,536,2,2.119,2
130.5438,16.346,7696,545,536,2,2.793,2
130.5607,16.913,7697,545,536,2,2.164,2
130.5763,15.588,7698,545,536,2,2.683,2
130.5933,17.002,7699,545,536,2,2.372,2
130.6084,15.133,7700,545,536,2,3.298,2
130.6255,17.041,7701,545,536,2,2.667,2
130.6413,15.848,7702,545,536,2,2.881,2
130.6583,17.045,7703,545,536,2,2.082,2
130.6726,14.290,7704,545,536,2,3.038,2
130.6888,16.181,7705,545,536,2,2.568,2
130.7032,14.358,7706,545,536,2,2.366,2
130.7222,19.047,7707,545,536,2,2.985,2
130.7355,13.324,7708,545,536,2,2.236,2
130.7528,17.223,7709,545,536,2,2.584,2
130.7728,20.070,7710,545,536,2,2.371,2
130.7850,12.154,7711,545,536,2,2.305,2
130.7991,14.065,7712,545,536,2,2.097,2
130.8169,17.825,7713,545,536,2,2.341,2
130.8334,16.493,7714,545,536,2,2.017,2
130.8533,19.916,7715,545,536,2,2.528,2
130.8654,12.132,7716,545,536,2,2.080,2
130.8824,16.970,7717,545,536,2,2.132,2
130.8972,14.783,7718,545,536,2,2.051,2
130.9143,17.161,7719,545,536,2,3.128,2
130.9324,18.069,7720,545,536,2,2.146,2
130.9495,17.114,7721,545,536,2,2.302,2
130.9631,13.532,7722,545,536,2,2.033,2
130.9826,19.542,7723,545,536,2,2.946,2
130.9966,13.973,7724,545,536,2,2.116,2
131.0164,19.798,7725,545,536,2,2.557,2
131.0307,14.309,7726,545,536,2,2.715,2
131.0481,17.466,7727,545,536,2,3.018,2
131.0629,14.735,7728,545,536,2,2.089,2
131.0821,19.246,7729,545,536,2,2.301,2
131.0965,14.339,7730,545,536,2,2.081,2
131.1156,19.163,7731,545,536,2,2.342,2
131.1294,13.797,7732,545,536,2,2.049,2
131.1489,19.441,7733,545,536,2,2.329,2
131.1625,13.660,7734,545,536,2,2.045,2
131.1818,19.267,7735,545,536,2,2.304,2
131.1955,13.699,7736,545,536,2,2.033,2
131.2150,19.547,7737,545,536,2,2.377,2
131.2288,13.728,7738,545,536,2,2.039,2
131.2491,20.357,7739,545,536,2,2.686,2
131.2629,13.768,7740,545,536,2,2.129,2
131.2827,19.839,7741,545,536,2,2.350,2
131.2974,14.664,7742,545,536,2,2.648,2
131.3164,19.056,7743,545,536,2,2.886,2
131.3300,13.507,7744,545,536,2,2.060,2
131.3492,19.222,7745,545,536,2,2.646,2
131.3636,14.377,7746,545,536,2,2.113,2
131.3816,18.033,7747,545,536,2,3.386,2
131.3963,14.713,7748,545,536,2,2.082,2
131.4155,19.189,7749,545,536,2,3.100,2
131.4301,14.650,7750,545,536,2,2.111,2
131.4488,18.641,7751,545,536,2,3.143,2
131.4636,14.775,7752,545,536,2,2.082,2
131.4820,18.428,7753,545,536,2,2.390,2
131.4969,14.962,7754,545,536,2,2.094,2
131.5157,18.750,7755,545,536,2,2.266,2
131.5298,14.060,7756,545,536,2,2.074,2
131.5481,18.378,7757,545,536,2,2.526,2
131.5626,14.496,7758,545,536,2,2.075,2
131.5832,20.614,7759,545,536,2,2.658,2
131.5968,13.602,7760,545,536,2,2.102,2
131.6154,18.517,7761,545,536,2,2.448,2
131.6292,13.872,7762,545,536,2,2.052,2
131.6492,19.928,7763,545,536,2,2.707,2
131.6635,14.380,7764,545,536,2,2.113,2
131.6818,18.257,7765,545,536,2,3.398,2
131.6960,14.213,7766,545,536,2,2.055,2
131.7153,19.254,7767,545,536,2,2.700,2
131.7293,14.037,7768,545,536,2,2.028,2
131.7482,18.942,7769,545,536,2,2.869,2
131.7626,14.372,7770,545,536,2,2.093,2
131.7827,20.075,7771,545,536,2,2.778,2
131.7976,14.950,7772,545,536,2,2.551,2
131.8164,18.716,7773,545,536,2,2.297,2
131.8317,15.360,7774,545,536,2,2.377,2
131.8559,24.170,7775,545,536,2,2.872,2
131.8726,16.718,7776,545,536,2,3.104,2
131.8917,19.061,7777,545,536,2,2.433,2
131.9055,13.802,7778,545,536,2,2.612,2
131.9229,17.473,7779,545,536,2,2.407,2
131.9381,15.152,7780,545,536,2,3.597,2
131.9545,16.444,7781,545,536,2,2.180,2
131.9694,14.883,7782,545,536,2,2.337,2
131.9895,20.065,7783,545,536,2,2.579,2
132.0051,15.643,7784,545,536,2,2.445,2
132.0229,17.766,7785,545,536,2,2.611,2
132.0358,12.907,7786,545,536,2,2.213,2
132.0554,19.609,7787,545,536,2,3.292,2
132.0680,12.607,7788,545,536,2,2.231,2
132.0855,17.461,7789,545,536,2,2.197,2
132.0999,14.436,7790,545,536,2,2.115,2
132.1175,17.580,7791,545,536,2,2.723,2
132.1313,13.783,7792,545,536,2,2.075,2
132.1491,17.863,7793,545,536,2,3.409,2
132.1639,14.768,7794,545,536,2,2.133,2
132.1840,20.113,7795,545,536,2,2.929,2
132.1989,14.861,7796,545,536,2,2.116,2
132.2166,17.727,7797,545,536,2,2.398,2
132.2320,15.428,7798,545,536,2,2.506,2
132.2506,18.554,7799,545,536,2,2.495,2
132.2654,14.850,7800,545,536,2,2.142,2
132.2863,20.849,7801,545,536,2,2.882,2
132.3074,21.099,7802,545,536,2,3.599,2
132.3285,21.085,7803,545,536,2,3.478,2
132.3466,18.077,7804,545,536,2,2.519,2
132.3625,15.905,7805,545,536,2,2.034,2
132.3779,15.429,7806,545,536,2,2.403,2
132.3929,15.043,7807,545,536,2,2.140,2
132.4098,16.844,7808,545,536,2,3.759,2
132.4304,20.661,7809,545,536,2,2.114,2
132.4489,18.417,7810,545,536,2,3.212,2
132.4640,15.127,7811,545,536,2,2.065,2
132.4814,17.416,7812,545,536,2,2.986,2
132.4963,14.867,7813,545,536,2,2.655,2
132.5139,17.622,7814,545,536,2,3.367,2
132.5297,15.770,7815,545,536,2,2.278,2
132.5482,18.586,7816,545,536,2,3.347,2
132.5634,15.127,7817,545,536,2,2.159,2
132.5816,18.201,7818,545,536,2,3.170,2
132.5975,15.923,7819,545,536,2,2.161,2
132.6154,17.952,7820,545,536,2,2.987,2
132.6309,15.507,7821,545,536,2,2.204,2
132.6488,17.867,7822,545,536,2,2.708,2
132.6669,18.047,7823,545,536,2,2.128,2
132.6866,19.747,7824,545,536,2,2.344,2
132.7074,20.749,7825,545,536,2,3.175,2
132.7261,18.742,7826,545,536,2,2.876,2
132.7445,18.364,7827,545,536,2,3.297,2
132.7606,16.176,7828,545,536,2,2.166,2
132.7770,16.385,7829,545,536,2,3.637,2
132.7929,15.844,7830,545,536,2,2.445,2
132.8134,20.540,7831,545,536,2,3.557,2
132.8284,14.949,7832,545,536,2,2.088,2
132.8453,16.963,7833,545,536,2,2.630,2
132.8624,17.041,7834,545,536,2,2.079,2
132.8797,17.286,7835,545,536,2,2.828,2
132.8945,14.808,7836,545,536,2,2.070,2
132.9116,17.122,7837,545,536,2,3.489,2
132.9276,16.026,7838,545,536,2,2.114,2
132.9434,15.826,7839,545,536,2,2.802,2
132.9609,17.461,7840,545,536,2,2.118,2
132.9841,23.219,7841,545,536,2,2.959,2
133.0001,15.967,7842,545,536,2,2.044,2
133.0205,20.387,7843,545,536,2,2.282,2
133.0345,13.987,7844,545,536,2,2.143,2
133.0525,18.012,7845,545,536,2,2.270,2
133.0673,14.814,7846,545,536,2,2.173,2
133.0858,18.545,7847,545,536,2,2.385,2
133.1002,14.403,7848,545,536,2,2.064,2
133.1200,19.820,7849,545,536,2,2.886,2
133.1341,14.022,7850,545,536,2,2.098,2
133.1520,17.896,7851,545,536,2,2.755,2
133.1659,13.893,7852,545,536,2,2.104,2
133.1841,18.200,7853,545,536,2,3.081,2
133.1982,14.187,7854,545,536,2,2.294,2
133.2220,23.771,7855,545,536,2,3.096,2
133.2303,8.312,7856,545,536,2,2.111,2
133.2531,22.729,7857,545,536,2,2.763,2
133.2662,13.141,7858,545,536,2,2.095,2
133.2843,18.098,7859,545,536,2,2.857,2
133.2983,14.041,7860,545,536,2,2.063,2
133.3157,17.344,7861,545,536,2,2.820,2
133.3295,13.811,7862,545,536,2,2.034,2
133.3463,16.782,7863,545,536,2,2.991,2
133.3608,14.525,7864,545,536,2,2.040,2
133.3764,15.597,7865,545,536,2,3.625,2
133.3931,16.714,7866,545,536,2,2.175,2
133.4082,15.108,7867,545,536,2,2.872,2
133.4240,15.787,7868,545,536,2,2.373,2
133.4392,15.147,7869,545,536,2,2.177,2
133.4550,15.895,7870,545,536,2,2.072,2
133.4684,13.352,7871,545,536,2,2.335,2
133.4866,18.208,7872,545,536,2,2.109,2
133.5020,15.432,7873,545,536,2,2.196,2
133.5204,18.407,7874,545,536,2,2.284,2
133.5388,18.389,7875,545,536,2,2.196,2
133.5545,15.690,7876,545,536,2,2.139,2
133.5680,13.513,7877,545,536,2,2.161,2
133.5868,18.788,7878,545,536,2,2.109,2
133.6014,14.589,7879,545,536,2,2.125,2
133.6201,18.676,7880,545,536,2,2.173,2
133.6358,15.727,7881,545,536,2,2.239,2
133.6597,23.843,7882,545,536,2,2.570,2
133.6684,8.708,7883,545,536,2,2.307,2
133.6889,20.541,7884,545,536,2,2.085,2
133.7016,12.669,7885,545,536,2,2.218,2
133.7203,18.723,7886,545,536,2,2.054,2
133.7353,14.968,7887,545,536,2,2.198,2
133.7541,18.800,7888,545,536,2,2.210,2
133.7690,14.882,7889,545,536,2,2.242,2
133.7871,18.143,7890,545,536,2,2.096,2
133.8017,14.605,7891,545,536,2,2.123,2
133.8195,17.802,7892,545,536,2,2.094,2
133.8349,15.413,7893,545,536,2,2.146,2
133.8528,17.926,7894,545,536,2,2.076,2
133.8681,15.305,7895,545,536,2,2.163,2
133.8867,18.600,7896,545,536,2,2.055,2
133.9017,14.961,7897,545,536,2,2.167,2
133.9203,18.557,7898,545,536,2,2.111,2
133.9350,14.703,7899,545,536,2,2.117,2
133.9539,18.982,7900,545,536,2,2.413,2
133.9696,15.665,7901,545,536,2,2.362,2
133.9869,17.336,7902,545,536,2,2.629,2
134.0015,14.588,7903,545,536,2,2.133,2
134.0204,18.876,7904,545,536,2,2.082,2
134.0351,14.689,7905,545,536,2,2.171,2
134.0536,18.545,7906,545,536,2,2.071,2
134.0684,14.796,7907,545,536,2,2.175,2
134.0862,17.727,7908,545,536,2,2.050,2
134.1020,15.860,7909,545,536,2,2.202,2
134.1204,18.411,7910,545,536,2,2.527,2
134.1350,14.538,7911,545,536,2,2.168,2
134.1539,18.934,7912,545,536,2,2.121,2
134.1686,14.708,7913,545,536,2,2.191,2
134.1877,19.061,7914,545,536,2,2.295,2
134.2044,16.721,7915,545,536,2,2.267,2
134.2216,17.193,7916,545,536,2,2.132,2
134.2354,13.837,7917,545,536,2,2.254,2
134.2535,18.054,7918,545,536,2,2.111,2
134.2686,15.117,7919,545,536,2,2.241,2
134.2912,22.605,7920,545,536,2,3.268,2
134.3102,18.976,7921,545,536,2,4.402,2
134.3262,15.980,7922,545,536,2,3.001,2
134.3380,11.848,7923,545,536,2,2.184,2
134.3536,15.559,7924,545,536,2,2.218,2
134.3685,14.943,7925,545,536,2,2.183,2
134.3860,17.481,7926,545,536,2,2.129,2
134.4024,16.406,7927,545,536,2,2.184,2
134.4209,18.454,7928,545,536,2,2.308,2
134.4355,14.658,7929,545,536,2,2.251,2
134.4584,22.929,7930,545,536,2,2.265,2
134.4690,10.528,7931,545,536,2,2.794,2
134.4888,19.871,7932,545,536,2,2.316,2
134.5024,13.594,7933,545,536,2,3.069,2
134.5204,17.999,7934,545,536,2,2.145,2
134.5352,14.724,7935,545,536,2,2.327,2
134.5557,20.508,7936,545,536,2,2.950,2
134.5685,12.792,7937,545,536,2,2.260,2
134.5873,18.822,7938,545,536,2,2.595,2
134.6019,14.593,7939,545,536,2,2.182,2
134.6195,17.647,7940,545,536,2,2.088,2
134.6349,15.388,7941,545,536,2,2.213,2
134.6535,18.591,7942,545,536,2,2.798,2
134.6684,14.915,7943,545,536,2,2.079,2
134.6876,19.229,7944,545,536,2,2.059,2
134.7031,15.429,7945,545,536,2,2.148,2
134.7224,19.313,7946,545,536,2,2.181,2
134.7384,15.976,7947,545,536,2,2.359,2
134.7544,16.006,7948,545,536,2,2.475,2
134.7699,15.484,7949,545,536,2,2.472,2
134.7868,16.898,7950,545,536,2,2.184,2
134.8023,15.594,7951,545,536,2,2.255,2
134.8209,18.579,7952,545,536,2,2.119,2
134.8371,16.187,7953,545,536,2,2.318,2
134.8549,17.750,7954,545,536,2,2.636,2
134.8687,13.814,7955,545,536,2,2.354,2
134.8861,17.468,7956,545,536,2,2.137,2
134.9015,15.364,7957,545,536,2,2.167,2
134.9194,17.898,7958,545,536,2,2.230,2
134.9349,15.532,7959,545,536,2,2.212,2
134.9536,18.689,7960,545,536,2,2.136,2
134.9684,14.756,7961,545,536,2,2.137,2
134.9871,18.709,7962,545,536,2,2.246,2
135.0043,17.231,7963,545,536,2,2.277,2
135.0210,16.633,7964,545,537,2,2.138,2
135.0349,13.958,7965,545,537,2,2.192,2
135.0535,18.617,7966,545,538,2,2.092,2
135.0689,15.327,7967,545,539,2,2.241,2
135.0878,18.976,7968,545,540,2,2.089,2
135.1024,14.589,7969,545,541,2,2.158,2
135.1233,20.906,7970,545,542,2,2.529,2
135.1371,13.755,7971,545,542,2,2.218,2
135.1548,17.741,7972,545,542,2,2.522,2
135.1688,13.963,7973,545,541,2,2.145,2
135.1874,18.637,7974,545,539,2,2.140,2
135.2023,14.864,7975,545,536,2,2.089,2
135.2215,19.260,7976,545,533,2,2.408,2
135.2363,14.803,7977,545,529,2,2.201,2
135.2542,17.875,7978,545,524,2,2.210,2
135.2687,14.467,7979,545,519,2,2.215,2
135.2948,26.071,7980,545,514,2,3.079,2
135.3119,17.144,7981,545,509,2,3.783,2
135.3251,13.232,7982,545,504,2,2.072,2
135.3416,16.427,7983,545,499,2,2.219,2
135.3587,17.115,7984,545,495,2,2.076,2
135.3725,13.842,7985,545,492,2,2.172,2
135.3892,16.635,7986,545,491,2,2.265,2
135.4030,13.794,7987,545,491,2,2.178,2
135.4198,16.803,7988,545,490,2,2.036,2
135.4354,15.686,7989,545,490,2,2.634,2
135.4540,18.556,7990,545,489,2,2.163,2
135.4688,14.807,7991,545,487,2,2.137,2
135.4870,18.163,7992,545,485,2,2.092,2
135.5036,16.608,7993,545,483,2,2.128,2
135.5218,18.184,7994,545,479,2,2.162,2
135.5397,17.953,7995,545,475,2,2.074,2
135.5546,14.844,7996,545,471,2,2.004,2
135.5690,14.464,7997,545,465,2,2.157,2
135.5888,19.770,7998,545,460,2,2.532,2
135.6022,13.394,7999,545,453,2,2.085,2
135.6198,17.663,8000,545,447,2,2.109,2
135.6353,15.468,8001,545,440,2,2.097,2
135.6532,17.895,8002,545,434,2,2.173,2
135.6679,14.702,8003,545,434,2,2.123,2
135.6863,18.367,8004,545,434,2,2.392,2
135.7012,14.888,8005,545,434,2,2.021,2
135.7202,19.080,8006,545,434,2,2.438,2
135.7349,14.674,8007,545,434,2,2.059,2
135.7527,17.791,8008,545,434,2,2.144,2
135.7684,15.687,8009,545,434,2,2.257,2
135.7866,18.170,8010,545,434,2,2.057,2
135.8049,18.341,8011,545,434,2,2.057,2
135.8218,16.934,8012,545,434,2,1.964,2
135.8355,13.620,8013,545,434,2,2.127,2
135.8535,18.072,8014,545,434,2,1.970,2
135.8682,14.625,8015,545,434,2,2.075,2
135.8862,18.028,8016,545,434,2,2.060,2
135.9015,15.345,8017,545,434,2,2.074,2
135.9195,17.931,8018,545,434,2,2.023,2
135.9346,15.139,8019,545,434,2,2.105,2
135.9533,18.657,8020,545,434,2,2.000,2
135.9678,14.587,8021,545,434,2,2.016,2
135.9873,19.477,8022,545,434,2,2.337,2
136.0017,14.365,8023,545,434,2,2.261,2
136.0201,18.384,8024,545,434,2,2.032,2
136.0380,17.969,8025,545,434,2,2.244,2
136.0533,15.210,8026,545,434,2,2.065,2
136.0708,17.582,8027,545,434,2,2.071,2
136.0874,16.586,8028,545,439,2,1.993,2
136.1022,14.827,8029,545,445,2,2.112,2
136.1210,18.708,8030,545,450,2,2.057,2
136.1355,14.559,8031,545,456,2,2.120,2
136.1538,18.264,8032,545,461,2,2.053,2
136.1707,16.961,8033,545,466,2,2.507,2
136.1895,18.746,8034,545,470,2,2.156,2
136.2032,13.730,8035,545,474,2,2.123,2
136.2212,17.989,8036,545,478,2,2.105,2
136.2359,14.653,8037,545,481,2,2.117,2
136.2548,18.948,8038,545,484,2,2.393,2
136.2690,14.186,8039,545,486,2,2.225,2
136.2895,20.554,8040,545,487,2,2.340,2
136.3077,18.139,8041,545,489,2,2.497,2
136.3247,17.036,8042,545,490,2,2.100,2
136.3455,20.786,8043,545,490,2,2.996,2
136.3600,14.457,8044,545,491,2,2.231,2
136.3732,13.269,8045,545,491,2,2.121,2
136.3893,16.087,8046,545,491,2,2.085,2
136.4033,14.022,8047,545,491,2,2.176,2
136.4204,17.061,8048,545,491,2,2.201,2
136.4352,14.792,8049,545,491,2,2.114,2
136.4527,17.474,8050,545,491,2,2.119,2
136.4684,15.696,8051,545,491,2,2.183,2
136.4870,18.648,8052,545,491,2,2.158,2
136.5016,14.627,8053,545,491,2,2.233,2
136.5211,19.411,8054,545,491,2,2.136,2
136.5356,14.583,8055,545,491,2,2.701,2
136.5536,17.928,8056,545,491,2,2.016,2
136.5693,15.738,8057,545,491,2,2.175,2
136.5865,17.239,8058,545,491,2,2.099,2
136.6041,17.519,8059,545,491,2,2.092,2
136.6200,15.936,8060,545,491,2,2.028,2
136.6349,14.900,8061,545,491,2,2.125,2
136.6535,18.632,8062,545,491,2,2.078,2
136.6682,14.697,8063,545,491,2,2.060,2
136.6862,17.941,8064,545,491,2,2.137,2
136.7012,15.074,8065,545,491,2,2.031,2
136.7200,18.743,8066,545,491,2,2.191,2
136.7354,15.381,8067,545,491,2,2.401,2
136.7535,18.135,8068,545,491,2,2.014,2
136.7684,14.888,8069,545,491,2,2.117,2
136.7871,18.700,8070,545,491,2,2.093,2
136.8020,14.870,8071,545,491,2,2.897,2
136.8201,18.182,8072,545,492,2,2.107,2
136.8360,15.820,8073,545,493,2,2.158,2
136.8552,19.200,8074,545,495,2,2.480,2
136.8730,17.853,8075,545,497,2,2.083,2
136.8889,15.886,8076,545,500,2,2.021,2
136.9037,14.847,8077,545,503,2,2.200,2
136.9216,17.829,8078,545,506,2,2.149,2
136.9367,15.131,8079,545,509,2,2.675,2
136.9542,17.467,8080,545,512,2,2.031,2
136.9690,14.872,8081,545,516,2,2.124,2
136.9882,19.159,8082,545,519,2,2.492,2
137.0025,14.268,8083,545,522,2,2.214,2
137.0209,18.427,8084,545,524,2,2.143,2
137.0359,14.994,8085,545,527,2,2.181,2
137.0538,17.916,8086,545,529,2,2.090,2
137.0690,15.221,8087,545,531,2,2.175,2
137.0872,18.192,8088,545,533,2,2.061,2
137.1027,15.529,8089,545,535,2,2.144,2
137.1217,18.966,8090,545,536,2,2.685,2
137.1419,20.225,8091,545,537,2,2.899,2
137.1572,15.276,8092,545,538,2,2.146,2
137.1707,13.509,8093,545,539,2,2.198,2
137.1887,17.998,8094,545,540,2,2.691,2
137.2015,12.728,8095,545,540,2,2.169,2
137.2203,18.890,8096,545,540,2,2.228,2
137.2356,15.225,8097,545,540,2,2.127,2
137.2545,18.923,8098,545,540,2,2.450,2
137.2690,14.508,8099,545,540,2,2.518,2
137.2878,18.847,8100,545,540,2,2.578,2
137.3018,14.003,8101,545,540,2,2.287,2
137.3199,18.040,8102,545,540,2,2.079,2
137.3352,15.291,8103,545,540,2,2.136,2
137.3533,18.118,8104,545,540,2,2.063,2
137.3685,15.177,8105,545,540,2,2.120,2
137.3880,19.547,8106,545,539,2,2.439,2
137.4087,20.704,8107,545,539,2,2.200,2
137.4236,14.868,8108,545,539,2,2.083,2
137.4401,16.502,8109,545,538,2,2.072,2
137.4558,15.719,8110,545,538,2,2.066,2
137.4722,16.398,8111,545,538,2,2.195,2
137.4886,16.367,8112,545,537,2,2.121,2
137.5019,13.365,8113,545,537,2,2.166,2
137.5213,19.395,8114,545,536,2,2.326,2
137.5352,13.880,8115,545,536,2,2.293,2
137.5539,18.689,8116,545,535,2,2.127,2
137.5693,15.370,8117,545,535,2,2.147,2
137.5877,18.390,8118,545,535,2,2.077,2
137.6019,14.238,8119,545,535,2,2.148,2
137.6213,19.441,8120,545,534,2,2.072,2
137.6413,19.996,8121,545,534,2,2.259,2
137.6560,14.702,8122,545,534,2,2.042,2
137.6765,20.494,8123,545,534,2,2.623,2
137.6916,15.034,8124,545,534,2,2.025,2
137.7059,14.338,8125,545,534,2,2.116,2
137.7227,16.758,8126,545,533,2,2.051,2
137.7368,14.171,8127,545,532,2,2.229,2
137.7554,18.590,8128,545,531,2,2.141,2
137.7697,14.244,8129,545,530,2,2.211,2
137.7876,17.880,8130,545,529,2,2.225,2
137.8028,15.223,8131,545,527,2,2.326,2
137.8222,19.391,8132,545,525,2,2.146,2
137.8444,22.235,8133,545,523,2,3.070,2
137.8674,23.041,8134,545,521,2,3.257,2
137.8912,23.785,8135,545,518,2,3.178,2
137.9144,23.171,8136,545,514,2,3.906,2
137.9370,22.653,8137,545,511,2,3.120,2
137.9666,29.585,8138,545,507,2,3.167,2
137.9905,23.824,8139,545,500,2,3.060,2
138.0119,21.450,8140,545,496,2,3.429,2
138.0296,17.673,8141,545,490,2,2.377,2
138.0584,28.808,8142,545,485,2,4.123,2
138.0834,24.990,8143,545,481,2,4.416,2
138.1030,19.660,8144,545,478,2,2.636,2
138.1233,20.273,8145,545,477,2,2.259,2
138.1375,14.183,8146,545,476,2,2.232,2
138.1547,17.219,8147,545,476,2,2.199,2
138.1689,14.159,8148,545,476,2,2.057,2
138.1864,17.547,8149,545,476,2,2.121,2
138.2043,17.881,8150,545,476,2,2.147,2
138.2204,16.066,8151,545,476,2,2.007,2
138.2343,13.940,8152,545,476,2,2.200,2
138.2514,17.103,8153,545,476,2,2.195,2
138.2648,13.416,8154,545,476,2,2.188,2
138.2838,18.970,8155,545,476,2,3.517,2
138.3002,16.362,8156,545,476,2,2.278,2
138.3187,18.591,8157,545,476,2,2.109,2
138.3326,13.827,8158,545,476,2,2.037,2
138.3499,17.356,8159,545,477,2,2.286,2
138.3624,12.423,8160,545,477,2,2.370,2
138.3776,15.254,8161,545,477,2,2.612,2
138.3922,14.548,8162,545,478,2,1.994,2
138.4066,14.404,8163,545,478,2,2.212,2
138.4224,15.832,8164,545,478,2,2.001,2
138.4398,17.441,8165,545,478,2,2.249,2
138.4596,19.804,8166,545,478,2,2.403,2
138.4737,14.088,8167,545,479,2,2.111,2
138.4898,16.102,8168,545,479,2,2.010,2
138.5040,14.143,8169,545,479,2,2.088,2
138.5211,17.118,8170,545,479,2,1.998,2
138.5373,16.226,8171,545,479,2,2.107,2
138.5543,16.992,8172,545,479,2,1.997,2
138.5715,17.212,8173,545,479,2,2.174,2
138.5877,16.143,8174,545,479,2,2.189,2
138.6043,16.622,8175,545,482,2,2.240,2
138.6227,18.449,8176,545,485,2,2.033,2
138.6383,15.531,8177,545,489,2,2.085,2
138.6555,17.215,8178,545,494,2,2.021,2
138.6714,15.894,8179,545,500,2,2.091,2
138.6884,17.008,8180,545,506,2,2.027,2
138.7048,16.444,8181,545,513,2,2.184,2
138.7243,19.465,8182,545,519,2,2.030,2
138.7388,14.494,8183,545,525,2,2.117,2
138.7549,16.144,8184,545,531,2,2.043,2
138.7717,16.764,8185,545,536,2,2.162,2
138.7893,17.571,8186,545,539,2,2.056,2
138.8049,15.636,8187,545,541,2,2.475,2
138.8228,17.885,8188,545,542,2,2.125,2
138.8380,15.263,8189,545,542,2,2.133,2
138.8559,17.870,8190,545,541,2,2.049,2
138.8718,15.865,8191,545,540,2,2.128,2
138.8895,17.716,8192,545,539,2,2.026,2
138.9061,16.564,8193,545,538,2,2.103,2
138.9226,16.569,8194,545,537,2,2.055,2
138.9376,15.009,8195,545,537,2,2.143,2
138.9550,17.315,8196,545,536,2,2.048,2
138.9709,15.965,8197,545,536,2,2.167,2
138.9902,19.310,8198,545,536,2,2.039,2
139.0048,14.549,8199,545,536,2,2.104,2
139.0223,17.493,8200,545,536,2,2.039,2
139.0377,15.429,8201,545,536,2,2.107,2
139.0546,16.857,8202,545,536,2,2.115,2
139.0704,15.881,8203,545,536,2,2.247,2
139.0887,18.267,8204,545,536,2,2.092,2
139.1045,15.800,8205,545,536,2,2.210,2
139.1218,17.330,8206,545,536,2,2.032,2
139.1377,15.893,8207,545,536,2,2.113,2
139.1542,16.500,8208,545,536,2,2.033,2
139.1707,16.499,8209,545,536,2,2.189,2
139.1891,18.416,8210,545,536,2,2.043,2
139.2053,16.175,8211,545,536,2,2.082,2
139.2213,15.954,8212,545,536,2,2.040,2
139.2375,16.211,8213,545,536,2,2.176,2
139.2555,18.051,8214,545,536,2,2.055,2
139.2709,15.399,8215,545,536,2,2.151,2
139.2903,19.324,8216,545,536,2,2.191,2
139.3053,14.999,8217,545,536,2,2.376,2
139.3225,17.198,8218,545,536,2,2.219,2
139.3377,15.229,8219,545,536,2,2.287,2
139.3550,17.332,8220,545,536,2,2.168,2
139.3715,16.469,8221,545,536,2,2.462,2
139.3876,16.085,8222,545,536,2,2.056,2
139.4044,16.864,8223,545,536,2,2.143,2
139.4212,16.800,8224,545,536,2,2.044,2
139.4377,16.508,8225,545,536,2,2.118,2
139.4545,16.775,8226,545,536,2,2.043,2
139.4705,15.993,8227,545,536,2,2.155,2
139.4881,17.628,8228,545,536,2,2.056,2
139.5040,15.877,8229,545,536,2,2.136,2
139.5233,19.335,8230,545,536,2,2.071,2
139.5405,17.163,8231,545,536,2,2.367,2
139.5561,15.559,8232,545,536,2,2.132,2
139.5712,15.145,8233,545,536,2,2.459,2
139.5880,16.798,8234,545,536,2,2.116,2
139.6047,16.645,8235,545,536,2,2.901,2
139.6224,17.741,8236,545,537,2,2.122,2
139.6375,15.093,8237,545,537,2,2.306,2
139.6556,18.080,8238,545,538,2,2.099,2
139.6732,17.652,8239,545,539,2,2.220,2
139.6900,16.818,8240,545,541,2,2.057,2
139.7055,15.416,8241,545,541,2,2.112,2
139.7243,18.887,8242,545,542,2,2.042,2
139.7381,13.783,8243,545,542,2,2.178,2
139.7550,16.864,8244,545,541,2,2.043,2
139.7737,18.719,8245,545,538,2,2.116,2
139.7916,17.921,8246,545,535,2,2.070,2
139.8079,16.265,8247,545,530,2,2.307,2
139.8244,16.466,8248,545,524,2,2.048,2
139.8396,15.205,8249,545,518,2,2.111,2
139.8565,16.932,8250,545,511,2,2.035,2
139.8734,16.862,8251,545,505,2,2.173,2
139.8918,18.459,8252,545,498,2,2.049,2
139.9063,14.450,8253,545,493,2,2.194,2
139.9224,16.131,8254,545,488,2,2.013,2
139.9389,16.478,8255,545,484,2,2.062,2
139.9562,17.369,8256,545,481,2,2.078,2
139.9719,15.671,8257,545,479,2,2.145,2
139.9892,17.313,8258,545,479,2,2.115,2
140.0042,14.950,8259,545,479,2,2.368,2
140.0277,23.534,8260,545,479,2,2.272,2
140.0382,10.437,8261,545,479,2,2.339,2
140.0599,21.768,8262,545,479,2,2.241,2
140.0763,16.390,8263,545,479,2,2.920,2
140.0921,15.839,8264,545,479,2,2.109,2
140.1088,16.679,8265,545,478,2,2.332,2
140.1263,17.495,8266,545,478,2,2.104,2
140.1433,17.008,8267,545,478,2,2.795,2
140.1592,15.867,8268,545,478,2,2.020,2
140.1748,15.627,8269,545,477,2,2.474,2
140.1903,15.467,8270,545,477,2,1.990,2
140.2043,14.012,8271,545,477,2,2.158,2
140.2219,17.612,8272,545,476,2,2.014,2
140.2378,15.898,8273,545,476,2,2.125,2
140.2546,16.794,8274,545,476,2,1.989,2
140.2714,16.771,8275,545,476,2,2.112,2
140.2913,19.880,8276,545,476,2,2.569,2
140.3060,14.779,8277,545,476,2,2.060,2
140.3254,19.352,8278,545,476,2,2.006,2
140.3405,15.070,8279,545,476,2,2.395,2
140.3578,17.311,8280,545,476,2,1.994,2
140.3748,16.996,8281,545,476,2,2.488,2
140.3900,15.186,8282,545,476,2,2.001,2
140.4045,14.547,8283,545,476,2,2.086,2
140.4237,19.240,8284,545,476,2,2.084,2
140.4385,14.737,8285,545,476,2,2.116,2
140.4552,16.714,8286,545,476,2,2.011,2
140.4710,15.854,8287,545,476,2,2.138,2
140.4887,17.701,8288,545,477,2,2.012,2
140.5055,16.746,8289,545,478,2,2.193,2
140.5226,17.083,8290,545,480,2,2.047,2
140.5392,16.594,8291,545,482,2,2.152,2
140.5573,18.142,8292,545,485,2,2.013,2
140.5729,15.607,8293,545,488,2,2.097,2
140.5921,19.205,8294,545,491,2,2.025,2
140.6074,15.233,8295,545,495,2,2.059,2
140.6250,17.601,8296,545,499,2,2.025,2
140.6392,14.290,8297,545,502,2,2.173,2
140.6568,17.582,8298,545,506,2,2.436,2
140.6724,15.598,8299,545,509,2,2.093,2
140.6895,17.122,8300,545,513,2,2.048,2
140.7054,15.848,8301,545,516,2,2.136,2
140.7237,18.327,8302,545,519,2,2.142,2
140.7394,15.653,8303,545,521,2,2.104,2
140.7557,16.280,8304,545,524,2,2.129,2
140.7731,17.419,8305,545,526,2,2.272,2
140.7893,16.233,8306,545,528,2,2.171,2
140.8065,17.199,8307,545,529,2,2.133,2
140.8248,18.257,8308,545,530,2,2.093,2
140.8398,15.036,8309,545,531,2,2.106,2
140.8618,22.029,8310,545,532,2,2.058,2
140.8778,15.961,8311,545,533,2,2.574,2
140.8921,14.330,8312,545,533,2,2.047,2
140.9067,14.553,8313,545,534,2,2.106,2
140.9222,15.528,8314,545,534,2,2.067,2
140.9381,15.871,8315,545,534,2,2.152,2
140.9574,19.300,8316,545,534,2,2.706,2
140.9715,14.089,8317,545,534,2,2.174,2
140.9896,18.177,8318,545,534,2,2.225,2
141.0105,20.887,8319,545,535,2,3.044,2
141.0258,15.311,8320,545,535,2,2.066,2
141.0405,14.634,8321,545,535,2,2.313,2
141.0571,16.614,8322,545,536,2,2.054,2
141.0725,15.388,8323,545,536,2,2.622,2
141.0897,17.266,8324,545,537,2,2.050,2
141.1060,16.263,8325,545,537,2,2.129,2
141.1250,19.036,8326,545,537,2,2.055,2
141.1406,15.544,8327,545,538,2,2.130,2
141.1564,15.800,8328,545,538,2,2.075,2
141.1720,15.658,8329,545,539,2,2.177,2
141.1891,17.089,8330,545,539,2,2.088,2
141.2048,15.669,8331,545,539,2,2.157,2
141.2220,17.216,8332,545,539,2,2.043,2
141.2389,16.853,8333,545,540,2,2.108,2
141.2551,16.230,8334,545,540,2,2.063,2
141.2728,17.731,8335,545,540,2,2.277,2
141.2912,18.345,8336,545,540,2,2.340,2
141.3092,17.998,8337,545,540,2,3.437,2
141.3252,16.044,8338,545,540,2,2.059,2
141.3401,14.879,8339,545,540,2,2.283,2
141.3571,16.996,8340,545,540,2,2.199,2
141.3755,18.414,8341,545,540,2,2.502,2
141.3916,16.126,8342,545,540,2,2.073,2
141.4059,14.285,8343,545,540,2,2.098,2
141.4228,16.845,8344,545,539,2,2.086,2
141.4392,16.395,8345,545,539,2,2.135,2
141.4564,17.236,8346,545,538,2,2.052,2
141.4726,16.207,8347,545,537,2,2.111,2
141.4902,17.639,8348,545,535,2,2.590,2
141.5056,15.413,8349,545,534,2,2.184,2
141.5252,19.563,8350,545,532,2,2.163,2
141.5410,15.743,8351,545,530,2,2.463,2
141.5575,16.523,8352,545,528,2,2.148,2
141.5731,15.636,8353,545,525,2,2.197,2
141.5908,17.715,8354,545,523,2,2.810,2
141.6061,15.319,8355,545,520,2,2.378,2
141.6240,17.810,8356,545,517,2,2.081,2
141.6405,16.502,8357,545,514,2,2.072,2
141.6605,20.070,8358,545,511,2,2.024,2
141.6766,16.098,8359,545,507,2,2.575,2
141.6930,16.333,8360,545,504,2,2.063,2
141.7091,16.136,8361,545,501,2,3.014,2
141.7251,16.000,8362,545,498,2,2.077,2
141.7416,16.469,8363,545,496,2,2.463,2
141.7586,17.010,8364,545,494,2,2.070,2
141.7746,15.985,8365,545,492,2,2.165,2
141.7935,18.965,8366,545,491,2,2.063,2
141.8099,16.420,8367,545,491,2,3.223,2
141.8256,15.626,8368,545,491,2,2.413,2
141.8418,16.267,8369,545,490,2,2.595,2
141.8591,17.245,8370,545,490,2,2.008,2
141.8744,15.270,8371,545,488,2,2.194,2
141.8932,18.810,8372,545,487,2,2.144,2
141.9084,15.281,8373,545,485,2,2.979,2
141.9295,21.097,8374,545,482,2,2.472,2
141.9464,16.860,8375,545,479,2,2.815,2
141.9603,13.854,8376,545,475,2,2.061,2
141.9757,15.477,8377,545,471,2,2.505,2
141.9925,16.749,8378,545,466,2,2.066,2
142.0092,16.720,8379,545,461,2,2.579,2
142.0258,16.559,8380,545,455,2,1.986,2
142.0414,15.672,8381,545,449,2,2.422,2
142.0585,17.052,8382,545,443,2,2.027,2
142.0755,17.004,8383,545,437,2,2.296,2
142.0922,16.670,8384,545,434,2,2.173,2
142.1079,15.740,8385,545,434,2,2.855,2
142.1241,16.222,8386,545,434,2,2.132,2
142.1393,15.211,8387,545,434,2,2.104,2
142.1577,18.406,8388,545,434,2,1.999,2
142.1730,15.252,8389,545,434,2,2.215,2
142.1927,19.710,8390,545,434,2,1.990,2
142.2086,15.868,8391,545,434,2,2.660,2
142.2252,16.593,8392,545,434,2,2.036,2
142.2403,15.124,8393,545,434,2,2.437,2
142.2562,15.893,8394,545,434,2,2.031,2
142.2741,17.894,8395,545,434,2,2.948,2
142.2941,20.063,8396,545,434,2,2.153,2
142.3129,18.764,8397,545,434,2,3.139,2
142.3270,14.124,8398,545,434,2,2.103,2
142.3423,15.267,8399,545,434,2,2.489,2
142.3574,15.130,8400,545,434,2,1.984,2
142.3720,14.610,8401,545,434,2,2.075,2
142.3889,16.887,8402,545,434,2,2.389,2
142.4049,15.959,8403,545,434,2,2.107,2
142.4220,17.153,8404,545,434,2,2.215,2
142.4394,17.346,8405,545,434,2,2.201,2
142.4589,19.535,8406,545,434,2,1.906,2
142.4729,13.985,8407,545,434,2,1.996,2
142.4896,16.663,8408,545,440,2,2.012,2
142.5060,16.491,8409,545,446,2,2.102,2
142.5225,16.406,8410,545,453,2,1.970,2
142.5390,16.566,8411,545,458,2,2.036,2
142.5556,16.607,8412,545,464,2,1.965,2
142.5723,16.682,8413,545,469,2,2.040,2
142.5885,16.176,8414,545,474,2,1.999,2
142.6060,17.474,8415,545,478,2,2.026,2
142.6243,18.300,8416,545,481,2,2.024,2
142.6405,16.235,8417,545,484,2,2.013,2
142.6567,16.244,8418,545,486,2,2.087,2
142.6725,15.733,8419,545,488,2,2.102,2
142.6921,19.615,8420,545,489,2,2.102,2
142.7056,13.496,8421,545,490,2,2.117,2
142.7246,19.017,8422,545,490,2,2.001,2
142.7394,14.773,8423,545,491,2,2.066,2
142.7562,16.804,8424,545,491,2,2.048,2
142.7729,16.722,8425,545,493,2,2.118,2
142.7891,16.175,8426,545,495,2,2.070,2
142.8058,16.683,8427,545,499,2,2.217,2
142.8226,16.826,8428,545,503,2,2.037,2
142.8390,16.403,8429,545,508,2,2.095,2
142.8562,17.182,8430,545,513,2,2.071,2
142.8718,15.652,8431,545,518,2,2.173,2
142.8904,18.581,8432,545,522,2,2.006,2
142.9065,16.108,8433,545,527,2,2.068,2
142.9236,17.102,8434,545,531,2,2.030,2
142.9400,16.384,8435,545,535,2,2.123,2
142.9567,16.718,8436,545,537,2,2.020,2
142.9728,16.090,8437,545,540,2,2.099,2
142.9921,19.308,8438,545,541,2,2.005,2
143.0071,14.943,8439,545,542,2,2.217,2
143.0226,15.582,8440,545,542,2,2.014,2
143.0381,15.490,8441,545,542,2,2.066,2
143.0559,17.797,8442,545,541,2,2.087,2
143.0716,15.724,8443,545,540,2,2.110,2
143.0914,19.800,8444,545,539,2,2.259,2
143.1069,15.418,8445,545,538,2,2.223,2
143.1225,15.650,8446,545,537,2,2.083,2
143.1384,15.867,8447,545,537,2,3.040,2
143.1562,17.792,8448,545,537,2,2.538,2
143.1721,15.946,8449,545,536,2,2.088,2
143.1887,16.543,8450,545,536,2,2.060,2
143.2052,16.569,8451,545,536,2,2.101,2
143.2237,18.467,8452,545,536,2,2.059,2
143.2381,14.380,8453,545,536,2,2.124,2
143.2574,19.292,8454,545,536,2,2.016,2
143.2722,14.806,8455,545,536,2,2.180,2
143.2948,22.587,8456,545,536,2,2.179,2
143.3114,16.647,8457,545,536,2,2.610,2
143.3256,14.218,8458,545,536,2,2.144,2
143.3391,13.451,8459,545,536,2,2.054,2
143.3598,20.745,8460,545,536,2,2.526,2
143.3739,14.101,8461,545,536,2,2.499,2
143.3893,15.418,8462,545,536,2,2.132,2
143.4054,16.097,8463,545,536,2,3.007,2
143.4218,16.318,8464,545,536,2,2.500,2
143.4384,16.648,8465,545,536,2,2.105,2
143.4554,17.020,8466,545,536,2,2.131,2
143.4720,16.526,8467,545,536,2,2.061,2
143.4885,16.549,8468,545,536,2,2.020,2
143.5048,16.336,8469,545,536,2,2.095,2
143.5242,19.335,8470,545,536,2,2.079,2
143.5384,14.245,8471,545,536,2,2.089,2
143.5555,17.081,8472,545,536,2,2.004,2
143.5722,16.720,8473,545,536,2,2.122,2
143.5884,16.203,8474,545,536,2,2.063,2
143.6052,16.827,8475,545,536,2,2.688,2
143.6227,17.463,8476,545,536,2,2.477,2
143.6386,15.886,8477,545,536,2,2.228,2
143.6552,16.630,8478,545,536,2,2.100,2
143.6725,17.229,8479,545,536,2,3.079,2
143.6883,15.807,8480,545,536,2,2.346,2
143.7051,16.846,8481,545,536,2,2.123,2
143.7217,16.625,8482,545,536,2,2.102,2
143.7386,16.845,8483,545,536,2,2.070,2
143.7558,17.240,8484,545,536,2,2.033,2
143.7718,16.007,8485,545,536,2,2.094,2
143.7913,19.491,8486,545,536,2,2.087,2
143.8063,14.999,8487,545,536,2,2.092,2
143.8222,15.890,8488,545,536,2,2.449,2
143.8391,16.929,8489,545,536,2,2.220,2
143.8547,15.590,8490,545,536,2,2.794,2
143.8716,16.876,8491,545,536,2,2.180,2
143.8881,16.468,8492,545,536,2,2.436,2
143.9046,16.534,8493,545,536,2,2.304,2
143.9217,17.050,8494,545,536,2,2.456,2
143.9385,16.870,8495,545,536,2,2.239,2
143.9549,16.362,8496,545,536,2,2.152,2
143.9723,17.402,8497,545,536,2,2.221,2
143.9895,17.239,8498,545,536,2,2.016,2
144.0062,16.650,8499,545,536,2,2.217,2
144.0241,17.900,8500,545,536,2,2.459,2
144.0390,14.930,8501,545,536,2,2.081,2
144.0579,18.867,8502,545,536,2,2.011,2
144.0724,14.476,8503,545,536,2,2.072,2
144.0876,15.251,8504,545,536,2,2.462,2
144.1048,17.196,8505,545,536,2,2.326,2
144.1218,16.956,8506,545,536,2,2.017,2
144.1385,16.746,8507,545,536,2,2.282,2
144.1566,18.066,8508,545,536,2,2.165,2
144.1716,15.054,8509,545,536,2,2.393,2
144.1886,16.990,8510,545,536,2,2.153,2
144.2051,16.500,8511,545,536,2,2.497,2
144.2216,16.458,8512,545,536,2,2.153,2
144.2381,16.578,8513,545,536,2,2.477,2
144.2547,16.575,8514,545,536,2,2.115,2
144.2721,17.409,8515,545,536,2,2.932,2
144.2972,25.094,8516,545,536,2,2.341,2
144.3151,17.837,8517,545,536,2,2.309,2
144.3319,16.863,8518,545,536,2,2.116,2
144.3483,16.388,8519,545,536,2,2.549,2
144.3610,12.716,8520,545,536,2,2.039,2
144.3756,14.539,8521,545,536,2,2.514,2
144.3908,15.202,8522,545,536,2,2.012,2
144.4047,13.978,8523,545,536,2,2.693,2
144.4214,16.616,8524,545,536,2,2.242,2
144.4382,16.803,8525,545,536,2,2.554,2
144.4555,17.316,8526,545,536,2,2.860,2
144.4716,16.138,8527,545,536,2,2.752,2
144.4889,17.241,8528,545,536,2,2.165,2
144.5053,16.409,8529,545,536,2,2.543,2
144.5222,16.898,8530,545,536,2,2.562,2
144.5383,16.145,8531,545,536,2,2.446,2
144.5557,17.337,8532,545,536,2,2.135,2
144.5714,15.774,8533,545,536,2,2.433,2
144.5906,19.198,8534,545,536,2,2.007,2
144.6047,14.066,8535,545,536,2,2.758,2
144.6219,17.171,8536,545,536,2,2.084,2
144.6382,16.363,8537,545,536,2,3.139,2
144.6548,16.565,8538,545,536,2,2.169,2
144.6712,16.389,8539,545,536,2,2.872,2
144.6879,16.712,8540,545,536,2,2.330,2
144.7049,16.973,8541,545,536,2,2.794,2
144.7228,17.891,8542,545,536,2,2.220,2
144.7390,16.200,8543,545,536,2,3.031,2
144.7552,16.252,8544,545,536,2,2.236,2
144.7720,16.819,8545,545,536,2,3.004,2
144.7881,16.067,8546,545,536,2,2.240,2
144.8048,16.745,8547,545,536,2,3.056,2
144.8250,20.185,8548,545,536,2,2.841,2
144.8381,13.110,8549,545,536,2,2.608,2
144.8575,19.344,8550,545,536,2,2.023,2
144.8713,13.801,8551,545,536,2,2.907,2
144.8887,17.399,8552,545,536,2,2.389,2
144.9043,15.637,8553,545,536,2,2.660,2
144.9228,18.442,8554,545,536,2,2.568,2
144.9379,15.101,8555,545,536,2,2.432,2
144.9543,16.478,8556,545,536,2,2.141,2
144.9713,16.988,8557,545,536,2,2.926,2
144.9878,16.514,8558,545,536,2,2.235,2
145.0046,16.727,8559,545,536,2,2.720,2
145.0230,18.441,8560,545,536,2,2.553,2
145.0380,15.043,8561,545,536,2,2.900,2
145.0547,16.618,8562,545,536,2,2.245,2
145.0710,16.353,8563,545,536,2,2.568,2
145.0892,18.136,8564,545,536,2,2.065,2
145.1042,15.088,8565,545,536,2,2.708,2
145.1240,19.764,8566,545,536,2,2.031,2
145.1379,13.940,8567,545,536,2,3.080,2
145.1558,17.818,8568,545,536,2,2.294,2
145.1716,15.816,8569,545,536,2,2.960,2
145.1880,16.469,8570,545,536,2,2.417,2
145.2044,16.388,8571,545,536,2,2.824,2
145.2211,16.660,8572,545,536,2,2.498,2
145.2376,16.481,8573,545,536,2,2.844,2
145.2542,16.588,8574,545,536,2,2.485,2
145.2713,17.136,8575,545,536,2,3.079,2
145.2904,19.118,8576,545,536,2,2.236,2
145.3062,15.825,8577,545,536,2,2.811,2
145.3235,17.264,8578,545,536,2,2.056,2
145.3376,14.074,8579,545,536,2,2.861,2
145.3551,17.559,8580,545,536,2,2.409,2
145.3734,18.265,8581,545,536,2,2.093,2
145.3888,15.388,8582,545,536,2,2.136,2
145.4042,15.453,8583,545,536,2,2.760,2
145.4211,16.830,8584,545,536,2,2.244,2
145.4376,16.524,8585,545,536,2,3.089,2
145.4544,16.822,8586,545,536,2,2.467,2
145.4713,16.866,8587,545,536,2,3.041,2
145.4876,16.269,8588,545,536,2,2.394,2
145.5042,16.594,8589,545,536,2,2.983,2
145.5212,17.000,8590,545,536,2,2.631,2
145.5375,16.322,8591,545,536,2,2.908,2
145.5565,19.030,8592,545,536,2,2.857,2
145.5715,14.959,8593,545,536,2,2.667,2
145.5894,17.980,8594,545,536,2,2.502,2
145.6049,15.471,8595,545,536,2,3.260,2
145.6209,16.031,8596,545,536,2,2.452,2
145.6379,16.925,8597,545,536,2,3.267,2
145.6564,18.505,8598,545,536,2,2.045,2
145.6711,14.744,8599,545,536,2,3.055,2
145.6878,16.663,8600,545,536,2,2.546,2
145.7041,16.289,8601,545,536,2,2.923,2
145.7220,17.923,8602,545,536,2,2.781,2
145.7377,15.690,8603,545,536,2,2.851,2
145.7542,16.562,8604,545,536,2,2.471,2
145.7714,17.155,8605,545,536,2,3.169,2
145.7874,16.015,8606,545,536,2,2.433,2
145.8048,17.346,8607,545,536,2,3.173,2
145.8216,16.798,8608,545,536,2,2.234,2
145.8375,15.936,8609,545,536,2,2.752,2
145.8543,16.765,8610,545,536,2,2.458,2
145.8710,16.776,8611,545,536,2,3.060,2
145.8873,16.267,8612,545,536,2,2.451,2
145.9041,16.839,8613,545,536,2,2.776,2
145.9242,20.039,8614,545,536,2,2.573,2
145.9376,13.366,8615,545,536,2,2.772,2
145.9544,16.844,8616,545,536,2,2.410,2
145.9721,17.744,8617,545,536,2,3.059,2
145.9888,16.622,8618,545,536,2,2.495,2
146.0054,16.637,8619,545,536,2,2.809,2
146.0208,15.413,8620,545,536,2,2.551,2
146.0379,17.099,8621,545,536,2,2.946,2
146.0543,16.434,8622,545,536,2,2.618,2
146.0708,16.495,8623,545,536,2,2.843,2
146.0884,17.526,8624,545,536,2,2.413,2
146.1046,16.263,8625,545,536,2,3.128,2
146.1216,17.019,8626,545,536,2,2.436,2
146.1379,16.248,8627,545,536,2,3.128,2
146.1549,16.986,8628,545,536,2,2.426,2
146.1730,18.149,8629,545,536,2,2.753,2
146.1880,14.989,8630,545,536,2,2.467,2
146.2043,16.258,8631,545,536,2,2.953,2
146.2209,16.668,8632,545,536,2,2.396,2
146.2375,16.515,8633,545,536,2,2.705,2
146.2548,17.337,8634,545,536,2,2.611,2
146.2716,16.852,8635,545,536,2,2.869,3
146.2919,20.217,8636,545,536,2,2.620,3
146.3106,18.691,8637,545,536,2,2.614,3
146.3248,14.237,8638,545,536,2,2.095,3
146.3378,13.030,8639,545,536,2,2.668,3
146.3545,16.725,8640,545,536,2,2.403,3
146.3717,17.193,8641,545,536,2,2.498,3
146.3877,15.972,8642,545,536,2,2.291,3
146.4053,17.622,8643,545,536,2,2.605,3
146.4265,21.166,8644,545,536,2,2.577,3
146.4372,10.654,8645,545,536,2,2.635,3
146.4564,19.252,8646,545,536,2,2.355,3
146.4710,14.553,8647,545,536,2,2.883,3
146.4893,18.381,8648,545,536,2,2.312,3
146.5042,14.835,8649,545,536,2,2.610,3
146.5213,17.108,8650,545,536,2,2.742,3
146.5379,16.639,8651,545,536,2,2.682,3
146.5552,17.269,8652,545,536,2,2.916,3
146.5712,16.007,8653,545,536,2,2.995,3
146.5874,16.211,8654,545,536,2,2.360,3
146.6037,16.332,8655,545,536,2,2.386,3
146.6219,18.115,8656,545,536,2,2.568,3
146.6373,15.473,8657,545,536,2,2.461,3
146.6540,16.714,8658,545,536,2,2.315,3
146.6711,17.082,8659,545,536,2,2.644,3
146.6875,16.379,8660,545,536,2,2.537,3
146.7037,16.222,8661,545,536,2,2.439,3
146.7222,18.427,8662,545,536,2,2.410,3
146.7372,15.080,8663,545,536,2,2.508,3
146.7552,17.999,8664,545,536,2,2.397,3
146.7707,15.495,8665,545,536,2,2.482,3
146.7892,18.451,8666,545,536,2,2.501,3
146.8059,16.706,8667,545,536,2,2.654,3
146.8258,19.928,8668,545,536,2,2.693,3
146.8433,17.486,8669,545,536,2,2.917,3
146.8614,18.049,8670,545,536,2,2.197,3
146.8828,21.491,8671,545,536,2,3.733,3
146.8987,15.908,8672,545,536,2,2.517,3
146.9179,19.154,8673,545,536,2,2.727,3
146.9333,15.373,8674,545,536,2,2.168,3
146.9543,21.036,8675,545,536,2,3.140,3
146.9770,22.702,8676,545,536,2,3.551,3
146.9958,18.811,8677,545,536,2,2.288,3
147.0149,19.103,8678,545,536,2,3.659,3
147.0326,17.683,8679,545,536,2,2.261,3
147.0501,17.501,8680,545,536,2,2.510,3
147.0643,14.206,8681,545,536,2,2.027,3
147.0820,17.703,8682,545,536,2,2.660,3
147.0954,13.356,8683,545,536,2,2.000,3
147.1114,16.038,8684,545,536,2,2.733,3
147.1260,14.558,8685,545,536,2,2.024,3
147.1397,13.730,8686,545,536,2,2.647,3
147.1554,15.729,8687,545,536,2,2.485,3
147.1679,12.429,8688,545,536,2,2.558,3
147.1836,15.727,8689,545,536,2,2.155,3
147.1975,13.936,8690,545,536,2,2.064,3
147.2188,21.242,8691,545,536,2,2.310,3
147.2309,12.180,8692,545,536,2,2.029,3
147.2516,20.657,8693,545,536,2,2.100,3
147.2644,12.832,8694,545,536,2,2.039,3
147.2857,21.266,8695,545,536,2,2.941,3
147.3000,14.262,8696,545,536,2,2.134,3
147.3178,17.870,8697,545,536,2,2.244,3
147.3308,12.919,8698,545,536,2,2.042,3
147.3502,19.488,8699,545,536,2,2.137,3
147.3642,13.960,8700,545,536,2,2.039,3
147.3831,18.857,8701,545,536,2,2.227,3
147.3987,15.661,8702,545,536,2,2.186,3
147.4173,18.588,8703,545,536,2,2.741,3
147.4308,13.466,8704,545,536,2,2.194,3
147.4501,19.342,8705,545,536,2,2.154,3
147.4644,14.235,8706,545,536,2,2.031,3
147.4835,19.162,8707,545,536,2,2.529,3
147.4975,13.942,8708,545,536,2,2.020,3
147.5172,19.762,8709,545,536,2,2.171,3
147.5306,13.427,8710,545,536,2,2.027,3
147.5502,19.578,8711,545,536,2,2.427,3
147.5642,14.013,8712,545,536,2,2.089,3
147.5832,18.994,8713,545,536,2,2.141,3
147.5975,14.251,8714,545,536,2,2.100,3
147.6169,19.436,8715,545,536,2,2.446,3
147.6307,13.798,8716,545,536,2,2.088,3
147.6495,18.755,8717,545,536,2,2.144,3
147.6641,14.676,8718,545,536,2,2.032,3
147.6838,19.617,8719,545,536,2,2.732,3
147.6980,14.221,8720,545,536,2,2.084,3
147.7172,19.191,8721,545,536,2,2.418,3
147.7322,15.008,8722,545,536,2,2.040,3
147.7541,21.901,8723,545,536,2,2.209,3
147.7644,10.332,8724,545,536,2,2.165,3
147.7847,20.330,8725,545,536,2,2.172,3
147.7976,12.895,8726,545,536,2,2.164,3
147.8205,22.851,8727,545,536,2,3.228,3
147.8352,14.750,8728,545,536,2,2.285,3
147.8529,17.654,8729,545,536,2,2.304,3
147.8660,13.104,8730,545,536,2,2.040,3
147.8850,18.995,8731,545,536,2,2.312,3
147.9002,15.159,8732,545,536,2,2.123,3
147.9169,16.726,8733,545,536,2,2.144,3
147.9310,14.125,8734,545,536,2,2.043,3
147.9509,19.941,8735,545,536,2,2.711,3
147.9652,14.245,8736,545,536,2,2.257,3
147.9850,19.770,8737,545,536,2,3.114,3
147.9989,13.893,8738,545,536,2,2.728,3
148.0181,19.246,8739,545,536,2,3.060,3
148.0307,12.638,8740,545,536,2,2.025,3
148.0522,21.418,8741,545,536,2,2.102,3
148.0652,13.054,8742,545,536,2,2.203,3
148.0858,20.542,8743,545,536,2,2.987,3
148.1007,14.968,8744,545,536,2,2.043,3
148.1185,17.829,8745,545,536,2,2.150,3
148.1329,14.355,8746,545,536,2,2.285,3
148.1505,17.555,8747,545,536,2,2.136,3
148.1691,18.608,8748,545,536,2,2.358,3
148.1835,14.465,8749,545,536,2,2.513,3
148.2013,17.731,8750,545,536,2,2.117,3
148.2194,18.136,8751,545,536,2,2.685,3
148.2331,13.692,8752,545,536,2,2.040,3
148.2512,18.073,8753,545,536,2,2.209,3
148.2644,13.278,8754,545,536,2,2.044,3
148.2857,21.280,8755,545,536,2,2.852,3
148.3012,15.466,8756,545,536,2,2.235,3
148.3213,20.078,8757,545,536,2,2.430,3
148.3340,12.775,8758,545,536,2,2.082,3
148.3529,18.828,8759,545,536,2,2.674,3
148.3683,15.472,8760,545,536,2,2.632,3
148.3852,16.890,8761,545,536,2,2.919,3
148.3991,13.898,8762,545,536,2,2.054,3
148.4164,17.224,8763,545,536,2,2.223,3
148.4346,18.283,8764,545,536,2,2.331,3
148.4500,15.327,8765,545,536,2,2.097,3
148.4673,17.310,8766,545,536,2,2.215,3
148.4857,18.443,8767,545,536,2,2.811,3
148.4987,12.976,8768,545,536,2,2.154,3
148.5170,18.275,8769,545,536,2,2.162,3
148.5320,15.010,8770,545,536,2,2.135,3
148.5498,17.842,8771,545,536,2,2.170,3
148.5641,14.288,8772,545,536,2,2.042,3
148.5846,20.452,8773,545,536,2,2.215,3
148.5978,13.209,8774,545,536,2,2.034,3
148.6178,20.040,8775,545,536,2,2.866,3
148.6312,13.408,8776,545,536,2,2.100,3
148.6511,19.848,8777,545,536,2,2.736,3
148.6656,14.540,8778,545,536,2,2.281,3
148.6834,17.816,8779,545,536,2,2.110,3
148.6997,16.255,8780,545,536,2,2.074,3
148.7170,17.341,8781,545,536,2,2.191,3
148.7328,15.759,8782,545,536,2,2.163,3
148.7519,19.085,8783,545,536,2,2.755,3
148.7646,12.778,8784,545,536,2,2.132,3
148.7838,19.150,8785,545,536,2,2.159,3
148.7983,14.541,8786,545,536,2,2.052,3
148.8169,18.539,8787,545,536,2,2.239,3
148.8310,14.100,8788,545,536,2,2.148,3
148.8499,18.939,8789,545,536,2,2.170,3
148.8644,14.530,8790,545,536,2,2.086,3
148.8848,20.341,8791,545,536,2,2.547,3
148.8986,13.792,8792,545,536,2,2.063,3
148.9179,19.280,8793,545,536,2,2.736,3
148.9319,14.088,8794,545,536,2,2.418,3
148.9502,18.251,8795,545,536,2,2.125,3
148.9695,19.326,8796,545,536,2,2.312,3
148.9832,13.666,8797,545,536,2,2.199,3
149.0007,17.476,8798,545,536,2,2.154,3
149.0187,18.049,8799,545,536,2,2.594,3
149.0313,12.593,8800,545,536,2,2.041,3
149.0509,19.631,8801,545,536,2,2.134,3
149.0646,13.712,8802,545,536,2,2.082,3
149.0878,23.163,8803,545,536,2,3.026,3
149.1005,12.676,8804,545,536,2,2.315,3
149.1215,21.060,8805,545,536,2,2.933,3
149.1369,15.364,8806,545,536,2,3.188,3
149.1593,22.380,8807,545,536,2,3.845,3
149.1812,21.911,8808,545,536,2,3.073,3
149.1963,15.144,8809,545,536,2,2.373,3
149.2186,22.233,8810,545,536,2,3.442,3
149.2380,19.416,8811,545,536,2,3.061,3
149.2614,23.377,8812,545,536,2,2.840,3
149.2813,19.941,8813,545,536,2,5.129,3
149.3020,20.654,8814,545,536,2,2.797,3
149.3227,20.704,8815,545,536,2,2.758,3
149.3335,10.843,8816,545,536,2,2.027,3
149.3487,15.161,8817,545,536,2,2.746,3
149.3626,13.961,8818,545,536,2,2.020,3
149.3783,15.625,8819,545,536,2,2.879,3
149.3918,13.532,8820,545,536,2,2.612,3
149.4028,11.058,8821,545,536,2,2.104,3
149.4221,19.231,8822,545,536,2,3.035,3
149.4348,12.716,8823,545,536,2,2.314,3
149.4524,17.633,8824,545,536,2,2.650,3
149.4671,14.630,8825,545,536,2,2.052,3
149.4855,18.461,8826,545,536,2,2.091,3
149.5004,14.860,8827,545,536,2,2.021,3
149.5198,19.383,8828,545,536,2,2.193,3
149.5336,13.798,8829,545,536,2,2.004,3
149.5549,21.311,8830,545,536,2,2.658,3
149.5670,12.104,8831,545,536,2,2.052,3
149.5852,18.275,8832,545,536,2,2.301,3
149.6013,16.094,8833,545,536,2,2.168,3
149.6185,17.123,8834,545,536,2,2.100,3
149.6337,15.188,8835,545,536,2,2.067,3
149.6523,18.652,8836,545,536,2,2.090,3
149.6674,15.108,8837,545,536,2,2.048,3
149.6869,19.498,8838,545,536,2,2.798,3
149.7009,13.991,8839,545,536,2,2.088,3
149.7186,17.703,8840,545,536,2,2.148,3
149.7341,15.483,8841,545,536,2,2.146,3
149.7521,17.975,8842,545,536,2,2.088,3
149.7682,16.175,8843,545,536,2,2.116,3
149.7892,20.992,8844,545,536,2,2.542,3
149.8028,13.602,8845,545,536,2,2.186,3
149.8210,18.135,8846,545,536,2,2.168,3
149.8341,13.088,8847,545,536,2,1.997,3
149.8530,18.920,8848,545,536,2,2.142,3
149.8684,15.473,8849,545,536,2,2.152,3
149.8864,17.955,8850,545,536,2,2.138,3
149.9011,14.735,8851,545,536,2,2.126,3
149.9196,18.508,8852,545,536,2,2.147,3
149.9335,13.817,8853,545,536,2,2.147,3
149.9531,19.626,8854,545,536,2,2.141,3
149.9682,15.088,8855,545,537,2,2.539,3
149.9867,18.546,8856,545,537,2,2.396,3
150.0019,15.170,8857,545,538,2,2.260,3
150.0210,19.063,8858,545,539,2,2.187,3
150.0342,13.290,8859,545,540,2,2.077,3
150.0545,20.258,8860,545,541,2,2.090,3
150.0688,14.311,8861,545,542,2,2.189,3
150.0877,18.848,8862,545,542,2,3.080,3
150.1010,13.373,8863,545,542,2,2.215,3
150.1202,19.149,8864,545,541,2,2.122,3
150.1349,14.702,8865,545,539,2,2.498,3
150.1526,17.748,8866,545,536,2,2.218,3
150.1679,15.246,8867,545,533,2,2.031,3
150.1877,19.800,8868,545,529,2,2.328,3
150.2027,15.051,8869,545,524,2,2.288,3
150.2237,20.993,8870,545,519,2,3.473,3
150.2413,17.579,8871,545,513,2,2.610,3
150.2588,17.450,8872,545,508,2,2.350,3
150.2742,15.458,8873,545,503,2,2.354,3
150.2997,25.503,8874,545,499,2,3.673,3
150.3202,20.452,8875,545,495,2,2.196,3
150.3370,16.876,8876,545,492,2,2.108,3
150.3537,16.673,8877,545,491,2,2.287,3
150.3665,12.763,8878,545,491,2,1.986,3
150.3845,18.058,8879,545,490,2,2.661,3
150.3978,13.252,8880,545,489,2,2.027,3
150.4144,16.564,8881,545,488,2,3.150,3
150.4288,14.466,8882,545,486,2,2.109,3
150.4456,16.736,8883,545,484,2,3.310,3
150.4596,14.023,8884,545,481,2,2.357,3
150.4725,12.912,8885,545,478,2,2.027,3
150.4880,15.550,8886,545,473,2,1.995,3
150.5034,15.410,8887,545,469,2,2.216,3
150.5214,17.943,8888,545,463,2,1.991,3
150.5368,15.455,8889,545,458,2,2.063,3
150.5554,18.515,8890,545,452,2,2.223,3
150.5699,14.554,8891,545,445,2,2.048,3
150.5895,19.605,8892,545,439,2,1.976,3
150.6032,13.706,8893,545,434,2,2.040,3
150.6204,17.138,8894,545,434,2,2.007,3
150.6362,15.789,8895,545,434,2,2.041,3
150.6539,17.792,8896,545,434,2,2.378,3
150.6694,15.442,8897,545,434,2,2.019,3
150.6882,18.836,8898,545,434,2,2.721,3
150.7042,15.965,8899,545,434,2,2.180,3
150.7203,16.160,8900,545,434,2,1.991,3
150.7363,15.929,8901,545,434,2,2.325,3
150.7541,17.805,8902,545,434,2,2.147,3
150.7697,15.575,8903,545,434,2,2.195,3
150.7880,18.313,8904,545,434,2,2.005,3
150.8040,16.013,8905,545,434,2,2.103,3
150.8251,21.091,8906,545,434,2,2.228,3
150.8367,11.576,8907,545,434,2,2.138,3
150.8554,18.766,8908,545,434,2,1.947,3
150.8697,14.321,8909,545,434,2,2.144,3
150.8866,16.840,8910,545,434,2,1.935,3
150.9029,16.359,8911,545,434,2,2.231,3
150.9207,17.775,8912,545,434,2,2.058,3
150.9363,15.594,8913,545,434,2,2.122,3
150.9547,18.347,8914,545,434,2,2.153,3
150.9694,14.786,8915,545,434,2,2.071,3
150.9877,18.289,8916,545,434,2,2.393,3
151.0029,15.172,8917,545,434,2,2.117,3
151.0220,19.072,8918,545,435,2,2.351,3
151.0369,14.931,8919,545,441,2,2.107,3
151.0543,17.416,8920,545,446,2,2.324,3
151.0698,15.510,8921,545,452,2,2.049,3
151.0887,18.892,8922,545,457,2,2.110,3
151.1038,15.086,8923,545,462,2,2.456,3
151.1250,21.220,8924,545,467,2,2.390,3
151.1371,12.040,8925,545,471,2,2.519,3
151.1540,16.937,8926,545,475,2,1.975,3
151.1700,16.027,8927,545,479,2,2.096,3
151.1897,19.651,8928,545,482,2,2.423,3
151.2051,15.443,8929,545,484,2,2.516,3
151.2225,17.332,8930,545,486,2,2.186,3
151.2370,14.537,8931,545,488,2,2.315,3
151.2542,17.162,8932,545,489,2,2.044,3
151.2705,16.295,8933,545,490,2,2.213,3
151.2911,20.694,8934,545,490,2,2.876,3
151.3098,18.652,8935,545,491,2,3.433,3
151.3234,13.618,8936,545,491,2,2.393,3
151.3362,12.802,8937,545,491,2,2.092,3
151.3544,18.184,8938,545,491,2,2.150,3
151.3699,15.527,8939,545,491,2,2.507,3
151.3887,18.818,8940,545,491,2,2.023,3
151.4029,14.131,8941,545,491,2,2.102,3
151.4205,17.631,8942,545,491,2,1.977,3
151.4362,15.690,8943,545,491,2,2.098,3
151.4540,17.809,8944,545,491,2,2.070,3
151.4696,15.576,8945,545,491,2,2.156,3
151.4875,17.884,8946,545,491,2,2.347,3
151.5033,15.861,8947,545,491,2,2.151,3
151.5210,17.715,8948,545,491,2,2.432,3
151.5364,15.309,8949,545,491,2,2.298,3
151.5552,18.811,8950,545,491,2,2.453,3
151.5696,14.482,8951,545,491,2,2.071,3
151.5877,18.043,8952,545,491,2,2.151,3
151.6042,16.554,8953,545,491,2,2.119,3
151.6264,22.169,8954,545,491,2,2.199,3
151.6368,10.352,8955,545,491,2,2.576,3
151.6548,18.037,8956,545,491,2,1.983,3
151.6695,14.750,8957,545,491,2,2.154,3
151.6875,17.998,8958,545,491,2,2.532,3
151.7030,15.436,8959,545,491,2,2.205,3
151.7217,18.705,8960,545,491,2,2.152,3
151.7366,14.904,8961,545,491,2,2.125,3
151.7539,17.263,8962,545,491,2,1.988,3
151.7702,16.356,8963,545,492,2,2.105,3
151.7882,17.999,8964,545,493,2,2.445,3
151.8034,15.145,8965,545,496,2,2.077,3
151.8217,18.332,8966,545,498,2,2.454,3
151.8369,15.192,8967,545,501,2,2.093,3
151.8549,17.978,8968,545,504,2,2.414,3
151.8700,15.108,8969,545,507,2,2.064,3
151.8888,18.846,8970,545,510,2,2.522,3
151.9070,18.140,8971,545,513,2,2.060,3
151.9225,15.538,8972,545,516,2,2.414,3
151.9386,16.110,8973,545,519,2,2.089,3
151.9555,16.915,8974,545,522,2,2.133,3
151.9707,15.144,8975,545,525,2,2.218,3
151.9889,18.288,8976,545,528,2,2.089,3
152.0038,14.819,8977,545,530,2,2.131,3
152.0212,17.457,8978,545,532,2,2.030,3
152.0371,15.837,8979,545,534,2,2.124,3
152.0558,18.723,8980,545,535,2,2.488,3
152.0709,15.084,8981,545,536,2,2.593,3
152.0885,17.610,8982,545,538,2,2.484,3
152.1029,14.445,8983,545,538,2,2.214,3
152.1224,19.490,8984,545,539,2,2.085,3
152.1371,14.694,8985,545,540,2,2.139,3
152.1552,18.068,8986,545,540,2,2.320,3
152.1736,18.404,8987,545,540,2,2.221,3
152.1888,15.259,8988,545,540,2,2.012,3
152.2031,14.260,8989,545,540,2,2.146,3
152.2213,18.197,8990,545,540,2,2.024,3
152.2365,15.180,8991,545,540,2,2.141,3
152.2553,18.802,8992,545,540,2,2.484,3
152.2695,14.271,8993,545,540,2,2.129,3
152.2901,20.538,8994,545,540,2,2.597,3
152.3077,17.639,8995,545,540,2,2.196,3
152.3217,13.943,8996,545,539,2,2.058,3
152.3362,14.552,8997,545,539,2,2.111,3
152.3550,18.782,8998,545,539,2,2.064,3
152.3708,15.749,8999,545,539,2,2.120,3
152.3888,18.007,9000,545,538,2,2.666,3
152.4083,19.496,9001,545,538,2,2.723,3
152.4220,13.743,9002,545,537,2,2.330,3
152.4394,17.417,9003,545,537,2,2.141,3
152.4543,14.895,9004,545,537,2,2.020,3
152.4703,16.018,9005,545,536,2,2.126,3
152.4872,16.879,9006,545,536,2,2.063,3
152.5035,16.266,9007,545,535,2,2.088,3
152.5215,18.015,9008,545,535,2,2.290,3
152.5366,15.085,9009,545,535,2,2.123,3
152.5546,18.033,9010,545,534,2,2.443,3
152.5701,15.541,9011,545,534,2,2.593,3
152.5876,17.456,9012,545,534,2,2.461,3
152.6029,15.315,9013,545,534,2,2.138,3
152.6226,19.643,9014,545,534,2,2.010,3
152.6370,14.392,9015,545,534,2,2.160,3
152.6553,18.349,9016,545,533,2,2.442,3
152.6751,19.773,9017,545,533,2,2.375,3
152.6877,12.633,9018,545,532,2,2.028,3
152.7056,17.863,9019,545,531,2,2.071,3
152.7217,16.133,9020,545,530,2,2.008,3
152.7376,15.912,9021,545,529,2,2.164,3
152.7543,16.691,9022,545,527,2,2.005,3
152.7701,15.836,9023,545,525,2,2.086,3
152.7885,18.403,9024,545,523,2,2.401,3
152.8043,15.804,9025,545,520,2,2.133,3
152.8214,17.033,9026,545,517,2,2.071,3
152.8371,15.695,9027,545,514,2,2.280,3
152.8542,17.131,9028,545,510,2,2.028,3
152.8704,16.183,9029,545,506,2,2.236,3
152.8878,17.395,9030,545,502,2,2.130,3
152.9048,17.011,9031,545,498,2,2.173,3
152.9222,17.386,9032,545,495,2,2.034,3
152.9379,15.766,9033,545,491,2,2.044,3
152.9545,16.506,9034,545,487,2,1.992,3
152.9715,17.087,9035,545,484,2,2.060,3
152.9889,17.331,9036,545,481,2,2.079,3
153.0035,14.626,9037,545,479,2,2.051,3
153.0221,18.562,9038,545,477,2,2.520,3
153.0370,14.940,9039,545,476,2,2.090,3
153.0548,17.820,9040,545,476,2,2.174,3
153.0695,14.717,9041,545,476,2,2.082,3
153.0874,17.862,9042,545,476,2,1.994,3
153.1041,16.709,9043,545,476,2,2.035,3
153.1216,17.485,9044,545,476,2,2.559,3
153.1370,15.427,9045,545,476,2,2.078,3
153.1539,16.834,9046,545,476,2,2.362,3
153.1697,15.866,9047,545,476,2,2.095,3
153.1873,17.542,9048,545,476,2,1.984,3
153.2034,16.129,9049,545,476,2,2.141,3
153.2245,21.134,9050,545,476,2,2.374,3
153.2375,12.951,9051,545,476,2,2.033,3
153.2541,16.657,9052,545,476,2,2.366,3
153.2696,15.436,9053,545,476,2,2.057,3
153.2901,20.484,9054,545,477,2,2.156,3
153.3051,15.067,9055,545,477,2,2.303,3
153.3229,17.732,9056,545,477,2,2.353,3
153.3370,14.122,9057,545,478,2,2.354,3
153.3536,16.603,9058,545,478,2,2.021,3
153.3697,16.118,9059,545,478,2,2.221,3
153.3873,17.596,9060,545,478,2,2.016,3
153.4034,16.057,9061,545,479,2,2.058,3
153.4217,18.313,9062,545,479,2,2.034,3
153.4364,14.734,9063,545,479,2,2.111,3
153.4535,17.124,9064,545,479,2,1.985,3
153.4694,15.894,9065,545,479,2,2.063,3
153.4875,18.104,9066,545,479,2,2.440,3
153.5044,16.853,9067,545,479,2,2.040,3
153.5219,17.506,9068,545,479,2,2.354,3
153.5371,15.196,9069,545,481,2,2.076,3
153.5549,17.819,9070,545,483,2,2.067,3
153.5708,15.899,9071,545,487,2,2.531,3
153.5879,17.102,9072,545,492,2,2.275,3
153.6036,15.663,9073,545,497,2,2.135,3
153.6213,17.763,9074,545,503,2,1.997,3
153.6371,15.729,9075,545,510,2,2.088,3
153.6560,18.987,9076,545,517,2,2.416,3
153.6709,14.849,9077,545,523,2,2.084,3
153.6881,17.260,9078,545,529,2,2.018,3
153.7035,15.327,9079,545,534,2,2.120,3
153.7216,18.108,9080,545,538,2,2.077,3
153.7390,17.374,9081,545,540,2,2.161,3
153.7552,16.267,9082,545,542,2,2.480,3
153.7723,17.074,9083,545,542,2,2.122,3
153.7877,15.385,9084,545,542,2,2.031,3
153.8046,16.929,9085,545,541,2,3.264,3
153.8224,17.780,9086,545,540,2,2.262,3
153.8370,14.621,9087,545,538,2,2.223,3
153.8554,18.350,9088,545,537,2,2.515,3
153.8701,14.740,9089,545,537,2,2.102,3
153.8873,17.231,9090,545,536,2,2.001,3
153.9029,15.542,9091,545,536,2,2.116,3
153.9199,17.017,9092,545,536,2,2.004,3
153.9362,16.259,9093,545,536,2,2.096,3
153.9541,17.933,9094,545,536,2,2.144,3
153.9696,15.469,9095,545,536,2,2.122,3
153.9875,17.904,9096,545,536,2,2.068,3
154.0036,16.118,9097,545,536,2,2.084,3
154.0231,19.541,9098,545,536,2,2.194,3
154.0365,13.392,9099,545,536,2,2.402,3
154.0545,17.961,9100,545,536,2,2.031,3
154.0699,15.424,9101,545,536,2,2.180,3
154.0881,18.227,9102,545,536,2,2.434,3
154.1035,15.424,9103,545,536,2,2.128,3
154.1213,17.713,9104,545,536,2,2.438,3
154.1371,15.887,9105,545,536,2,2.634,3
154.1541,16.957,9106,545,536,2,2.362,3
154.1697,15.554,9107,545,536,2,2.085,3
154.1880,18.313,9108,545,536,2,2.129,3
154.2028,14.793,9109,545,536,2,2.117,3
154.2217,18.898,9110,545,536,2,2.059,3
154.2363,14.657,9111,545,536,2,2.152,3
154.2538,17.518,9112,545,536,2,2.450,3
154.2697,15.879,9113,545,536,2,2.098,3
154.2968,27.102,9114,545,536,2,3.238,3
154.3161,19.321,9115,545,536,2,2.795,3
154.3292,13.101,9116,545,536,2,2.579,3
154.3425,13.217,9117,545,536,2,2.408,3
154.3581,15.637,9118,545,536,2,2.026,3
154.3710,12.891,9119,545,536,2,2.151,3
154.3881,17.098,9120,545,536,2,2.110,3
154.4046,16.496,9121,545,536,2,2.158,3
154.4201,15.527,9122,545,536,2,2.003,3
154.4369,16.784,9123,545,536,2,2.665,3
154.4542,17.267,9124,545,536,2,2.488,3
154.4700,15.806,9125,545,536,2,2.220,3
154.4880,18.004,9126,545,536,2,2.058,3
154.5028,14.822,9127,545,536,2,2.220,3
154.5207,17.928,9128,545,536,2,2.222,3
154.5364,15.675,9129,545,536,2,2.202,3
154.5554,19.011,9130,545,536,2,2.048,3
154.5700,14.586,9131,545,536,2,2.129,3
154.5869,16.865,9132,545,536,2,2.039,3
154.6033,16.419,9133,545,536,2,2.166,3
154.6211,17.841,9134,545,536,2,2.041,3
154.6363,15.151,9135,545,536,2,2.146,3
154.6535,17.216,9136,545,536,2,2.125,3
154.6696,16.133,9137,545,536,2,2.165,3
154.6870,17.397,9138,545,536,2,2.018,3
154.7028,15.818,9139,545,536,2,2.146,3
154.7221,19.291,9140,545,536,2,2.505,3
154.7366,14.491,9141,545,536,2,2.240,3
154.7539,17.314,9142,545,536,2,2.232,3
154.7704,16.517,9143,545,536,2,2.253,3
154.7876,17.175,9144,545,536,2,2.117,3
154.8036,15.993,9145,545,536,2,2.274,3
154.8221,18.515,9146,545,536,2,2.015,3
154.8362,14.082,9147,545,536,2,2.203,3
154.8542,17.951,9148,545,536,2,2.489,3
154.8696,15.447,9149,545,536,2,2.242,3
154.8879,18.347,9150,545,536,2,2.015,3
154.9030,15.050,9151,545,536,2,2.145,3
154.9202,17.244,9152,545,536,2,2.049,3
154.9366,16.319,9153,545,536,2,2.122,3
154.9536,17.067,9154,545,536,2,2.049,3
154.9703,16.621,9155,545,536,2,2.199,3
154.9869,16.647,9156,545,536,2,2.156,3
155.0035,16.565,9157,545,536,2,2.544,3
155.0210,17.495,9158,545,536,2,2.017,3
155.0363,15.320,9159,545,536,2,2.284,3
155.0545,18.179,9160,545,536,2,2.050,3
155.0696,15.192,9161,545,536,2,2.116,3
155.0878,18.167,9162,545,536,2,2.028,3
155.1029,15.122,9163,545,536,2,2.101,3
155.1206,17.651,9164,545,536,2,2.040,3
155.1365,15.907,9165,545,536,2,2.155,3
155.1551,18.616,9166,545,536,2,2.064,3
155.1697,14.557,9167,545,536,2,2.130,3
155.1882,18.506,9168,545,536,2,2.035,3
155.2040,15.796,9169,545,536,2,2.156,3
155.2218,17.795,9170,545,536,2,2.091,3
155.2366,14.877,9171,545,536,2,2.295,3
155.2537,17.083,9172,545,536,2,2.073,3
155.2703,16.613,9173,545,536,2,2.159,3
155.2914,21.034,9174,545,536,2,2.217,3
155.3087,17.284,9175,545,536,2,3.138,3
155.3255,16.796,9176,545,536,2,2.438,3
155.3442,18.729,9177,545,536,2,2.333,3
155.3571,12.893,9178,545,536,2,2.014,3
155.3702,13.110,9179,545,536,2,2.138,3
155.3875,17.321,9180,545,536,2,2.067,3
155.4028,15.333,9181,545,536,2,2.134,3
155.4219,19.077,9182,545,536,2,2.190,3
155.4384,16.449,9183,545,536,2,2.222,3
155.4553,16.893,9184,545,537,2,2.250,3
155.4701,14.874,9185,545,537,2,2.168,3
155.4878,17.651,9186,545,537,2,2.072,3
155.5032,15.417,9187,545,537,2,2.146,3
155.5213,18.107,9188,545,538,2,2.020,3
155.5369,15.633,9189,545,538,2,2.128,3
155.5556,18.691,9190,545,539,2,2.011,3
155.5705,14.882,9191,545,540,2,2.085,3
155.5949,24.351,9192,545,541,2,2.200,3
155.6044,9.487,9193,545,542,2,2.217,3
155.6235,19.167,9194,545,543,2,2.007,3
155.6374,13.901,9195,545,544,2,2.247,3
155.6553,17.873,9196,545,545,2,2.075,3
155.6712,15.909,9197,545,546,2,2.108,3
155.6890,17.771,9198,545,548,2,2.146,3
155.7041,15.174,9199,545,549,2,2.208,3
155.7221,17.938,9200,545,550,2,2.083,3
155.7378,15.696,9201,545,551,2,2.127,3
155.7549,17.108,9202,545,553,2,2.030,3
155.7714,16.536,9203,545,554,2,2.106,3
155.7882,16.786,9204,545,555,2,2.051,3
155.8052,16.955,9205,545,557,2,2.120,3
155.8235,18.284,9206,545,558,2,2.046,3
155.8377,14.224,9207,545,560,2,2.191,3
155.8561,18.427,9208,545,561,2,2.557,3
155.8752,19.123,9209,545,563,2,2.199,3
155.8910,15.769,9210,545,564,2,2.046,3
155.9042,13.188,9211,545,566,2,2.132,3
155.9230,18.771,9212,545,567,2,2.035,3
155.9388,15.797,9213,545,569,2,2.142,3
155.9556,16.891,9214,545,571,2,2.091,3
155.9715,15.863,9215,545,572,2,2.237,3
155.9885,17.004,9216,545,574,2,2.071,3
156.0050,16.484,9217,545,576,2,2.094,3
156.0215,16.491,9218,545,577,2,2.026,3
156.0379,16.441,9219,545,579,2,2.157,3
156.0554,17.466,9220,545,581,2,2.032,3
156.0714,16.055,9221,545,583,2,2.125,3
156.0900,18.525,9222,545,584,2,2.501,3
156.1045,14.532,9223,545,586,2,2.133,3
156.1219,17.364,9224,545,588,2,2.110,3
156.1412,19.319,9225,545,590,2,2.316,3
156.1573,16.104,9226,545,592,2,2.069,3
156.1722,14.946,9227,545,594,2,2.110,3
156.1882,15.946,9228,545,596,2,2.145,3
156.2046,16.401,9229,545,597,2,2.284,3
156.2233,18.720,9230,545,599,2,2.034,3
156.2377,14.439,9231,546,601,2,2.306,3
156.2562,18.466,9232,546,603,2,2.127,3
156.2709,14.730,9233,547,605,2,2.172,3
156.2938,22.847,9234,548,607,2,2.255,3
156.3144,20.610,9235,549,609,2,3.002,3
156.3276,13.156,9236,550,611,2,2.552,3
156.3418,14.258,9237,551,613,2,2.503,3
156.3580,16.234,9238,552,615,2,2.186,3
156.3728,14.731,9239,553,617,2,2.272,3
156.3934,20.646,9240,554,619,2,2.204,3
156.4052,11.756,9241,555,621,2,2.326,3
156.4247,19.572,9242,556,623,2,2.065,3
156.4387,13.986,9243,557,625,2,2.255,3
156.4554,16.701,9244,558,627,2,2.072,3
156.4718,16.368,9245,559,629,2,2.160,3
156.4896,17.840,9246,560,631,2,2.140,3
156.5053,15.659,9247,561,632,2,2.214,3
156.5229,17.619,9248,562,634,2,2.635,3
156.5381,15.203,9249,563,636,2,2.153,3
156.5554,17.237,9250,564,638,2,2.138,3
156.5721,16.746,9251,565,640,2,2.149,3
156.5895,17.399,9252,566,642,2,2.083,3
156.6069,17.405,9253,567,644,2,2.169,3
156.6230,16.041,9254,568,646,2,2.397,3
156.6444,21.424,9255,568,648,2,2.491,3
156.6568,12.468,9256,569,650,2,2.170,3
156.6756,18.790,9257,570,652,2,2.507,3
156.6914,15.805,9258,571,654,2,2.094,3
156.7060,14.563,9259,572,655,2,2.137,3
156.7227,16.659,9260,573,657,2,2.077,3
156.7384,15.789,9261,574,659,2,2.217,3
156.7577,19.261,9262,575,661,2,3.045,3
156.7719,14.203,9263,576,663,2,2.190,3
156.7894,17.508,9264,577,665,2,2.405,3
156.8054,15.992,9265,577,666,2,2.245,3
156.8228,17.429,9266,578,668,2,2.243,3
156.8394,16.545,9267,579,670,2,2.316,3
156.8558,16.401,9268,580,671,2,2.133,3
156.8720,16.177,9269,581,673,2,2.203,3
156.8902,18.279,9270,582,675,2,2.119,3
156.9067,16.442,9271,582,676,2,2.196,3
156.9238,17.100,9272,583,678,2,2.128,3
156.9443,20.556,9273,584,679,2,2.137,3
156.9613,16.927,9274,585,681,2,2.163,3
156.9763,15.045,9275,585,683,2,2.459,3
156.9919,15.633,9276,586,684,2,2.146,3
157.0067,14.755,9277,587,685,2,2.153,3
157.0250,18.312,9278,587,687,2,2.687,3
157.0387,13.683,9279,588,688,2,2.232,3
157.0579,19.233,9280,589,690,2,2.333,3
157.0733,15.350,9281,589,691,2,2.245,3
157.0896,16.287,9282,590,692,2,2.246,3
157.1060,16.482,9283,591,693,2,2.233,3
157.1228,16.769,9284,591,695,2,2.606,3
157.1395,16.652,9285,592,696,2,2.142,3
157.1581,18.609,9286,592,697,2,2.139,3
157.1740,15.913,9287,593,698,2,2.318,3
157.1937,19.718,9288,593,699,2,2.138,3
157.2083,14.583,9289,594,700,2,2.141,3
157.2249,16.612,9290,594,701,2,2.143,3
157.2392,14.255,9291,595,702,2,2.185,3
157.2565,17.381,9292,595,703,2,2.164,3
157.2735,16.971,9293,596,704,2,2.300,3
157.2932,19.648,9294,596,704,2,3.064,3
157.3113,18.154,9295,596,705,2,2.992,3
157.3285,17.165,9296,597,706,2,2.112,3
157.3440,15.541,9297,597,707,2,2.532,3
157.3590,14.979,9298,597,707,2,2.137,3
157.3748,15.842,9299,598,708,2,2.243,3
157.3900,15.168,9300,598,708,2,2.109,3
157.4058,15.801,9301,598,709,2,2.194,3
157.4234,17.561,9302,598,709,2,2.213,3
157.4396,16.203,9303,598,709,2,2.181,3
157.4605,20.890,9304,599,709,2,2.229,3
157.4746,14.105,9305,599,710,2,2.160,3
157.4899,15.318,9306,599,710,2,2.153,3
157.5051,15.237,9307,599,710,2,2.223,3
157.5233,18.150,9308,599,710,2,2.153,3
157.5383,15.038,9309,599,710,2,2.226,3
157.5566,18.332,9310,599,710,2,2.254,3
157.5714,14.773,9311,599,710,2,2.298,3
157.5896,18.199,9312,599,710,2,2.218,3
157.6047,15.128,9313,599,710,2,2.214,3
157.6221,17.369,9314,599,710,2,2.156,3
157.6388,16.642,9315,599,710,2,2.188,3
157.6554,16.640,9316,599,710,2,2.178,3
157.6719,16.498,9317,599,710,2,2.162,3
157.6887,16.847,9318,599,710,2,2.158,3
157.7052,16.446,9319,599,710,2,2.420,3
157.7254,20.214,9320,599,710,2,2.288,3
157.7382,12.758,9321,599,710,2,2.226,3
157.7554,17.217,9322,599,710,2,2.150,3
157.7712,15.852,9323,599,710,2,2.175,3
157.7899,18.710,9324,599,710,2,2.273,3
157.8060,16.089,9325,599,710,2,2.273,3
157.8230,17.014,9326,599,710,2,2.213,3
157.8387,15.649,9327,599,710,2,2.430,3
157.8563,17.641,9328,599,710,2,2.252,3
157.8724,16.083,9329,599,710,2,2.330,3
157.8893,16.904,9330,599,710,2,2.178,3
157.9053,16.013,9331,599,710,2,2.809,3
157.9225,17.156,9332,599,710,2,2.307,3
157.9380,15.539,9333,599,710,2,2.221,3
157.9557,17.668,9334,599,710,2,2.239,3
157.9716,15.884,9335,599,710,2,2.204,3
157.9886,17.050,9336,599,710,2,2.308,3
158.0044,15.805,9337,599,710,2,2.225,3
158.0244,19.976,9338,599,710,2,2.176,3
158.0383,13.879,9339,599,710,2,2.245,3
158.0556,17.314,9340,599,710,2,2.340,3
158.0712,15.613,9341,599,710,2,2.384,3
158.0898,18.557,9342,599,710,2,2.110,3
158.1099,20.084,9343,599,710,2,3.099,3
158.1236,13.706,9344,599,710,2,2.606,3
158.1379,14.326,9345,599,710,2,2.358,3
158.1559,18.009,9346,599,710,2,2.184,3
158.1724,16.490,9347,599,710,2,2.198,3
158.1889,16.539,9348,599,710,2,2.145,3
158.2044,15.468,9349,599,710,2,2.200,3
158.2230,18.634,9350,599,710,2,2.181,3
158.2376,14.569,9351,599,710,2,2.225,3
158.2574,19.815,9352,599,710,2,2.192,3
158.2726,15.149,9353,599,710,2,2.255,3
158.2922,19.631,9354,599,710,2,2.344,3
158.3093,17.141,9355,599,710,2,2.860,3
158.3257,16.417,9356,599,710,2,2.112,3
158.3398,14.099,9357,599,710,2,2.178,3
158.3563,16.466,9358,599,710,2,2.142,3
158.3719,15.573,9359,598,709,2,2.288,3
158.3903,18.393,9360,598,709,2,2.194,3
158.4053,15.006,9361,598,708,2,2.330,3
158.4248,19.528,9362,598,708,2,2.268,3
158.4403,15.467,9363,597,707,2,2.159,3
158.4550,14.742,9364,597,707,2,2.166,3
158.4718,16.737,9365,597,706,2,2.304,3
158.4907,18.923,9366,596,705,2,2.287,3
158.5062,15.484,9367,596,704,2,2.239,3
158.5233,17.120,9368,595,703,2,2.125,3
158.5388,15.562,9369,595,702,2,2.248,3
158.5559,17.052,9370,594,701,2,2.181,3
158.5722,16.272,9371,594,700,2,2.281,3
158.5899,17.730,9372,593,699,2,2.171,3
158.6051,15.203,9373,593,697,2,2.257,3
158.6234,18.285,9374,592,696,2,2.132,3
158.6392,15.848,9375,591,695,2,2.224,3
158.6557,16.453,9376,591,693,2,2.121,3
158.6728,17.133,9377,590,692,2,2.248,3
158.6943,21.428,9378,589,690,2,2.197,3
158.7103,16.026,9379,588,689,2,2.187,3
158.7262,15.873,9380,588,687,2,2.128,3
158.7387,12.498,9381,587,685,2,2.310,3
158.7566,17.976,9382,586,684,2,2.217,3
158.7727,16.100,9383,585,682,2,2.468,3
158.7894,16.679,9384,584,680,2,2.193,3
158.8055,16.118,9385,583,678,2,2.561,3
158.8232,17.690,9386,582,676,2,2.231,3
158.8395,16.284,9387,581,674,2,2.209,3
158.8558,16.317,9388,580,672,2,2.131,3
158.8720,16.145,9389,579,670,2,2.258,3
158.8903,18.383,9390,578,668,2,2.158,3
158.9052,14.897,9391,577,666,2,2.325,3
158.9237,18.468,9392,576,664,2,2.329,3
158.9388,15.089,9393,575,662,2,2.262,3
158.9591,20.280,9394,574,660,2,2.117,3
158.9734,14.348,9395,573,658,2,2.296,3
158.9908,17.393,9396,572,656,2,2.345,3
159.0054,14.616,9397,571,653,2,2.506,3
159.0236,18.143,9398,570,651,2,2.186,3
159.0388,15.232,9399,569,649,2,2.245,3
159.0555,16.733,9400,568,647,2,2.613,3
159.0716,16.104,9401,567,644,2,2.234,3
159.0888,17.158,9402,566,642,2,2.225,3
159.1047,15.920,9403,564,640,2,2.309,3
159.1226,17.866,9404,563,637,2,2.093,3
159.1390,16.451,9405,562,635,2,2.485,3
159.1570,17.929,9406,561,633,2,2.239,3
159.1731,16.109,9407,560,630,2,2.462,3
159.1896,16.551,9408,559,628,2,2.294,3
159.2082,18.567,9409,558,626,2,2.262,3
159.2250,16.850,9410,556,623,2,2.083,3
159.2395,14.410,9411,555,621,2,2.761,3
159.2565,17.080,9412,554,619,2,2.129,3
159.2722,15.640,9413,553,616,2,2.218,3
159.2929,20.766,9414,552,614,2,2.525,3
159.3100,17.054,9415,551,612,2,2.552,3
159.3253,15.264,9416,550,609,2,2.090,3
159.3397,14.474,9417,548,607,2,2.111,3
159.3586,18.897,9418,547,605,2,2.077,3
159.3712,12.564,9419,546,603,2,2.329,3
159.3890,17.824,9420,545,600,2,2.369,3
159.4058,16.752,9421,545,598,2,2.399,3
159.4230,17.267,9422,545,596,2,2.451,3
159.4397,16.630,9423,545,593,2,3.519,3
159.4571,17.470,9424,545,591,2,2.615,3
159.4794,22.216,9425,545,589,2,2.962,3
159.4938,14.454,9426,545,587,2,2.064,3
159.5101,16.250,9427,545,585,2,2.396,3
159.5258,15.714,9428,545,583,2,2.155,3
159.5407,14.890,9429,545,580,2,2.179,3
159.5593,18.638,9430,545,578,2,2.556,3
159.5747,15.355,9431,545,576,2,2.642,3
159.5915,16.833,9432,545,574,2,2.739,3
159.6110,19.556,9433,545,572,2,3.642,3
159.6304,19.392,9434,545,570,2,2.876,3
159.6556,25.132,9435,545,568,2,3.718,3
159.6796,24.019,9436,545,566,2,3.445,3
159.7045,24.928,9437,545,565,2,3.973,3
159.7302,25.667,9438,545,563,2,3.270,3
159.7614,31.217,9439,545,561,2,3.324,3
159.7894,27.961,9440,545,558,2,3.962,3
159.8163,26.936,9441,545,556,2,3.613,3
159.8420,25.708,9442,545,553,2,3.333,3
159.8686,26.562,9443,545,550,2,3.123,3
159.8974,28.856,9444,545,548,2,3.766,3
159.9298,32.363,9445,545,545,2,3.522,3
159.9624,32.587,9446,545,543,2,2.767,3
159.9845,22.092,9447,545,541,2,3.642,3
160.0127,28.272,9448,545,539,2,3.682,3
160.0304,17.705,9449,545,537,2,2.203,3
160.0495,19.094,9450,545,537,2,3.017,3
160.0686,19.076,9451,545,536,2,2.660,3
160.0890,20.343,9452,545,536,2,3.396,3
160.1020,13.073,9453,545,536,2,3.018,3
160.1188,16.754,9454,545,536,2,2.676,3
160.1317,12.910,9455,545,536,2,2.067,3
160.1475,15.795,9456,545,536,2,3.094,3
160.1601,12.641,9457,545,536,2,2.019,3
160.1744,14.274,9458,545,536,2,2.216,3
160.1914,17.016,9459,545,536,2,2.151,3
160.2067,15.303,9460,545,536,2,2.285,3
160.2252,18.459,9461,545,536,2,2.495,3
160.2433,18.093,9462,545,536,2,2.526,3
160.2633,20.075,9463,545,536,2,2.255,3
160.2859,22.565,9464,545,536,2,3.526,3
160.3036,17.650,9465,545,536,2,3.279,3
160.3221,18.583,9466,545,536,2,2.723,3
160.3375,15.359,9467,545,536,2,3.035,3
160.3554,17.929,9468,545,536,2,3.676,3
160.3704,14.978,9469,545,536,2,3.427,3
160.3887,18.336,9470,545,536,2,2.738,3
160.4033,14.548,9471,545,536,2,3.319,3
160.4221,18.806,9472,545,536,2,2.949,3
160.4371,14.961,9473,545,536,2,3.561,3
160.4527,15.664,9474,545,536,2,2.946,3
160.4641,11.402,9475,545,536,2,2.088,3
160.4799,15.802,9476,545,536,2,2.981,3
160.4963,16.362,9477,545,536,2,2.120,3
160.5065,10.246,9478,545,536,2,2.269,3
160.5248,18.282,9479,545,536,2,2.073,3
160.5368,12.000,9480,545,536,2,3.356,3
160.5533,16.439,9481,545,536,2,2.885,3
160.5698,16.538,9482,545,536,2,2.918,3
160.5904,20.617,9483,545,536,2,3.441,3
160.6059,15.458,9484,545,536,2,3.683,3
160.6265,20.599,9485,545,536,2,2.854,3
160.6519,25.415,9486,545,536,2,4.410,3
160.6689,17.028,9487,545,536,2,3.385,3
160.6929,24.018,9488,545,536,2,4.464,3
160.7160,23.042,9489,545,536,2,4.289,3
160.7380,22.015,9490,545,536,2,3.650,3
160.7633,25.335,9491,545,536,2,3.440,3
160.7902,26.889,9492,545,536,2,3.679,3
160.8159,25.673,9493,545,536,2,4.116,3
160.8376,21.713,9494,545,536,2,3.474,3
160.8594,21.845,9495,545,536,2,3.869,3
160.8825,23.067,9496,545,536,2,3.813,3
160.9097,27.164,9497,545,536,2,3.697,3
160.9292,19.533,9498,545,536,2,3.920,3
160.9618,32.553,9499,545,536,2,4.239,3
160.9830,21.228,9500,545,536,2,3.717,3
161.0025,19.546,9501,545,536,2,2.637,3
161.0223,19.808,9502,545,536,2,3.405,3
161.0408,18.503,9503,545,536,2,2.189,3
161.0606,19.791,9504,545,536,2,2.288,3
161.0774,16.799,9505,545,536,2,2.381,3
161.0972,19.802,9506,545,536,2,2.599,3
161.1188,21.607,9507,545,536,2,3.309,3
161.1371,18.285,9508,545,536,2,3.028,3
161.1604,23.277,9509,545,536,2,3.322,3
161.1902,29.760,9510,545,536,2,4.049,3
161.2139,23.703,9511,545,536,2,3.316,3
161.2467,32.796,9512,545,536,2,3.925,3
161.2667,20.068,9513,545,536,2,2.794,3
161.2921,25.366,9514,545,536,2,3.595,3
161.3150,22.859,9515,545,536,2,3.583,3
161.3298,14.883,9516,545,536,2,2.854,3
161.3451,15.262,9517,545,536,2,2.591,3
161.3631,17.995,9518,545,536,2,2.236,3
161.3812,18.078,9519,545,536,2,3.197,3
161.3986,17.409,9520,545,536,2,2.193,3
161.4184,19.812,9521,545,536,2,3.019,3
161.4314,13.018,9522,545,536,2,2.031,3
161.4490,17.600,9523,545,536,2,2.715,3
161.4680,19.036,9524,545,536,2,2.149,3
161.4839,15.835,9525,545,536,2,2.359,3
161.4971,13.212,9526,545,536,2,2.032,3
161.5147,17.582,9527,545,536,2,3.358,3
161.5289,14.272,9528,545,536,2,2.469,3
161.5457,16.706,9529,545,536,2,3.016,3
161.5616,15.964,9530,545,536,2,2.014,3
161.5793,17.664,9531,545,536,2,3.034,3
161.5945,15.242,9532,545,536,2,2.147,3
161.6112,16.673,9533,545,536,2,2.396,3
161.6257,14.455,9534,545,536,2,2.045,3
161.6417,16.062,9535,545,536,2,3.257,3
161.6570,15.328,9536,545,536,2,2.099,3
161.6708,13.784,9537,545,536,2,3.525,3
161.6889,18.056,9538,545,536,2,3.737,3
161.7066,17.712,9539,545,536,2,2.430,3
161.7202,13.642,9540,545,536,2,2.663,3
161.7417,21.467,9541,545,536,2,3.010,3
161.7584,16.668,9542,545,536,2,2.114,3
161.7760,17.595,9543,545,536,2,3.184,3
161.7918,15.819,9544,545,536,2,2.664,3
161.8071,15.341,9545,545,537,2,2.802,3
161.8262,19.078,9546,545,537,2,2.224,3
161.8441,17.869,9547,545,538,2,2.763,3
161.8610,16.947,9548,545,539,2,2.129,3
161.8772,16.223,9549,545,540,2,2.698,3
161.8950,17.712,9550,545,541,2,2.134,3
161.9163,21.373,9551,545,542,2,3.623,3
161.9309,14.585,9552,545,542,2,2.019,3
161.9505,19.617,9553,545,541,2,2.762,3
161.9649,14.372,9554,545,539,2,2.304,3
161.9850,20.048,9555,545,534,2,2.860,3
162.0041,19.121,9556,545,529,2,2.392,3
162.0217,17.634,9557,545,524,2,2.775,3
162.0340,12.251,9558,545,517,2,2.080,3
162.0505,16.520,9559,545,509,2,2.175,3
162.0647,14.239,9560,545,502,2,2.037,3
162.0821,17.345,9561,545,496,2,3.211,3
162.0966,14.530,9562,545,490,2,2.001,3
162.1140,17.394,9563,545,486,2,2.952,3
162.1287,14.679,9564,545,482,2,2.391,3
162.1464,17.761,9565,545,480,2,2.713,3
162.1636,17.180,9566,545,479,2,2.052,3
162.1841,20.483,9567,545,479,2,3.405,3
162.1994,15.362,9568,545,479,2,2.786,3
162.2184,18.985,9569,545,479,2,3.146,3
162.2375,19.094,9570,545,479,2,2.933,3
162.2580,20.470,9571,545,479,2,2.743,3
162.2827,24.741,9572,545,479,2,3.568,3
162.2992,16.478,9573,545,478,2,2.144,3
162.3177,18.520,9574,545,478,2,2.418,3
162.3334,15.623,9575,545,478,2,1.981,3
162.3533,19.894,9576,545,478,2,3.243,3
162.3700,16.728,9577,545,477,2,2.265,3
162.3904,20.442,9578,545,477,2,3.891,3
162.4068,16.338,9579,545,477,2,3.250,3
162.4241,17.352,9580,545,476,2,2.423,3
162.4383,14.206,9581,545,476,2,3.417,3
162.4565,18.138,9582,545,476,2,3.039,3
162.4709,14.460,9583,545,476,2,2.610,3
162.4900,19.116,9584,545,476,2,2.676,3
162.5079,17.913,9585,545,476,2,3.325,3
162.5344,26.459,9586,545,476,2,2.283,3
162.5532,18.760,9587,545,476,2,2.629,3
162.5700,16.812,9588,545,476,2,2.335,3
162.5885,18.518,9589,545,476,2,2.786,3
162.6005,11.995,9590,545,476,2,2.031,3
162.6190,18.526,9591,545,476,2,2.652,3
162.6322,13.194,9592,545,476,2,1.999,3
162.6506,18.379,9593,545,476,2,3.438,3
162.6687,18.130,9594,545,476,2,2.506,3
162.6895,20.732,9595,545,477,2,3.011,3
162.7047,15.272,9596,545,479,2,2.586,3
162.7236,18.872,9597,545,481,2,2.635,3
162.7404,16.783,9598,545,484,2,3.151,3
162.7635,23.076,9599,545,487,2,2.831,3
162.7854,21.941,9600,545,491,2,3.390,3
162.8088,23.377,9601,545,495,2,2.932,3
162.8276,18.803,9602,545,499,2,3.021,3
162.8477,20.097,9603,545,503,2,3.528,3
162.8676,19.979,9604,545,507,2,2.135,3
162.8893,21.609,9605,545,511,2,3.287,3
162.9061,16.810,9606,545,515,2,3.247,3
162.9300,23.906,9607,545,519,2,2.392,3
162.9536,23.629,9608,545,522,2,4.268,3
162.9723,18.658,9609,545,525,2,3.109,3
162.9922,19.916,9610,545,527,2,3.726,3
163.0094,17.184,9611,545,529,2,2.960,3
163.0374,28.070,9612,545,531,2,2.738,3
163.0533,15.895,9613,545,532,2,3.305,3
163.0796,26.288,9614,545,533,2,3.634,3
163.0960,16.377,9615,545,533,2,2.143,3
163.1167,20.691,9616,545,534,2,3.239,3
163.1307,14.021,9617,545,534,2,2.203,3
163.1486,17.890,9618,545,534,2,3.236,3
163.1650,16.379,9619,545,534,2,2.594,3
163.1818,16.793,9620,545,534,2,3.504,3
163.1976,15.806,9621,545,535,2,2.050,3
163.2135,15.923,9622,545,535,2,3.110,3
163.2276,14.135,9623,545,536,2,2.011,3
163.2450,17.333,9624,545,536,2,2.649,3
163.2590,14.042,9625,545,536,2,2.021,3
163.2750,15.997,9626,545,537,2,3.181,3
163.2993,24.332,9627,545,537,2,2.213,3
163.3146,15.314,9628,545,538,2,2.969,3
163.3326,17.956,9629,545,538,2,2.039,3
163.3498,17.222,9630,545,538,2,2.474,3
163.3671,17.307,9631,545,539,2,2.264,3
163.3837,16.563,9632,545,539,2,2.287,3
163.3975,13.831,9633,545,539,2,2.058,3
163.4146,17.071,9634,545,540,2,2.911,3
163.4288,14.229,9635,545,540,2,2.092,3
163.4470,18.134,9636,545,540,2,3.045,3
163.4627,15.739,9637,545,540,2,2.200,3
163.4794,16.742,9638,545,540,2,3.047,3
163.4929,13.493,9639,545,540,2,2.114,3
163.5085,15.614,9640,545,540,2,3.632,3
163.5253,16.760,9641,545,540,2,2.553,3
163.5410,15.692,9642,545,540,2,2.975,3
163.5573,16.298,9643,545,540,2,2.921,3
163.5735,16.233,9644,545,540,2,2.362,3
163.5943,20.743,9645,545,540,2,2.071,3
163.6116,17.279,9646,545,539,2,2.661,3
163.6277,16.139,9647,545,539,2,2.033,3
163.6455,17.814,9648,545,538,2,2.576,3
163.6609,15.369,9649,545,537,2,2.030,3
163.6772,16.283,9650,545,536,2,3.038,3
163.6924,15.234,9651,545,534,2,2.261,3
163.7063,13.889,9652,545,533,2,2.652,3
163.7226,16.327,9653,545,531,2,2.469,3
163.7356,12.969,9654,545,529,2,2.124,3
163.7536,18.013,9655,545,526,2,2.222,3
163.7671,13.550,9656,545,524,2,2.052,3
163.7885,21.329,9657,545,521,2,2.955,3
163.8025,14.059,9658,545,518,2,2.168,3
163.8202,17.682,9659,545,515,2,2.291,3
163.8354,15.172,9660,545,512,2,2.198,3
163.8562,20.857,9661,545,509,2,2.687,3
163.8722,15.966,9662,545,506,2,3.007,3
163.8892,17.020,9663,545,502,2,2.436,3
163.9027,13.522,9664,545,500,2,2.148,3
163.9218,19.097,9665,545,497,2,2.727,3
163.9354,13.558,9666,545,495,2,2.085,3
163.9525,17.068,9667,545,493,2,2.084,3
163.9666,14.137,9668,545,491,2,2.008,3
163.9850,18.397,9669,545,491,2,2.473,3
163.9991,14.141,9670,545,491,2,1.981,3
164.0178,18.672,9671,545,490,2,2.090,3
164.0325,14.679,9672,545,490,2,1.964,3
164.0522,19.655,9673,545,489,2,2.163,3
164.0662,14.003,9674,545,487,2,2.034,3
164.0856,19.450,9675,545,486,2,2.107,3
164.0996,14.028,9676,545,483,2,2.018,3
164.1201,20.504,9677,545,481,2,2.102,3
164.1346,14.425,9678,545,477,2,2.249,3
164.1524,17.856,9679,545,473,2,2.180,3
164.1663,13.863,9680,545,468,2,2.002,3
164.1853,19.024,9681,545,463,2,2.463,3
164.1998,14.479,9682,545,457,2,1.992,3
164.2186,18.831,9683,545,451,2,2.035,3
164.2335,14.888,9684,545,445,2,1.977,3
164.2521,18.603,9685,545,439,2,2.395,3
164.2660,13.912,9686,545,434,2,1.946,3
164.2869,20.906,9687,545,434,2,2.621,3
164.3006,13.704,9688,545,434,2,2.140,3
164.3189,18.226,9689,545,434,2,2.437,3
164.3322,13.353,9690,545,434,2,1.939,3
164.3516,19.366,9691,545,434,2,2.412,3
164.3660,14.446,9692,545,434,2,1.996,3
164.3864,20.385,9693,545,434,2,2.496,3
164.3991,12.674,9694,545,434,2,1.981,3
164.4174,18.322,9695,545,434,2,2.040,3
164.4328,15.441,9696,545,434,2,1.954,3
164.4508,18.009,9697,545,434,2,2.029,3
164.4658,14.974,9698,545,434,2,1.977,3
164.4836,17.824,9699,545,434,2,2.065,3
164.4989,15.265,9700,545,434,2,1.935,3
164.5178,18.880,9701,545,434,2,2.390,3
164.5321,14.303,9702,545,434,2,1.977,3
164.5502,18.082,9703,545,434,2,2.033,3
164.5658,15.590,9704,545,434,2,1.947,3
164.5848,19.028,9705,545,434,2,2.026,3
164.5988,14.044,9706,545,434,2,1.985,3
164.6173,18.446,9707,545,434,2,2.528,3
164.6334,16.136,9708,545,434,2,2.171,3
164.6529,19.524,9709,545,434,2,3.112,3
164.6664,13.457,9710,545,438,2,2.128,3
164.6849,18.521,9711,545,444,2,2.028,3
164.6997,14.741,9712,545,450,2,1.960,3
164.7176,17.963,9713,545,456,2,2.017,3
164.7332,15.590,9714,545,462,2,1.984,3
164.7511,17.920,9715,545,467,2,2.066,3
164.7661,14.953,9716,545,472,2,1.973,3
164.7845,18.429,9717,545,476,2,2.113,3
164.8003,15.752,9718,545,480,2,2.072,3
164.8206,20.324,9719,545,483,2,2.570,3
164.8327,12.131,9720,545,485,2,1.974,3
164.8514,18.674,9721,545,487,2,2.271,3
164.8671,15.689,9722,545,489,2,1.987,3
164.8848,17.695,9723,545,490,2,2.369,3
164.8991,14.315,9724,545,490,2,2.104,3
164.9197,20.630,9725,545,491,2,2.111,3
164.9331,13.370,9726,545,491,2,2.021,3
164.9529,19.840,9727,545,492,2,3.139,3
164.9664,13.472,9728,545,494,2,1.985,3
164.9849,18.458,9729,545,497,2,2.083,3
164.9998,14.918,9730,545,501,2,1.994,3
165.0181,18.304,9731,545,506,2,2.040,3
165.0333,15.161,9732,545,511,2,2.006,3
165.0516,18.340,9733,545,516,2,2.109,3
165.0662,14.631,9734,545,521,2,1.999,3
165.0868,20.609,9735,545,525,2,2.544,3
165.0996,12.767,9736,545,530,2,2.074,3
165.1182,18.614,9737,545,533,2,2.270,3
165.1349,16.649,9738,545,536,2,2.300,3
165.1538,18.916,9739,545,539,2,2.165,3
165.1663,12.491,9740,545,541,2,2.137,3
165.1872,20.923,9741,545,542,2,2.152,3
165.2002,13.057,9742,545,542,2,2.013,3
165.2182,17.933,9743,545,542,2,2.235,3
165.2336,15.450,9744,545,541,2,2.036,3
165.2526,19.002,9745,545,540,2,2.251,3
165.2663,13.641,9746,545,540,2,2.057,3
165.2894,23.125,9747,545,539,2,2.360,3
165.3014,11.999,9748,545,538,2,2.273,3
165.3199,18.491,9749,545,537,2,2.183,3
165.3334,13.465,9750,545,537,2,2.088,3
165.3520,18.669,9751,545,536,2,2.585,3
165.3660,13.985,9752,545,536,2,2.145,3
165.3841,18.127,9753,545,536,2,2.128,3
165.3995,15.387,9754,545,536,2,2.219,3
165.4195,20.007,9755,545,536,2,2.160,3
165.4332,13.641,9756,545,536,2,2.094,3
165.4533,20.174,9757,545,536,2,2.093,3
165.4665,13.175,9758,545,536,2,2.478,3
165.4847,18.131,9759,545,536,2,2.524,3
165.4992,14.508,9760,545,536,2,2.002,3
165.5182,19.016,9761,545,536,2,2.544,3
165.5325,14.294,9762,545,536,2,2.005,3
165.5526,20.109,9763,545,536,2,2.729,3
165.5659,13.340,9764,545,536,2,2.125,3
165.5849,18.955,9765,545,536,2,2.575,3
165.5992,14.351,9766,545,536,2,2.016,3
165.6186,19.345,9767,545,536,2,2.606,3
165.6328,14.190,9768,545,536,2,2.036,3
165.6524,19.671,9769,545,536,2,2.143,3
165.6658,13.350,9770,545,536,2,2.017,3
165.6853,19.524,9771,545,536,2,2.319,3
165.7005,15.167,9772,545,536,2,2.074,3
165.7190,18.543,9773,545,536,2,2.114,3
165.7325,13.481,9774,545,536,2,2.227,3
165.7510,18.530,9775,545,536,2,2.159,3
165.7662,15.193,9776,545,536,2,2.191,3
165.7855,19.306,9777,545,536,2,2.120,3
165.7996,14.073,9778,545,536,2,2.002,3
165.8187,19.097,9779,545,536,2,2.285,3
165.8331,14.424,9780,545,536,2,2.033,3
165.8516,18.460,9781,545,536,2,2.095,3
165.8666,15.050,9782,545,536,2,2.009,3
165.8848,18.134,9783,545,536,2,2.114,3
165.8992,14.400,9784,545,536,2,2.024,3
165.9187,19.502,9785,545,536,2,2.366,3
165.9335,14.792,9786,545,536,2,2.148,3
165.9523,18.844,9787,545,536,2,2.414,3
165.9688,16.532,9788,545,536,2,2.343,3
165.9870,18.118,9789,545,536,2,2.696,3
166.0006,13.612,9790,545,536,2,2.130,3
166.0182,17.602,9791,545,536,2,2.114,3
166.0329,14.698,9792,545,536,2,2.061,3
166.0516,18.749,9793,545,536,2,2.141,3
166.0661,14.504,9794,545,536,2,2.017,3
166.0849,18.770,9795,545,536,2,2.182,3
166.0997,14.849,9796,545,536,2,2.051,3
166.1182,18.490,9797,545,536,2,2.551,3
166.1331,14.832,9798,545,536,2,2.277,3
166.1522,19.118,9799,545,536,2,2.104,3
166.1662,14.030,9800,545,536,2,2.042,3
166.1854,19.226,9801,545,536,2,2.186,3
166.1997,14.307,9802,545,536,2,2.089,3
166.2192,19.413,9803,545,536,2,2.211,3
166.2380,18.839,9804,545,536,2,3.115,3
166.2536,15.580,9805,545,536,2,2.163,3
166.2669,13.355,9806,545,536,2,2.013,3
166.2854,18.495,9807,545,536,2,2.141,3
166.3002,14.808,9808,545,536,2,2.058,3
166.3194,19.130,9809,545,536,2,2.640,3
166.3339,14.525,9810,545,536,2,2.114,3
166.3518,17.947,9811,545,536,2,2.144,3
166.3659,14.065,9812,545,536,2,2.051,3
166.3844,18.454,9813,545,536,2,2.113,3
166.3992,14.863,9814,545,536,2,2.010,3
166.4173,18.132,9815,545,536,2,2.260,3
166.4325,15.188,9816,545,536,2,2.040,3
166.4523,19.809,9817,545,536,2,2.565,3
166.4677,15.364,9818,545,536,2,2.024,3
166.4851,17.417,9819,545,536,2,2.350,3
166.5030,17.858,9820,545,536,2,2.197,3
166.5207,17.737,9821,545,536,2,2.507,3
166.5341,13.386,9822,545,536,2,2.009,3
166.5521,18.041,9823,545,536,2,2.157,3
166.5662,14.012,9824,545,536,2,2.017,3
166.5850,18.873,9825,545,536,2,2.356,3
166.5994,14.380,9826,545,536,2,2.013,3
166.6186,19.170,9827,545,536,2,2.123,3
166.6324,13.818,9828,545,536,2,2.009,3
166.6518,19.447,9829,545,536,2,2.110,3
166.6659,14.043,9830,545,536,2,2.034,3
166.6844,18.548,9831,545,536,2,2.258,3
166.7006,16.124,9832,545,536,2,2.168,3
166.7191,18.496,9833,545,536,2,2.928,3
166.7376,18.562,9834,545,536,2,2.191,3
166.7520,14.379,9835,545,536,2,2.096,3
166.7687,16.732,9836,545,536,2,2.098,3
166.7859,17.177,9837,545,536,2,2.119,3
166.7994,13.486,9838,545,536,2,2.021,3
166.8186,19.171,9839,545,536,2,2.136,3
166.8334,14.875,9840,545,536,2,2.072,3
166.8527,19.242,9841,545,536,2,2.505,3
166.8671,14.412,9842,545,536,2,2.011,3
166.8848,17.671,9843,545,536,2,2.260,3
166.9007,15.905,9844,545,536,2,2.104,3
166.9178,17.170,9845,545,536,2,2.326,3
166.9331,15.225,9846,545,536,2,2.247,3
166.9512,18.124,9847,545,536,2,2.089,3
166.9660,14.854,9848,545,536,2,2.022,3
166.9859,19.873,9849,545,536,2,2.644,3
167.0031,17.181,9850,545,536,2,2.335,3
167.0195,16.376,9851,545,536,2,2.242,3
167.0372,17.710,9852,545,536,2,2.134,3
167.0551,17.919,9853,545,536,2,2.832,3
167.0686,13.466,9854,545,536,2,2.186,3
167.0866,17.987,9855,545,536,2,2.231,3
167.1001,13.514,9856,545,536,2,2.057,3
167.1198,19.702,9857,545,536,2,2.821,3
167.1356,15.819,9858,545,536,2,2.830,3
167.1537,18.079,9859,545,536,2,2.158,3
167.1673,13.642,9860,545,536,2,2.264,3
167.1848,17.448,9861,545,536,2,2.144,3
167.1998,15.009,9862,545,536,2,2.059,3
167.2197,19.976,9863,545,536,2,2.489,3
167.2331,13.395,9864,545,536,2,2.008,3
167.2528,19.657,9865,545,536,2,2.590,3
167.2671,14.260,9866,545,536,2,2.138,3
167.2913,24.237,9867,545,536,2,2.239,3
167.3059,14.622,9868,545,536,2,2.298,3
167.3232,17.241,9869,545,536,2,2.326,3
167.3349,11.766,9870,545,536,2,2.106,3
167.3517,16.746,9871,545,536,2,2.616,3
167.3658,14.151,9872,545,536,2,2.032,3
167.3856,19.770,9873,545,536,2,2.143,3
167.4006,15.021,9874,545,536,2,2.013,3
167.4174,16.771,9875,545,536,2,2.156,3
167.4328,15.412,9876,545,536,2,2.008,3
167.4513,18.519,9877,545,536,2,2.097,3
167.4662,14.877,9878,545,536,2,2.028,3
167.4845,18.344,9879,545,536,2,2.114,3
167.4994,14.834,9880,545,536,2,2.004,3
167.5173,17.966,9881,545,536,2,2.103,3
167.5328,15.510,9882,545,536,2,2.020,3
167.5506,17.806,9883,545,536,2,2.087,3
167.5674,16.791,9884,545,536,2,2.084,3
167.5846,17.206,9885,545,536,2,2.113,3
167.5991,14.427,9886,545,536,2,2.008,3
167.6196,20.510,9887,545,536,2,2.192,3
167.6324,12.815,9888,545,536,2,2.013,3
167.6518,19.439,9889,545,536,2,2.902,3
167.6672,15.350,9890,545,536,2,2.164,3
167.6839,16.742,9891,545,536,2,2.162,3
167.6995,15.575,9892,545,536,2,2.091,3
167.7189,19.374,9893,545,536,2,2.098,3
167.7333,14.416,9894,545,536,2,2.455,3
167.7519,18.640,9895,545,536,2,2.119,3
167.7660,14.099,9896,545,536,2,2.010,3
167.7851,19.032,9897,545,536,2,2.509,3
167.8005,15.436,9898,545,536,2,2.179,3
167.8202,19.746,9899,545,536,2,2.462,3
167.8334,13.144,9900,545,536,2,2.051,3
167.8524,19.006,9901,545,536,2,2.604,3
167.8670,14.559,9902,545,536,2,2.048,3
167.8847,17.795,9903,545,536,2,2.402,3
167.8991,14.306,9904,545,536,2,2.002,3
167.9185,19.396,9905,545,536,2,2.123,3
167.9325,14.050,9906,545,536,2,2.007,3
167.9530,20.529,9907,545,536,2,2.171,3
167.9681,15.095,9908,545,536,2,2.608,3
167.9842,16.093,9909,545,536,2,2.261,3
167.9996,15.418,9910,545,536,2,2.137,3
168.0184,18.788,9911,545,536,2,2.114,3
168.0330,14.578,9912,545,536,2,2.010,3
168.0514,18.356,9913,545,536,2,2.082,3
168.0668,15.465,9914,545,536,2,2.075,3
168.0868,19.977,9915,545,536,2,2.049,3
168.1005,13.695,9916,545,536,2,2.011,3
168.1185,18.048,9917,545,536,2,2.131,3
168.1325,13.979,9918,545,536,2,2.038,3
168.1523,19.766,9919,545,536,2,2.459,3
168.1661,13.852,9920,545,536,2,2.050,3
168.1855,19.406,9921,545,536,2,2.271,3
168.2007,15.126,9922,545,536,2,2.198,3
168.2195,18.851,9923,545,536,2,2.231,3
168.2334,13.921,9924,545,536,2,2.140,3
168.2529,19.413,9925,545,536,2,2.211,3
168.2672,14.317,9926,545,536,2,2.056,3
168.2910,23.777,9927,545,536,2,3.572,3
168.3036,12.607,9928,545,536,2,2.162,3
168.3195,15.988,9929,545,536,2,2.087,3
168.3338,14.250,9930,545,536,2,2.073,3
168.3516,17.803,9931,545,536,2,2.512,3
168.3687,17.060,9932,545,536,2,2.100,3
168.3859,17.248,9933,545,536,2,2.578,3
168.3992,13.310,9934,545,536,2,2.009,3
168.4194,20.196,9935,545,536,2,2.044,3
168.4326,13.155,9936,545,536,2,2.016,3
168.4518,19.216,9937,545,536,2,2.139,3
168.4670,15.186,9938,545,536,2,2.012,3
168.4844,17.426,9939,545,536,2,2.177,3
168.4998,15.435,9940,545,536,2,2.144,3
168.5181,18.291,9941,545,536,2,2.029,3
168.5334,15.236,9942,545,536,2,2.015,3
168.5520,18.639,9943,545,536,2,2.062,3
168.5663,14.297,9944,545,536,2,2.012,3
168.5852,18.949,9945,545,536,2,2.197,3
168.6005,15.241,9946,545,536,2,2.044,3
168.6228,22.281,9947,545,536,2,2.149,3
168.6339,11.130,9948,545,536,2,2.050,3
168.6513,17.371,9949,545,536,2,2.058,3
168.6667,15.419,9950,545,536,2,2.041,3
168.6859,19.167,9951,545,536,2,2.072,3
168.6998,13.897,9952,545,536,2,2.089,3
168.7193,19.587,9953,545,536,2,2.253,3
168.7336,14.309,9954,545,536,2,2.164,3
168.7519,18.226,9955,545,536,2,2.043,3
168.7662,14.309,9956,545,536,2,2.077,3
168.7852,19.058,9957,545,536,2,2.136,3
168.8002,14.921,9958,545,536,2,2.048,3
168.8204,20.254,9959,545,536,2,2.302,3
168.8331,12.655,9960,545,536,2,2.066,3
168.8526,19.549,9961,545,536,2,2.135,3
168.8683,15.698,9962,545,536,2,2.082,3
168.8848,16.466,9963,545,536,2,2.149,3
168.9019,17.123,9964,545,536,2,2.145,3
168.9194,17.507,9965,545,536,2,2.178,3
168.9349,15.450,9966,545,536,2,2.365,3
168.9540,19.183,9967,545,536,2,3.195,3
168.9688,14.716,9968,545,536,2,2.248,3
168.9872,18.390,9969,545,536,2,2.208,3
169.0021,14.949,9970,545,536,2,2.195,3
169.0216,19.531,9971,545,536,2,2.203,3
169.0353,13.669,9972,545,536,2,2.119,3
169.0528,17.523,9973,545,536,2,2.183,3
169.0665,13.704,9974,545,536,2,2.077,3
169.0855,18.991,9975,545,536,2,2.080,3
169.0999,14.361,9976,545,536,2,2.007,3
169.1184,18.518,9977,545,536,2,2.092,3
169.1334,15.016,9978,545,536,2,2.055,3
169.1555,22.094,9979,545,536,2,2.175,3
169.1674,11.925,9980,545,536,2,2.012,3
169.1865,19.077,9981,545,536,2,2.171,3
169.2003,13.831,9982,545,536,2,2.007,3
169.2192,18.899,9983,545,536,2,2.056,3
169.2332,13.923,9984,545,536,2,2.112,3
169.2523,19.091,9985,545,536,2,2.080,3
169.2670,14.774,9986,545,536,2,2.070,3
169.2872,20.201,9987,545,536,2,2.344,3
169.3044,17.140,9988,545,536,2,2.471,3
169.3208,16.384,9989,545,536,2,2.457,3
169.3342,13.473,9990,545,536,2,2.092,3
169.3527,18.495,9991,545,536,2,2.088,3
169.3666,13.897,9992,545,536,2,2.017,3
169.3849,18.303,9993,545,536,2,2.123,3
169.4000,15.073,9994,545,536,2,2.082,3
169.4219,21.929,9995,545,536,2,2.361,3
169.4339,11.993,9996,545,536,2,2.055,3
169.4513,17.382,9997,545,536,2,2.158,3
169.4669,15.623,9998,545,536,2,2.057,3
169.4853,18.403,9999,545,536,2,2.119,3
169.5001,14.773,10000,545,536,2,2.060,3
169.5183,18.203,10001,545,536,2,2.112,3
169.5333,14.995,10002,545,536,2,2.009,3
169.5516,18.284,10003,545,536,2,2.082,3
169.5667,15.095,10004,545,536,2,2.071,3
169.5848,18.176,10005,545,536,2,2.144,3
169.6009,16.063,10006,545,536,2,2.520,3
169.6197,18.827,10007,545,536,2,2.120,3
169.6333,13.595,10008,545,536,2,2.044,3
169.6525,19.122,10009,545,536,2,2.114,3
169.6675,15.009,10010,545,536,2,2.075,3
169.6871,19.599,10011,545,536,2,2.205,3
169.7002,13.137,10012,545,536,2,2.238,3
169.7180,17.760,10013,545,536,2,2.089,3
169.7338,15.799,10014,545,536,2,2.160,3
169.7522,18.408,10015,545,536,2,2.077,3
169.7671,14.944,10016,545,536,2,2.005,3
169.7848,17.681,10017,545,536,2,2.162,3
169.8007,15.859,10018,545,536,2,2.044,3
169.8187,18.093,10019,545,536,2,2.132,3
169.8341,15.378,10020,545,536,2,2.098,3
169.8517,17.576,10021,545,536,2,2.083,3
169.8666,14.907,10022,545,536,2,2.023,3
169.8868,20.197,10023,545,536,2,2.644,3
169.9007,13.853,10024,545,536,2,2.009,3
169.9240,23.294,10025,545,536,2,2.747,3
169.9338,9.804,10026,545,536,2,2.259,3
169.9531,19.329,10027,545,536,2,2.026,3
169.9672,14.082,10028,545,536,2,2.035,3
169.9850,17.842,10029,545,536,2,2.059,3
170.0010,15.994,10030,545,536,2,2.557,3
170.0194,18.422,10031,545,536,2,2.088,3
170.0338,14.414,10032,545,536,2,2.028,3
170.0519,18.036,10033,545,536,2,2.114,3
170.0675,15.672,10034,545,536,2,2.156,3
170.0854,17.824,10035,545,536,2,2.114,3
170.1003,14.956,10036,545,536,2,2.067,3
170.1185,18.163,10037,545,536,2,2.103,3
170.1337,15.235,10038,545,536,2,2.083,3
170.1524,18.691,10039,545,536,2,2.122,3
170.1673,14.881,10040,545,536,2,2.127,3
170.1856,18.282,10041,545,536,2,2.107,3
170.2008,15.232,10042,545,536,2,2.105,3
170.2194,18.549,10043,545,536,2,2.106,3
170.2344,15.077,10044,545,536,2,2.130,3
170.2524,17.964,10045,545,536,2,2.065,3
170.2678,15.442,10046,545,536,2,2.074,3
170.2881,20.282,10047,545,536,2,2.783,3
170.3037,15.536,10048,545,536,2,2.328,3
170.3227,19.006,10049,545,536,2,2.173,3
170.3376,14.915,10050,545,536,2,2.136,3
170.3547,17.123,10051,545,536,2,2.611,3
170.3708,16.109,10052,545,536,2,2.902,3
170.3864,15.616,10053,545,536,2,2.347,3
170.4020,15.612,10054,545,536,2,2.337,3
170.4204,18.326,10055,545,536,2,2.742,3
170.4341,13.726,10056,545,536,2,2.051,3
170.4523,18.226,10057,545,536,2,2.986,3
170.4695,17.166,10058,545,536,2,2.434,3
170.4869,17.401,10059,545,536,2,2.253,3
170.5016,14.722,10060,545,536,2,2.192,3
170.5202,18.570,10061,545,536,2,2.210,3
170.5355,15.326,10062,545,536,2,2.365,3
170.5540,18.480,10063,545,536,2,2.311,3
170.5696,15.573,10064,545,536,2,2.405,3
170.5873,17.732,10065,545,536,2,2.241,3
170.6038,16.555,10066,545,536,2,3.102,3
170.6234,19.603,10067,545,536,2,2.182,3
170.6381,14.644,10068,545,536,2,2.283,3
170.6535,15.445,10069,545,536,2,2.331,3
170.6691,15.562,10070,545,536,2,2.247,3
170.6858,16.686,10071,545,536,2,2.336,3
170.7015,15.717,10072,545,536,2,2.243,3
170.7182,16.699,10073,545,536,2,2.073,3
170.7336,15.362,10074,545,536,2,2.119,3
170.7514,17.833,10075,545,536,2,2.023,3
170.7671,15.692,10076,545,536,2,2.029,3
170.7848,17.680,10077,545,536,2,2.052,3
170.8005,15.737,10078,545,536,2,2.070,3
170.8181,17.593,10079,545,536,2,2.065,3
170.8332,15.126,10080,545,536,2,2.024,3
170.8528,19.588,10081,545,536,2,2.084,3
170.8664,13.570,10082,545,536,2,2.017,3
170.8849,18.516,10083,545,536,2,2.130,3
170.9017,16.791,10084,545,536,2,2.175,3
170.9177,15.995,10085,545,536,2,2.084,3
170.9336,15.881,10086,545,536,2,2.209,3
170.9520,18.457,10087,545,536,2,2.025,3
170.9670,14.982,10088,545,536,2,2.058,3
170.9847,17.650,10089,545,536,2,2.101,3
171.0001,15.474,10090,545,536,2,2.013,3
171.0189,18.754,10091,545,536,2,2.102,3
171.0334,14.528,10092,545,536,2,2.001,3
171.0517,18.284,10093,545,536,2,2.117,3
171.0665,14.806,10094,545,536,2,2.028,3
171.0851,18.602,10095,545,536,2,2.057,3
171.1001,15.032,10096,545,536,2,2.061,3
171.1180,17.848,10097,545,536,2,2.072,3
171.1334,15.386,10098,545,536,2,2.018,3
171.1528,19.403,10099,545,536,2,2.279,3
171.1672,14.384,10100,545,536,2,2.417,3
171.1852,18.066,10101,545,536,2,2.042,3
171.2001,14.834,10102,545,536,2,2.044,3
171.2193,19.244,10103,545,536,2,2.054,3
171.2335,14.237,10104,545,536,2,2.063,3
171.2521,18.533,10105,545,536,2,2.119,3
171.2679,15.828,10106,545,536,2,2.177,3
171.2877,19.824,10107,545,536,2,2.838,3
171.3032,15.479,10108,545,536,2,2.545,3
171.3191,15.904,10109,545,536,2,2.117,3
171.3331,13.964,10110,545,536,2,2.042,3
171.3522,19.150,10111,545,536,2,2.114,3
171.3665,14.251,10112,545,536,2,2.026,3
171.3861,19.655,10113,545,536,2,2.104,3
171.3994,13.292,10114,545,536,2,2.372,3
171.4193,19.837,10115,545,536,2,2.330,3
171.4351,15.816,10116,545,536,2,2.681,3
171.4512,16.146,10117,545,536,2,2.771,3
171.4669,15.731,10118,545,536,2,2.085,3
171.4851,18.140,10119,545,536,2,2.078,3
171.5001,15.012,10120,545,536,2,2.013,3
171.5181,18.003,10121,545,536,2,2.105,3
171.5333,15.162,10122,545,536,2,2.231,3
171.5519,18.665,10123,545,536,2,2.072,3
171.5665,14.608,10124,545,536,2,2.022,3
171.5842,17.709,10125,545,536,2,2.061,3
171.6008,16.597,10126,545,536,2,2.550,3
171.6183,17.457,10127,545,536,2,2.045,3
171.6334,15.074,10128,545,536,2,2.050,3
171.6507,17.363,10129,545,536,2,2.564,3
171.6665,15.792,10130,545,536,2,2.104,3
171.6850,18.514,10131,545,536,2,2.451,3
171.7016,16.557,10132,545,536,2,2.765,3
171.7180,16.408,10133,545,536,2,2.188,3
171.7333,15.295,10134,545,536,2,2.116,3
171.7519,18.623,10135,545,536,2,2.195,3
171.7680,16.118,10136,545,536,2,2.184,3
171.7851,17.055,10137,545,536,2,2.148,3
171.8006,15.467,10138,545,536,2,2.176,3
171.8178,17.239,10139,545,536,2,2.040,3
171.8331,15.258,10140,545,536,2,2.118,3
171.8511,17.999,10141,545,536,2,2.171,3
171.8665,15.439,10142,545,536,2,2.036,3
171.8851,18.631,10143,545,536,2,2.079,3
171.8998,14.640,10144,545,536,2,2.046,3
171.9242,24.402,10145,545,536,2,2.657,3
171.9349,10.713,10146,545,536,2,2.289,3
171.9526,17.726,10147,545,536,2,2.312,3
171.9666,13.991,10148,545,536,2,2.309,3
171.9847,18.119,10149,545,536,2,2.054,3
171.9998,15.087,10150,545,536,2,2.111,3
172.0198,19.974,10151,545,536,2,2.863,3
172.0334,13.591,10152,545,536,2,2.067,3
172.0519,18.482,10153,545,536,2,2.100,3
172.0666,14.791,10154,545,536,2,2.049,3
172.0846,17.953,10155,545,536,2,2.068,3
172.1000,15.375,10156,545,536,2,2.172,3
172.1178,17.872,10157,545,536,2,2.063,3
172.1336,15.805,10158,545,537,2,2.292,3
172.1542,20.573,10159,545,537,2,2.979,3
172.1681,13.913,10160,545,538,2,3.136,3
172.1870,18.828,10161,545,538,2,2.588,3
172.2011,14.176,10162,545,539,2,2.516,3
172.2217,20.529,10163,545,540,2,2.037,3
172.2349,13.194,10164,545,541,2,2.074,3
172.2524,17.576,10165,545,542,2,2.169,3
172.2671,14.617,10166,545,542,2,2.279,3
172.2878,20.793,10167,545,541,2,2.674,3
172.3018,13.948,10168,545,540,2,2.667,3
172.3209,19.106,10169,545,538,2,2.582,3
172.3336,12.652,10170,545,535,2,2.395,3
172.3532,19.609,10171,545,531,2,2.093,3
172.3675,14.358,10172,545,527,2,2.286,3
172.3858,18.283,10173,545,522,2,2.136,3
172.4009,15.118,10174,545,517,2,2.399,3
172.4190,18.115,10175,545,512,2,2.376,3
172.4339,14.839,10176,545,507,2,2.311,3
172.4558,21.921,10177,545,502,2,2.270,3
172.4761,20.354,10178,545,497,2,2.302,3
172.4914,15.262,10179,545,494,2,1.999,3
172.5037,12.339,10180,545,492,2,2.076,3
172.5204,16.622,10181,545,491,2,2.097,3
172.5338,13.400,10182,545,491,2,2.121,3
172.5526,18.853,10183,545,490,2,2.437,3
172.5666,14.013,10184,545,489,2,2.321,3
172.5874,20.757,10185,545,488,2,2.570,3
172.6022,14.783,10186,545,486,2,2.890,3
172.6204,18.193,10187,545,484,2,2.077,3
172.6349,14.535,10188,545,481,2,2.476,3
172.6544,19.521,10189,545,478,2,2.309,3
172.6688,14.328,10190,545,473,2,2.097,3
172.6871,18.362,10191,545,468,2,2.065,3
172.7009,13.784,10192,545,463,2,2.068,3
172.7199,19.047,10193,545,457,2,2.163,3
172.7348,14.839,10194,545,451,2,2.013,3
172.7575,22.688,10195,545,444,2,1.997,3
172.7690,11.487,10196,545,438,2,2.151,3
172.7857,16.786,10197,545,434,2,2.496,3
172.7994,13.642,10198,545,434,2,2.178,3
172.8172,17.862,10199,545,434,2,2.411,3
172.8324,15.152,10200,545,434,2,2.256,3
172.8525,20.090,10201,545,434,2,2.481,3
172.8675,15.045,10202,545,434,2,2.571,3
172.8843,16.748,10203,545,434,2,2.436,3
172.8994,15.094,10204,545,434,2,2.406,3
172.9182,18.804,10205,545,434,2,2.113,3
172.9329,14.713,10206,545,434,2,2.833,3
172.9512,18.256,10207,545,434,2,2.277,3
172.9664,15.235,10208,545,434,2,2.214,3
172.9864,20.000,10209,545,434,2,2.053,3
173.0052,18.784,10210,545,434,2,2.525,3
173.0227,17.579,10211,545,434,2,2.089,3
173.0370,14.238,10212,545,434,2,2.213,3
173.0547,17.691,10213,545,434,2,2.200,3
173.0694,14.691,10214,545,434,2,2.141,3
173.0857,16.282,10215,545,434,2,1.969,3
173.0992,13.507,10216,545,434,2,2.321,3
173.1184,19.255,10217,545,434,2,2.185,3
173.1324,13.943,10218,545,434,2,2.371,3
173.1529,20.527,10219,545,434,2,2.583,3
173.1657,12.803,10220,545,434,2,2.387,3
173.1851,19.431,10221,545,434,2,2.350,3
173.2002,15.085,10222,545,436,2,2.318,3
173.2190,18.803,10223,545,441,2,2.796,3
173.2331,14.078,10224,545,447,2,2.436,3
173.2578,24.698,10225,545,453,2,2.161,3
173.2701,12.328,10226,545,458,2,2.206,3
173.2973,27.179,10227,545,463,2,2.484,3
173.3150,17.702,10228,545,468,2,3.010,3
173.3321,17.116,10229,545,472,2,2.310,3
173.3479,15.805,10230,545,477,2,2.408,3
173.3611,13.239,10231,545,480,2,1.987,3
173.3765,15.367,10232,545,483,2,2.421,3
173.3923,15.737,10233,545,485,2,1.973,3
173.4069,14.606,10234,545,487,2,2.156,3
173.4234,16.577,10235,545,488,2,1.999,3
173.4391,15.680,10236,545,489,2,2.092,3
173.4546,15.510,10237,545,490,2,1.988,3
173.4683,13.682,10238,545,491,2,2.449,3
173.4847,16.354,10239,545,491,2,2.428,3
173.4992,14.569,10240,545,491,2,2.538,3
173.5189,19.653,10241,545,491,2,2.568,3
173.5332,14.324,10242,545,491,2,2.612,3
173.5524,19.180,10243,545,491,2,2.703,3
173.5659,13.549,10244,545,491,2,2.392,3
173.5838,17.896,10245,545,491,2,2.603,3
173.5992,15.401,10246,545,491,2,2.443,3
173.6192,19.952,10247,545,491,2,3.123,3
173.6327,13.564,10248,545,491,2,2.726,3
173.6527,19.922,10249,545,491,2,3.040,3
173.6658,13.103,10250,545,491,2,2.442,3
173.6857,19.964,10251,545,491,2,2.704,3
173.7005,14.726,10252,545,491,2,2.401,3
173.7171,16.628,10253,545,491,2,2.665,3
173.7331,16.041,10254,545,491,2,2.827,3
173.7517,18.561,10255,545,491,2,2.360,3
173.7661,14.415,10256,545,491,2,2.446,3
173.7848,18.698,10257,545,491,2,2.585,3
173.7994,14.581,10258,545,491,2,2.376,3
173.8204,21.025,10259,545,491,2,2.395,3
173.8333,12.886,10260,545,491,2,2.838,3
173.8517,18.391,10261,545,491,2,2.907,3
173.8660,14.263,10262,545,491,2,2.390,3
173.8864,20.439,10263,545,491,2,3.277,3
173.8992,12.785,10264,545,491,2,2.363,3
173.9176,18.409,10265,545,491,2,2.571,3
173.9324,14.792,10266,545,491,2,2.292,3
173.9518,19.395,10267,545,492,2,2.822,3
173.9673,15.546,10268,545,494,2,2.414,3
173.9851,17.755,10269,545,496,2,3.142,3
174.0000,14.897,10270,545,498,2,2.417,3
174.0191,19.140,10271,545,501,2,2.474,3
174.0333,14.223,10272,545,504,2,2.399,3
174.0522,18.859,10273,545,507,2,2.558,3
174.0666,14.386,10274,545,511,2,2.380,3
174.0888,22.252,10275,545,514,2,2.056,3
174.1031,14.302,10276,545,517,2,3.093,3
174.1206,17.441,10277,545,520,2,2.697,3
174.1342,13.672,10278,545,523,2,2.460,3
174.1530,18.734,10279,545,526,2,3.096,3
174.1667,13.688,10280,545,528,2,2.516,3
174.1859,19.255,10281,545,530,2,2.749,3
174.2001,14.175,10282,545,532,2,2.503,3
174.2189,18.799,10283,545,534,2,2.518,3
174.2335,14.629,10284,545,535,2,2.396,3
174.2523,18.796,10285,545,537,2,2.563,3
174.2667,14.411,10286,545,538,2,2.364,3
174.2912,24.493,10287,545,539,2,3.391,3
174.3120,20.750,10288,545,539,2,3.070,3
174.3278,15.839,10289,545,540,2,2.150,3
174.3506,22.782,10290,545,540,2,3.212,3
174.3636,12.984,10291,545,540,2,2.108,3
174.3772,13.641,10292,545,540,2,2.204,3
174.3940,16.755,10293,545,540,2,2.021,3
174.4124,18.416,10294,545,540,2,3.181,3
174.4276,15.215,10295,545,540,2,2.067,3
174.4429,15.287,10296,545,540,2,2.370,3
174.4575,14.608,10297,545,540,2,2.016,3
174.4718,14.310,10298,545,540,2,2.098,3
174.4882,16.366,10299,545,540,2,2.451,3
174.5017,13.568,10300,545,539,2,2.836,3
174.5184,16.614,10301,545,539,2,2.708,3
174.5325,14.116,10302,545,539,2,2.218,3
174.5518,19.280,10303,545,538,2,2.921,3
174.5658,14.050,10304,545,538,2,2.195,3
174.5853,19.445,10305,545,538,2,2.860,3
174.6030,17.722,10306,545,537,2,2.796,3
174.6200,17.071,10307,545,537,2,2.707,3
174.6328,12.798,10308,545,537,2,2.425,3
174.6513,18.419,10309,545,536,2,2.540,3
174.6660,14.714,10310,545,536,2,2.268,3
174.6850,19.020,10311,545,535,2,2.866,3
174.6996,14.650,10312,545,535,2,2.256,3
174.7176,17.907,10313,545,535,2,2.604,3
174.7329,15.299,10314,545,534,2,2.161,3
174.7505,17.672,10315,545,534,2,2.565,3
174.7654,14.913,10316,545,534,2,2.137,3
174.7855,20.062,10317,545,534,2,2.513,3
174.7990,13.469,10318,545,534,2,2.170,3
174.8204,21.395,10319,545,534,2,3.288,3
174.8331,12.771,10320,545,533,2,2.202,3
174.8525,19.327,10321,545,533,2,2.753,3
174.8688,16.355,10322,545,532,2,2.518,3
174.8860,17.146,10323,545,531,2,3.158,3
174.9016,15.675,10324,545,530,2,2.255,3
174.9175,15.883,10325,545,528,2,2.602,3
174.9329,15.365,10326,545,527,2,2.186,3
174.9521,19.263,10327,545,524,2,3.076,3
174.9670,14.855,10328,545,522,2,2.262,3
174.9848,17.824,10329,545,519,2,2.562,3
175.0000,15.163,10330,545,516,2,2.679,3
175.0176,17.632,10331,545,513,2,2.459,3
175.0329,15.265,10332,545,509,2,2.118,3
175.0519,19.017,10333,545,506,2,3.113,3
175.0664,14.456,10334,545,502,2,2.222,3
175.0858,19.468,10335,545,498,2,3.181,3
175.0997,13.846,10336,545,494,2,2.259,3
175.1193,19.611,10337,545,490,2,3.057,3
175.1387,19.421,10338,545,487,2,2.601,3
175.1543,15.553,10339,545,483,2,2.049,3
175.1666,12.357,10340,545,481,2,2.144,3
175.1848,18.185,10341,545,479,2,2.801,3
175.1994,14.561,10342,545,477,2,1.973,3
175.2195,20.093,10343,545,476,2,2.772,3
175.2319,12.482,10344,545,476,2,1.974,3
175.2533,21.365,10345,545,476,2,2.498,3
175.2653,12.020,10346,545,476,2,1.993,3
175.2883,23.017,10347,545,476,2,2.767,3
175.3026,14.228,10348,545,476,2,3.868,3
175.3203,17.774,10349,545,476,2,2.607,3
175.3347,14.332,10350,545,476,2,2.763,3
175.3515,16.811,10351,545,476,2,2.594,3
175.3689,17.416,10352,545,476,2,2.750,3
175.3845,15.586,10353,545,476,2,2.700,3
175.4025,17.963,10354,545,476,2,2.577,3
175.4183,15.810,10355,545,476,2,2.628,3
175.4324,14.113,10356,545,476,2,1.986,3
175.4507,18.290,10357,545,476,2,2.509,3
175.4660,15.372,10358,545,477,2,2.007,3
175.4837,17.669,10359,545,477,2,2.275,3
175.4986,14.879,10360,545,477,2,1.995,3
175.5172,18.575,10361,545,478,2,2.406,3
175.5320,14.841,10362,545,478,2,1.963,3
175.5508,18.815,10363,545,478,2,2.578,3
175.5655,14.718,10364,545,478,2,1.990,3
175.5841,18.594,10365,545,479,2,2.523,3
175.5989,14.805,10366,545,479,2,2.023,3
175.6179,18.974,10367,545,479,2,2.781,3
175.6324,14.528,10368,545,479,2,1.980,3
175.6530,20.585,10369,545,479,2,2.469,3
175.6684,15.372,10370,545,479,2,2.340,3
175.6849,16.456,10371,545,479,2,2.791,3
175.7001,15.266,10372,545,479,2,2.053,3
175.7181,17.987,10373,545,481,2,2.663,3
175.7341,16.031,10374,545,484,2,2.006,3
175.7515,17.368,10375,545,488,2,2.423,3
175.7662,14.672,10376,545,493,2,2.052,3
175.7848,18.641,10377,545,498,2,2.895,3
175.7993,14.517,10378,545,505,2,2.073,3
175.8192,19.890,10379,545,511,2,2.697,3
175.8332,14.011,10380,545,518,2,2.039,3
175.8508,17.591,10381,545,524,2,2.251,3
175.8666,15.804,10382,545,530,2,2.053,3
175.8858,19.184,10383,545,535,2,3.143,3
175.8998,14.036,10384,545,538,2,2.043,3
175.9181,18.282,10385,545,541,2,2.414,3
175.9356,17.474,10386,545,542,2,2.658,3
175.9520,16.409,10387,545,542,2,2.953,3
175.9658,13.798,10388,545,541,2,2.064,3
175.9877,21.912,10389,545,541,2,2.794,3
175.9991,11.418,10390,545,539,2,2.019,3
176.0200,20.907,10391,545,538,2,3.128,3
176.0343,14.280,10392,545,537,2,2.130,3
176.0516,17.256,10393,545,537,2,2.615,3
176.0662,14.595,10394,545,536,2,2.076,3
176.0843,18.087,10395,545,536,2,2.295,3
176.0989,14.629,10396,545,536,2,2.010,3
176.1170,18.135,10397,545,536,2,2.257,3
176.1331,16.052,10398,545,536,2,2.148,3
176.1517,18.568,10399,545,536,2,2.460,3
176.1694,17.731,10400,545,536,2,2.105,3
176.1858,16.461,10401,545,536,2,3.080,3
176.2028,16.943,10402,545,536,2,2.736,3
176.2201,17.300,10403,545,536,2,2.734,3
176.2325,12.410,10404,545,536,2,2.013,3
176.2509,18.444,10405,545,536,2,2.286,3
176.2653,14.402,10406,545,536,2,2.003,3
176.2873,21.912,10407,545,536,2,2.898,3
176.3043,17.033,10408,545,536,2,4.353,3
176.3233,18.970,10409,545,536,2,2.100,3
176.3370,13.742,10410,545,536,2,3.120,3
176.3516,14.580,10411,545,536,2,2.889,3
176.3652,13.632,10412,545,536,2,2.136,3
176.3840,18.802,10413,545,536,2,2.594,3
176.3986,14.589,10414,545,536,2,2.008,3
176.4188,20.192,10415,545,536,2,2.482,3
176.4319,13.108,10416,545,536,2,2.006,3
176.4522,20.272,10417,545,536,2,2.369,3
176.4690,16.808,10418,545,536,2,2.595,3
176.4853,16.314,10419,545,536,2,2.762,3
176.4994,14.062,10420,545,536,2,2.011,3
176.5174,18.040,10421,545,536,2,2.105,3
176.5337,16.255,10422,545,536,2,2.067,3
176.5537,20.089,10423,545,536,2,3.423,3
176.5657,11.952,10424,545,536,2,2.386,3
176.5839,18.193,10425,545,536,2,2.102,3
176.5988,14.868,10426,545,536,2,2.034,3
176.6170,18.288,10427,545,536,2,2.083,3
176.6322,15.148,10428,545,536,2,2.028,3
176.6515,19.322,10429,545,536,2,2.746,3
176.6655,14.010,10430,545,536,2,2.014,3
176.6839,18.398,10431,545,536,2,2.280,3
176.6990,15.071,10432,545,536,2,2.022,3
176.7185,19.536,10433,545,536,2,2.600,3
176.7319,13.331,10434,545,536,2,2.021,3
176.7502,18.375,10435,545,536,2,2.104,3
176.7652,14.954,10436,545,536,2,2.012,3
176.7839,18.734,10437,545,536,2,2.115,3
176.7985,14.610,10438,545,536,2,2.015,3
176.8182,19.670,10439,545,536,2,2.802,3
176.8320,13.832,10440,545,536,2,2.098,3
176.8503,18.276,10441,545,536,2,2.098,3
176.8654,15.124,10442,545,536,2,2.051,3
176.8845,19.020,10443,545,536,2,2.100,3
176.8997,15.292,10444,545,536,2,2.063,3
176.9169,17.112,10445,545,536,2,2.215,3
176.9341,17.239,10446,545,536,2,2.113,3
176.9513,17.197,10447,545,536,2,2.297,3
176.9710,19.685,10448,545,536,2,2.076,3
176.9838,12.812,10449,545,536,2,2.075,3
177.0001,16.338,10450,545,536,2,2.007,3
177.0170,16.863,10451,545,536,2,2.119,3
177.0320,15.050,10452,545,536,2,2.016,3
177.0507,18.632,10453,545,536,2,2.293,3
177.0659,15.264,10454,545,536,2,2.168,3
177.0844,18.422,10455,545,536,2,2.127,3
177.0990,14.633,10456,545,536,2,2.011,3
177.1173,18.321,10457,545,536,2,2.105,3
177.1322,14.917,10458,545,536,2,2.007,3
177.1504,18.131,10459,545,536,2,2.071,3
177.1652,14.831,10460,545,536,2,2.019,3
177.1836,18.436,10461,545,536,2,2.083,3
177.1986,14.960,10462,545,536,2,2.016,3
177.2180,19.440,10463,545,536,2,2.184,3
177.2323,14.236,10464,545,536,2,2.508,3
177.2520,19.786,10465,545,536,2,2.147,3
177.2696,17.512,10466,545,536,2,2.082,3
177.2867,17.105,10467,545,536,2,3.034,3
177.3002,13.557,10468,545,536,2,2.740,3
177.3195,19.240,10469,545,536,2,2.877,3
177.3324,12.895,10470,545,536,2,2.104,3
177.3508,18.488,10471,545,536,2,2.146,3
177.3656,14.722,10472,545,536,2,2.009,3
177.3841,18.508,10473,545,536,2,2.152,3
177.3987,14.659,10474,545,536,2,2.010,3
177.4176,18.827,10475,545,536,2,2.504,3
177.4318,14.286,10476,545,536,2,2.001,3
177.4497,17.876,10477,545,536,2,2.037,3
177.4652,15.524,10478,545,536,2,2.005,3
177.4856,20.394,10479,545,536,2,2.686,3
177.4995,13.836,10480,545,536,2,2.114,3
177.5195,19.998,10481,545,536,2,2.957,3
177.5321,12.601,10482,545,536,2,2.025,3
177.5511,19.021,10483,545,536,2,2.119,3
177.5653,14.196,10484,545,536,2,2.015,3
177.5832,17.893,10485,545,536,2,2.064,3
177.5986,15.418,10486,545,536,2,2.022,3
177.6172,18.544,10487,545,536,2,2.592,3
177.6320,14.840,10488,545,536,2,2.032,3
177.6509,18.957,10489,545,536,2,2.137,3
177.6653,14.382,10490,545,536,2,2.039,3
177.6858,20.438,10491,545,536,2,2.187,3
177.7010,15.281,10492,545,536,2,2.065,3
177.7165,15.407,10493,545,536,2,2.316,3
177.7320,15.504,10494,545,536,2,2.120,3
177.7537,21.711,10495,545,536,2,2.665,3
177.7654,11.714,10496,545,536,2,2.014,3
177.7844,19.014,10497,545,536,2,2.115,3
177.7990,14.615,10498,545,536,2,2.011,3
177.8167,17.654,10499,545,536,2,2.091,3
177.8320,15.376,10500,545,536,2,2.003,3
177.8510,19.006,10501,545,536,2,2.116,3
177.8652,14.108,10502,545,536,2,2.006,3
177.8847,19.521,10503,545,536,2,2.311,3
177.8985,13.781,10504,545,536,2,2.015,3
177.9175,19.079,10505,545,536,2,2.166,3
177.9326,15.106,10506,545,536,2,2.008,3
177.9499,17.250,10507,545,536,2,2.215,3
177.9652,15.332,10508,545,536,2,2.127,3
177.9836,18.392,10509,545,536,2,2.094,3
177.9989,15.329,10510,545,536,2,2.009,3
178.0200,21.043,10511,545,536,2,3.343,3
178.0326,12.646,10512,545,536,2,2.007,3
178.0521,19.485,10513,545,536,2,2.135,3
178.0652,13.051,10514,545,536,2,2.037,3
178.0834,18.225,10515,545,536,2,2.126,3
178.0986,15.194,10516,545,536,2,2.007,3
178.1183,19.714,10517,545,536,2,2.214,3
178.1336,15.284,10518,545,536,2,2.048,3
178.1519,18.354,10519,545,536,2,2.305,3
178.1654,13.442,10520,545,536,2,2.095,3
178.1835,18.162,10521,545,536,2,2.111,3
178.1988,15.263,10522,545,536,2,2.008,3
178.2174,18.586,10523,545,536,2,2.129,3
178.2329,15.471,10524,545,536,2,2.080,3
178.2503,17.404,10525,545,536,2,2.086,3
178.2653,15.071,10526,545,536,2,2.025,3
178.2895,24.193,10527,545,536,2,3.872,3
178.3105,21.010,10528,545,536,2,3.313,3
178.3258,15.276,10529,545,536,2,2.450,3
178.3374,11.596,10530,545,536,2,2.992,3
178.3522,14.833,10531,545,536,2,2.395,3
178.3663,14.044,10532,545,536,2,2.030,3
178.3838,17.556,10533,545,536,2,2.329,3
178.3986,14.745,10534,545,536,2,2.125,3
178.4183,19.713,10535,545,536,2,2.286,3
178.4323,13.956,10536,545,536,2,2.135,3
178.4503,18.034,10537,545,536,2,2.135,3
178.4654,15.085,10538,545,536,2,2.027,3
178.4832,17.824,10539,545,536,2,2.058,3
178.4989,15.665,10540,545,536,2,2.016,3
178.5170,18.144,10541,545,536,2,2.150,3
178.5318,14.765,10542,545,536,2,2.006,3
178.5518,20.056,10543,545,536,2,2.598,3
178.5668,14.999,10544,545,536,2,2.026,3
178.5852,18.360,10545,545,536,2,2.223,3
178.5986,13.447,10546,545,536,2,2.038,3
178.6176,18.969,10547,545,536,2,2.140,3
178.6327,15.119,10548,545,536,2,2.002,3
178.6499,17.163,10549,545,536,2,2.131,3
178.6654,15.540,10550,545,536,2,2.015,3
178.6850,19.580,10551,545,536,2,3.051,3
178.6987,13.638,10552,545,536,2,2.015,3
178.7169,18.204,10553,545,536,2,2.160,3
178.7321,15.194,10554,545,536,2,2.032,3
178.7501,18.032,10555,545,536,2,2.111,3
178.7652,15.127,10556,545,536,2,2.009,3
178.7852,19.987,10557,545,536,2,2.151,3
178.7985,13.313,10558,545,536,2,2.049,3
178.8173,18.786,10559,545,536,2,2.404,3
178.8322,14.885,10560,545,536,2,2.085,3
178.8501,17.890,10561,545,536,2,2.058,3
178.8652,15.133,10562,545,536,2,2.048,3
178.8840,18.768,10563,545,536,2,2.091,3
178.8993,15.298,10564,545,536,2,2.017,3
178.9167,17.426,10565,545,536,2,2.186,3
178.9320,15.300,10566,545,536,2,2.122,3
178.9549,22.946,10567,545,536,2,2.718,3
178.9653,10.385,10568,545,536,2,2.084,3
178.9837,18.410,10569,545,536,2,2.107,3
178.9993,15.539,10570,545,536,2,2.097,3
179.0166,17.280,10571,545,536,2,2.089,3
179.0320,15.452,10572,545,536,2,2.002,3
179.0513,19.315,10573,545,536,2,2.313,3
179.0654,14.113,10574,545,536,2,2.024,3
179.0858,20.399,10575,545,536,2,3.198,3
179.0988,12.944,10576,545,536,2,2.045,3
179.1178,19.044,10577,545,536,2,2.338,3
179.1319,14.127,10578,545,536,2,2.066,3
179.1503,18.374,10579,545,536,2,2.053,3
179.1654,15.077,10580,545,536,2,2.012,3
179.1835,18.103,10581,545,536,2,2.079,3
179.1995,15.955,10582,545,536,2,2.119,3
179.2177,18.237,10583,545,536,2,2.404,3
179.2319,14.213,10584,545,536,2,2.006,3
179.2504,18.491,10585,545,536,2,2.166,3
179.2651,14.666,10586,545,536,2,2.018,3
179.2848,19.733,10587,545,536,2,2.198,3
179.2984,13.645,10588,545,536,2,2.046,3
179.3173,18.848,10589,545,536,2,2.524,3
179.3318,14.511,10590,545,536,2,2.018,3
179.3521,20.330,10591,545,536,2,2.950,3
179.3656,13.462,10592,545,536,2,2.220,3
179.3837,18.147,10593,545,536,2,2.119,3
179.3989,15.140,10594,545,536,2,2.033,3
179.4175,18.575,10595,545,536,2,2.052,3
179.4321,14.637,10596,545,536,2,2.010,3
179.4506,18.510,10597,545,536,2,2.095,3
179.4657,15.080,10598,545,536,2,2.038,3
179.4853,19.651,10599,545,536,2,2.660,3
179.5020,16.707,10600,545,536,2,2.124,3
179.5188,16.752,10601,545,536,2,2.100,3
179.5322,13.418,10602,545,536,2,2.021,3
179.5507,18.462,10603,545,536,2,2.134,3
179.5652,14.556,10604,545,536,2,2.063,3
179.5837,18.469,10605,545,536,2,2.125,3
179.5985,14.765,10606,545,536,2,2.014,3
179.6186,20.134,10607,545,536,2,2.938,3
179.6318,13.219,10608,545,536,2,2.013,3
179.6507,18.871,10609,545,536,2,2.320,3
179.6656,14.940,10610,545,536,2,2.166,3
179.6841,18.513,10611,545,536,2,2.135,3
179.6993,15.177,10612,545,536,2,2.254,3
179.7173,17.994,10613,545,536,2,2.154,3
179.7321,14.773,10614,545,536,2,2.011,3
179.7514,19.327,10615,545,536,2,2.454,3
179.7652,13.773,10616,545,536,2,2.014,3
179.7854,20.179,10617,545,536,2,2.121,3
179.7985,13.096,10618,545,536,2,2.006,3
179.8169,18.426,10619,545,536,2,2.088,3
179.8318,14.943,10620,545,536,2,2.008,3
179.8515,19.689,10621,545,536,2,2.191,3
179.8650,13.490,10622,545,536,2,2.063,3
179.8843,19.268,10623,545,536,2,2.541,3
179.8986,14.353,10624,545,536,2,2.153,3
179.9176,18.932,10625,545,536,2,2.085,3
179.9321,14.516,10626,545,536,2,2.018,3
179.9515,19.470,10627,545,536,2,2.183,3
179.9654,13.895,10628,545,536,2,2.032,3
179.9842,18.712,10629,545,536,2,2.130,3
179.9987,14.568,10630,545,536,2,2.005,3
180.0190,20.257,10631,545,536,2,3.238,3
180.0352,16.253,10632,545,536,2,2.146,3
180.0517,16.508,10633,545,536,2,2.092,3
180.0657,13.936,10634,545,536,2,2.039,3
180.0840,18.291,10635,545,536,2,2.567,3
180.0992,15.231,10636,545,536,2,2.057,3
180.1168,17.632,10637,545,536,2,2.211,3
180.1330,16.174,10638,545,536,2,2.095,3
180.1517,18.706,10639,545,536,2,2.803,3
180.1658,14.077,10640,545,536,2,2.424,3
180.1839,18.080,10641,545,536,2,2.084,3
180.1989,15.054,10642,545,536,2,2.019,3
180.2170,18.083,10643,545,536,2,2.095,3
180.2318,14.754,10644,545,536,2,1.999,3
180.2505,18.738,10645,545,536,2,2.138,3
180.2653,14.818,10646,545,536,2,2.023,3
180.2884,23.063,10647,545,536,2,3.105,3
180.3098,21.423,10648,545,536,2,3.224,3
180.3240,14.251,10649,545,536,2,2.406,3
180.3361,12.071,10650,545,536,2,2.159,3
180.3523,16.173,10651,545,536,2,2.157,3
180.3652,12.893,10652,545,536,2,2.162,3
180.3834,18.179,10653,545,536,2,2.167,3
180.3988,15.417,10654,545,536,2,2.025,3
180.4179,19.091,10655,545,536,2,2.422,3
180.4318,13.902,10656,545,536,2,2.010,3
180.4500,18.275,10657,545,536,2,2.097,3
180.4651,15.024,10658,545,536,2,2.045,3
180.4842,19.161,10659,545,536,2,2.189,3
180.4994,15.164,10660,545,536,2,2.002,3
180.5175,18.104,10661,545,537,2,2.181,3
180.5323,14.789,10662,545,537,2,2.124,3
180.5515,19.228,10663,545,538,2,2.514,3
180.5688,17.305,10664,545,539,2,2.141,3
180.5857,16.847,10665,545,540,2,2.121,3
180.5994,13.696,10666,545,542,2,2.056,3
180.6178,18.404,10667,545,542,2,2.543,3
180.6324,14.590,10668,545,542,2,2.042,3
180.6525,20.157,10669,545,541,2,2.315,3
180.6674,14.855,10670,545,539,2,2.114,3
180.6864,19.047,10671,545,535,2,2.564,3
180.7015,15.054,10672,545,530,2,2.177,3
180.7193,17.793,10673,545,525,2,2.275,3
180.7372,17.903,10674,545,518,2,2.396,3
180.7546,17.466,10675,545,512,2,2.389,3
180.7679,13.312,10676,545,505,2,2.011,3
180.7851,17.120,10677,545,499,2,2.191,3
180.7993,14.220,10678,545,493,2,1.979,3
180.8183,19.061,10679,545,488,2,2.288,3
180.8359,17.515,10680,545,484,2,2.209,3
180.8530,17.175,10681,545,481,2,2.556,3
180.8655,12.438,10682,545,479,2,2.019,3
180.8839,18.470,10683,545,479,2,2.091,3
180.9002,16.220,10684,545,479,2,1.981,3
180.9171,16.914,10685,545,479,2,2.359,3
180.9320,14.963,10686,545,479,2,2.050,3
180.9507,18.625,10687,545,479,2,2.074,3
180.9651,14.417,10688,545,479,2,2.051,3
180.9834,18.359,10689,545,479,2,2.087,3
180.9990,15.593,10690,545,478,2,1.977,3
181.0175,18.417,10691,545,478,2,2.056,3
181.0319,14.419,10692,545,478,2,1.976,3
181.0509,19.021,10693,545,478,2,2.495,3
181.0662,15.321,10694,545,477,2,2.377,3
181.0843,18.048,10695,545,477,2,2.131,3
181.1005,16.279,10696,545,477,2,1.985,3
181.1182,17.684,10697,545,476,2,2.065,3
181.1318,13.542,10698,545,476,2,1.962,3
181.1505,18.700,10699,545,476,2,2.099,3
181.1652,14.726,10700,545,476,2,2.006,3
181.1844,19.220,10701,545,476,2,2.332,3
181.1983,13.931,10702,545,476,2,1.977,3
181.2169,18.512,10703,545,476,2,2.073,3
181.2317,14.837,10704,545,476,2,1.968,3
181.2502,18.462,10705,545,476,2,2.041,3
181.2651,14.934,10706,545,476,2,1.982,3
181.2862,21.131,10707,545,476,2,2.692,3
181.2996,13.409,10708,545,476,2,2.274,3
181.3185,18.910,10709,545,476,2,2.645,3
181.3350,16.492,10710,545,476,2,2.048,3
181.3511,16.033,10711,545,476,2,2.126,3
181.3675,16.432,10712,545,476,2,2.015,3
181.3850,17.479,10713,545,477,2,2.176,3
181.3990,14.059,10714,545,478,2,2.041,3
181.4174,18.405,10715,545,480,2,2.089,3
181.4322,14.730,10716,545,482,2,1.975,3
181.4520,19.858,10717,545,485,2,2.505,3
181.4657,13.679,10718,545,488,2,1.988,3
181.4851,19.349,10719,545,491,2,2.318,3
181.4991,14.054,10720,545,495,2,1.988,3
181.5181,18.979,10721,545,498,2,2.107,3
181.5322,14.121,10722,545,502,2,2.044,3
181.5515,19.310,10723,545,506,2,2.476,3
181.5657,14.128,10724,545,509,2,2.006,3
181.5854,19.779,10725,545,513,2,2.478,3
181.6001,14.713,10726,545,516,2,1.993,3
181.6189,18.774,10727,545,519,2,2.564,3
181.6326,13.723,10728,545,521,2,2.008,3
181.6528,20.152,10729,545,524,2,2.533,3
181.6660,13.205,10730,545,526,2,2.009,3
181.6852,19.184,10731,545,527,2,2.210,3
181.6995,14.354,10732,545,528,2,2.006,3
181.7183,18.745,10733,545,528,2,2.790,3
181.7331,14.859,10734,545,528,2,2.022,3
181.7511,17.998,10735,545,528,2,2.576,3
181.7664,15.216,10736,545,529,2,2.101,3
181.7879,21.524,10737,545,529,2,2.507,3
181.8023,14.470,10738,545,530,2,2.115,3
181.8198,17.457,10739,545,530,2,2.244,3
181.8373,17.496,10740,545,531,2,2.563,3
181.8595,22.206,10741,545,531,2,3.885,3
181.8768,17.253,10742,545,532,2,3.870,3
181.8957,18.921,10743,545,532,2,2.821,3
181.9159,20.227,10744,545,533,2,3.659,3
181.9304,14.455,10745,545,533,2,2.051,3
181.9486,18.203,10746,545,534,2,3.357,3
181.9614,12.804,10747,545,534,2,2.028,3
181.9761,14.777,10748,545,534,2,3.835,3
181.9914,15.248,10749,545,535,2,2.397,3
182.0033,11.879,10750,545,535,2,2.133,3
182.0198,16.572,10751,545,535,2,2.116,3
182.0335,13.660,10752,545,535,2,2.071,3
182.0517,18.160,10753,545,535,2,2.525,3
182.0655,13.788,10754,545,535,2,2.019,3
182.0855,20.049,10755,545,535,2,2.306,3
182.0996,14.065,10756,545,535,2,2.022,3
182.1189,19.319,10757,545,535,2,2.663,3
182.1323,13.383,10758,545,535,2,2.140,3
182.1512,18.903,10759,545,535,2,2.117,3
182.1653,14.145,10760,545,535,2,2.055,3
182.1851,19.737,10761,545,535,2,2.168,3
182.1990,13.975,10762,545,535,2,2.541,3
182.2181,19.065,10763,545,535,2,2.172,3
182.2321,13.981,10764,545,535,2,2.054,3
182.2516,19.490,10765,545,535,2,2.666,3
182.2654,13.862,10766,545,535,2,2.083,3
182.2860,20.533,10767,545,535,2,2.434,3
182.3020,16.051,10768,545,535,2,2.189,3
182.3210,18.980,10769,545,535,2,3.050,3
182.3334,12.387,10770,545,535,2,2.016,3
182.3514,18.037,10771,545,535,2,2.249,3
182.3656,14.198,10772,545,535,2,2.030,3
182.3842,18.630,10773,545,535,2,2.184,3
182.3987,14.412,10774,545,535,2,2.013,3
182.4182,19.583,10775,545,534,2,2.285,3
182.4321,13.855,10776,545,534,2,2.019,3
182.4543,22.190,10777,545,534,2,3.508,3
182.4694,15.126,10778,545,534,2,2.788,3
182.4867,17.315,10779,545,534,2,2.696,3
182.4998,13.115,10780,545,534,2,2.120,3
182.5186,18.728,10781,545,534,2,2.208,3
182.5329,14.339,10782,545,534,2,2.541,3
182.5522,19.268,10783,545,534,2,2.263,3
182.5662,13.986,10784,545,534,2,2.038,3
182.5848,18.604,10785,545,534,2,2.135,3
182.5993,14.525,10786,545,534,2,2.080,3
182.6194,20.125,10787,545,534,2,2.529,3
182.6330,13.603,10788,545,534,2,1.999,3
182.6513,18.328,10789,545,534,2,2.117,3
182.6651,13.784,10790,545,534,2,2.019,3
182.6858,20.683,10791,545,534,2,2.348,3
182.7008,14.937,10792,545,533,2,2.007,3
182.7185,17.786,10793,545,533,2,2.288,3
182.7328,14.293,10794,545,532,2,2.118,3
182.7524,19.521,10795,545,531,2,2.932,3
182.7665,14.161,10796,545,530,2,2.147,3
182.7849,18.354,10797,545,528,2,2.117,3
182.7993,14.423,10798,545,527,2,2.004,3
182.8206,21.315,10799,545,525,2,2.538,3
182.8324,11.759,10800,545,522,2,2.010,3
182.8530,20.654,10801,545,519,2,2.138,3
182.8657,12.646,10802,545,516,2,2.004,3
182.8855,19.865,10803,545,513,2,2.546,3
182.9007,15.187,10804,545,509,2,2.536,3
182.9181,17.396,10805,545,506,2,2.587,3
182.9333,15.201,10806,545,502,2,2.461,3
182.9527,19.403,10807,545,498,2,2.143,3
182.9674,14.700,10808,545,494,2,2.138,3
182.9847,17.293,10809,545,490,2,2.035,3
182.9992,14.533,10810,545,487,2,2.000,3
183.0201,20.814,10811,545,483,2,3.162,3
183.0331,13.067,10812,545,481,2,1.978,3
183.0520,18.900,10813,545,479,2,2.491,3
183.0665,14.459,10814,545,477,2,1.992,3
183.0846,18.168,10815,545,476,2,2.072,3
183.0998,15.179,10816,545,476,2,1.995,3
183.1178,18.005,10817,545,476,2,2.084,3
183.1316,13.783,10818,545,476,2,2.000,3
183.1527,21.089,10819,545,476,2,2.428,3
183.1652,12.543,10820,545,476,2,1.971,3
183.1855,20.203,10821,545,476,2,2.245,3
183.1994,13.993,10822,545,476,2,1.964,3
183.2168,17.307,10823,545,476,2,2.101,3
183.2322,15.455,10824,545,476,2,2.176,3
183.2514,19.228,10825,545,476,2,2.077,3
183.2655,14.099,10826,545,476,2,1.980,3
183.2858,20.271,10827,545,476,2,2.334,3
183.3000,14.175,10828,545,476,2,2.388,3
183.3177,17.744,10829,545,476,2,2.494,3
183.3322,14.482,10830,545,477,2,1.963,3
183.3508,18.606,10831,545,477,2,2.028,3
183.3650,14.195,10832,545,477,2,1.990,3
183.3853,20.284,10833,545,478,2,2.459,3
183.3989,13.562,10834,545,478,2,2.014,3
183.4184,19.574,10835,545,478,2,2.664,3
183.4342,15.742,10836,545,478,2,2.374,3
183.4516,17.405,10837,545,479,2,2.470,3
183.4653,13.740,10838,545,479,2,2.044,3
183.4844,19.057,10839,545,479,2,2.415,3
183.4989,14.561,10840,545,479,2,1.982,3
183.5180,19.039,10841,545,479,2,2.436,3
183.5318,13.845,10842,545,479,2,1.982,3
183.5510,19.145,10843,545,479,2,2.081,3
183.5654,14.405,10844,545,479,2,1.981,3
183.5851,19.702,10845,545,481,2,2.104,3
183.5996,14.527,10846,545,484,2,1.969,3
183.6184,18.857,10847,545,488,2,2.438,3
183.6326,14.126,10848,545,493,2,1.979,3
183.6532,20.591,10849,545,498,2,2.367,3
183.6668,13.617,10850,545,505,2,2.403,3
183.6861,19.320,10851,545,511,2,2.749,3
183.7004,14.330,10852,545,518,2,2.146,3
183.7190,18.547,10853,545,524,2,2.142,3
183.7345,15.537,10854,545,530,2,2.047,3
183.7524,17.863,10855,545,535,2,2.192,3
183.7667,14.314,10856,545,538,2,2.017,3
183.7855,18.781,10857,545,541,2,2.516,3
183.8002,14.739,10858,545,542,2,2.445,3
183.8189,18.688,10859,545,542,2,2.561,3
183.8326,13.718,10860,545,541,2,2.025,3
183.8510,18.373,10861,545,541,2,2.054,3
183.8659,14.893,10862,545,539,2,2.026,3
183.8853,19.417,10863,545,538,2,2.623,3
183.8998,14.470,10864,545,537,2,2.000,3
183.9200,20.239,10865,545,537,2,2.648,3
183.9345,14.478,10866,545,536,2,2.089,3
183.9516,17.061,10867,545,536,2,2.249,3
183.9660,14.436,10868,545,536,2,2.028,3
183.9858,19.826,10869,545,536,2,2.078,3
184.0004,14.612,10870,545,536,2,2.076,3
184.0185,18.114,10871,545,536,2,2.350,3
184.0324,13.873,10872,545,536,2,2.047,3
184.0514,18.977,10873,545,536,2,2.543,3
184.0660,14.585,10874,545,536,2,2.013,3
184.0852,19.203,10875,545,536,2,2.553,3
184.0994,14.239,10876,545,536,2,2.004,3
184.1178,18.427,10877,545,536,2,2.166,3
184.1326,14.763,10878,545,536,2,2.462,3
184.1518,19.159,10879,545,536,2,2.316,3
184.1659,14.153,10880,545,536,2,2.504,3
184.1857,19.755,10881,545,536,2,2.552,3
184.1991,13.439,10882,545,536,2,2.121,3
184.2176,18.516,10883,545,536,2,2.073,3
184.2328,15.130,10884,545,536,2,2.000,3
184.2520,19.231,10885,545,536,2,2.471,3
184.2661,14.097,10886,545,536,2,2.016,3
184.2863,20.210,10887,545,536,2,2.477,3
184.2999,13.576,10888,545,536,2,2.110,3
184.3195,19.630,10889,545,536,2,2.773,3
184.3331,13.594,10890,545,536,2,2.105,3
184.3511,18.006,10891,545,536,2,2.105,3
184.3654,14.326,10892,545,536,2,2.003,3
184.3850,19.605,10893,545,536,2,2.405,3
184.3999,14.844,10894,545,536,2,2.410,3
184.4187,18.804,10895,545,536,2,2.442,3
184.4331,14.427,10896,545,536,2,2.536,3
184.4509,17.754,10897,545,536,2,2.136,3
184.4659,14.991,10898,545,536,2,2.033,3
184.4847,18.835,10899,545,536,2,2.521,3
184.4992,14.526,10900,545,536,2,2.007,3
184.5181,18.840,10901,545,536,2,2.512,3
184.5326,14.505,10902,545,536,2,2.014,3
184.5510,18.441,10903,545,536,2,2.188,3
184.5659,14.902,10904,545,536,2,2.012,3
184.5839,18.038,10905,545,536,2,2.111,3
184.5992,15.284,10906,545,536,2,2.020,3
184.6179,18.715,10907,545,536,2,2.635,3
184.6329,14.920,10908,545,536,2,2.036,3
184.6525,19.593,10909,545,536,2,2.226,3
184.6664,13.955,10910,545,536,2,2.047,3
184.6855,19.139,10911,545,536,2,2.371,3
184.6996,14.076,10912,545,536,2,2.064,3
184.7179,18.306,10913,545,536,2,2.181,3
184.7332,15.270,10914,545,536,2,2.116,3
184.7517,18.484,10915,545,536,2,2.526,3
184.7667,15.001,10916,545,536,2,2.442,3
184.7845,17.789,10917,545,536,2,2.485,3
184.7991,14.624,10918,545,536,2,2.002,3
184.8193,20.190,10919,545,536,2,2.067,3
184.8324,13.126,10920,545,536,2,2.037,3
184.8530,20.547,10921,545,536,2,2.522,3
184.8657,12.758,10922,545,536,2,2.004,3
184.8854,19.644,10923,545,536,2,2.562,3
184.9009,15.590,10924,545,536,2,2.443,3
184.9181,17.156,10925,545,536,2,2.244,3
184.9329,14.829,10926,545,536,2,2.218,3
184.9516,18.656,10927,545,536,2,2.182,3
184.9664,14.811,10928,545,536,2,2.539,3
184.9842,17.839,10929,545,536,2,2.090,3
184.9993,15.106,10930,545,536,2,2.001,3
185.0182,18.887,10931,545,536,2,2.513,3
185.0327,14.435,10932,545,536,2,2.002,3
185.0520,19.363,10933,545,536,2,2.550,3
185.0660,13.979,10934,545,536,2,2.017,3
185.0854,19.367,10935,545,536,2,2.499,3
185.0994,14.056,10936,545,536,2,2.014,3
185.1170,17.578,10937,545,536,2,2.117,3
185.1329,15.896,10938,545,536,2,2.019,3
185.1507,17.807,10939,545,536,2,2.107,3
185.1659,15.139,10940,545,536,2,2.015,3
185.1842,18.313,10941,545,536,2,2.175,3
185.1998,15.588,10942,545,536,2,2.095,3
185.2190,19.253,10943,545,536,2,2.535,3
185.2326,13.595,10944,545,536,2,2.041,3
185.2511,18.538,10945,545,536,2,2.094,3
185.2664,15.267,10946,545,536,2,2.002,3
185.2875,21.058,10947,545,536,2,2.535,3
185.3032,15.766,10948,545,536,2,2.618,3
185.3217,18.435,10949,545,536,2,2.752,3
185.3331,11.463,10950,545,536,2,2.022,3
185.3517,18.566,10951,545,536,2,2.578,3
185.3659,14.246,10952,545,536,2,2.014,3
185.3859,19.946,10953,545,536,2,2.223,3
185.3993,13.431,10954,545,536,2,2.019,3
185.4192,19.858,10955,545,536,2,2.401,3
185.4333,14.167,10956,545,536,2,2.120,3
185.4507,17.353,10957,545,536,2,2.199,3
185.4665,15.782,10958,545,536,2,2.027,3
185.4851,18.617,10959,545,536,2,2.304,3
185.4994,14.300,10960,545,536,2,2.002,3
185.5181,18.728,10961,545,536,2,2.550,3
185.5328,14.690,10962,545,536,2,2.016,3
185.5509,18.060,10963,545,536,2,2.080,3
185.5661,15.207,10964,545,536,2,2.028,3
185.5843,18.262,10965,545,536,2,2.084,3
185.5996,15.297,10966,545,536,2,2.052,3
185.6182,18.535,10967,545,536,2,2.581,3
185.6332,15.052,10968,545,536,2,2.018,3
185.6526,19.363,10969,545,536,2,2.427,3
185.6671,14.533,10970,545,536,2,2.018,3
185.6857,18.542,10971,545,536,2,2.324,3
185.7008,15.182,10972,545,536,2,2.015,3
185.7181,17.208,10973,545,536,2,2.141,3
185.7331,15.096,10974,545,536,2,2.127,3
185.7522,19.027,10975,545,536,2,2.287,3
185.7664,14.245,10976,545,536,2,2.135,3
185.7850,18.590,10977,545,536,2,2.123,3
185.8005,15.491,10978,545,536,2,2.484,3
185.8183,17.801,10979,545,536,2,2.485,3
185.8337,15.350,10980,545,536,2,2.480,3
185.8518,18.169,10981,545,536,2,2.061,3
185.8663,14.527,10982,545,536,2,2.003,3
185.8856,19.220,10983,545,536,2,2.275,3
185.8995,13.976,10984,545,536,2,2.005,3
185.9178,18.294,10985,545,536,2,2.115,3
185.9328,15.002,10986,545,536,2,1.999,3
185.9512,18.358,10987,545,536,2,2.497,3
185.9661,14.923,10988,545,536,2,2.031,3
185.9854,19.290,10989,545,536,2,2.286,3
186.0000,14.557,10990,545,536,2,2.085,3
186.0189,18.968,10991,545,536,2,2.171,3
186.0326,13.684,10992,545,536,2,2.077,3
186.0516,19.006,10993,545,536,2,2.552,3
186.0667,15.078,10994,545,536,2,2.042,3
186.0855,18.766,10995,545,536,2,2.481,3
186.1005,15.038,10996,545,536,2,2.520,3
186.1173,16.782,10997,545,536,2,2.109,3
186.1332,15.890,10998,545,536,2,2.475,3
186.1532,20.052,10999,545,536,2,2.362,3
186.1670,13.768,11000,545,536,2,2.528,3
186.1849,17.878,11001,545,536,2,2.205,3
186.1994,14.545,11002,545,536,2,1.999,3
186.2179,18.477,11003,545,536,2,2.440,3
186.2330,15.084,11004,545,536,2,2.018,3
186.2517,18.747,11005,545,536,2,2.111,3
186.2663,14.606,11006,545,536,2,2.088,3
186.2865,20.184,11007,545,536,2,2.542,3
186.3015,14.972,11008,545,536,2,2.481,3
186.3189,17.391,11009,545,536,2,2.228,3
186.3331,14.200,11010,545,536,2,2.039,3
186.3510,17.907,11011,545,536,2,2.047,3
186.3661,15.062,11012,545,536,2,2.022,3
186.3842,18.135,11013,545,536,2,2.071,3
186.3995,15.308,11014,545,536,2,2.009,3
186.4178,18.332,11015,545,536,2,2.071,3
186.4329,15.077,11016,545,536,2,2.011,3
186.4526,19.698,11017,545,536,2,2.563,3
186.4661,13.468,11018,545,536,2,2.025,3
186.4850,18.944,11019,545,536,2,2.070,3
186.5005,15.513,11020,545,536,2,2.239,3
186.5186,18.068,11021,545,536,2,2.400,3
186.5330,14.377,11022,545,536,2,2.408,3
186.5521,19.098,11023,545,536,2,2.507,3
186.5663,14.193,11024,545,536,2,2.083,3
186.5845,18.259,11025,545,536,2,2.091,3
186.5995,14.956,11026,545,536,2,2.161,3
186.6191,19.576,11027,545,536,2,2.511,3
186.6336,14.547,11028,545,536,2,2.451,3
186.6522,18.636,11029,545,536,2,2.408,3
186.6662,13.970,11030,545,536,2,2.008,3
186.6861,19.912,11031,545,536,2,2.464,3
186.6992,13.096,11032,545,536,2,2.031,3
186.7187,19.504,11033,545,536,2,2.563,3
186.7326,13.881,11034,545,536,2,2.001,3
186.7506,18.044,11035,545,536,2,2.031,3
186.7665,15.894,11036,545,536,2,2.514,3
186.7837,17.199,11037,545,536,2,2.050,3
186.7997,15.935,11038,545,536,2,2.042,3
186.8191,19.388,11039,545,536,2,2.383,3
186.8326,13.525,11040,545,536,2,2.050,3
186.8518,19.231,11041,545,536,2,2.181,3
186.8656,13.760,11042,545,536,2,2.479,3
186.8854,19.826,11043,545,536,2,2.078,3
186.9007,15.272,11044,545,536,2,2.011,3
186.9176,16.893,11045,545,536,2,2.084,3
186.9335,15.908,11046,545,536,2,2.195,3
186.9516,18.092,11047,545,536,2,2.512,3
186.9663,14.703,11048,545,536,2,2.386,3
186.9843,18.008,11049,545,536,2,2.108,3
186.9992,14.951,11050,545,536,2,2.042,3
187.0188,19.608,11051,545,536,2,2.481,3
187.0337,14.830,11052,545,536,2,2.476,3
187.0512,17.582,11053,545,536,2,2.143,3
187.0662,14.983,11054,545,536,2,2.191,3
187.0858,19.613,11055,545,536,2,2.164,3
187.0995,13.665,11056,545,536,2,2.057,3
187.1179,18.383,11057,545,536,2,2.523,3
187.1326,14.742,11058,545,536,2,2.083,3
187.1506,17.946,11059,545,536,2,2.034,3
187.1671,16.500,11060,545,536,2,2.080,3
187.1859,18.830,11061,545,536,2,2.502,3
187.1995,13.580,11062,545,536,2,2.015,3
187.2182,18.732,11063,545,536,2,2.102,3
187.2325,14.280,11064,545,536,2,2.021,3
187.2516,19.076,11065,545,536,2,2.523,3
187.2660,14.382,11066,545,536,2,2.139,3
187.2865,20.558,11067,545,536,2,2.471,3
187.3007,14.159,11068,545,536,2,2.314,3
187.3186,17.947,11069,545,536,2,2.230,3
187.3325,13.878,11070,545,536,2,2.697,3
187.3517,19.209,11071,545,536,2,2.283,3
187.3661,14.386,11072,545,536,2,2.234,3
187.3842,18.107,11073,545,536,2,2.110,3
187.3993,15.086,11074,545,536,2,2.069,3
187.4179,18.626,11075,545,536,2,2.465,3
187.4339,15.948,11076,545,536,2,2.098,3
187.4517,17.856,11077,545,536,2,2.483,3
187.4662,14.474,11078,545,536,2,2.100,3
187.4845,18.287,11079,545,536,2,2.141,3
187.4992,14.746,11080,545,536,2,2.053,3
187.5178,18.544,11081,545,536,2,2.150,3
187.5323,14.499,11082,545,536,2,2.093,3
187.5522,19.934,11083,545,536,2,2.127,3
187.5658,13.629,11084,545,536,2,2.060,3
187.5841,18.246,11085,545,536,2,2.305,3
187.5992,15.168,11086,545,536,2,2.244,3
187.6204,21.106,11087,545,536,2,3.029,3
187.6326,12.199,11088,545,536,2,2.212,3
187.6518,19.244,11089,545,536,2,2.362,3
187.6658,13.981,11090,545,536,2,2.058,3
187.6849,19.144,11091,545,536,2,2.295,3
187.7016,16.708,11092,545,536,2,2.685,3
187.7191,17.496,11093,545,536,2,2.165,3
187.7323,13.152,11094,545,536,2,2.183,3
187.7518,19.484,11095,545,536,2,2.256,3
187.7657,13.956,11096,545,536,2,2.365,3
187.7844,18.688,11097,545,536,2,2.137,3
187.7997,15.302,11098,545,536,2,2.244,3
187.8185,18.836,11099,545,536,2,2.565,3
187.8327,14.125,11100,545,536,2,2.054,3
187.8519,19.194,11101,545,536,2,2.459,3
187.8661,14.234,11102,545,536,2,2.066,3
187.8853,19.245,11103,545,536,2,2.550,3
187.8995,14.200,11104,545,536,2,2.055,3
187.9181,18.586,11105,545,536,2,2.083,3
187.9330,14.914,11106,545,536,2,2.278,3
187.9515,18.494,11107,545,536,2,2.069,3
187.9665,14.988,11108,545,536,2,2.281,3
187.9845,17.992,11109,545,536,2,2.056,3
187.9997,15.155,11110,545,536,2,2.274,3
188.0190,19.373,11111,545,536,2,2.447,3
188.0336,14.536,11112,545,536,2,2.179,3
188.0528,19.180,11113,545,536,2,2.658,3
188.0665,13.733,11114,545,536,2,2.606,3
188.0847,18.169,11115,545,536,2,2.167,3
188.1000,15.331,11116,545,536,2,2.310,3
188.1199,19.928,11117,545,536,2,2.113,3
188.1335,13.607,11118,545,536,2,2.587,3
188.1518,18.274,11119,545,536,2,2.454,3
188.1662,14.395,11120,545,536,2,2.256,3
188.1857,19.464,11121,545,536,2,2.264,3
188.1996,13.902,11122,545,536,2,2.287,3
188.2200,20.446,11123,545,536,2,2.509,3
188.2329,12.894,11124,545,536,2,2.200,3
188.2524,19.498,11125,545,536,2,2.510,3
188.2667,14.303,11126,545,536,2,2.347,3
188.2873,20.586,11127,545,536,2,2.757,3
188.3002,12.906,11128,545,536,2,2.359,3
188.3187,18.454,11129,545,536,2,2.499,3
188.3326,13.938,11130,545,536,2,2.266,3
188.3517,19.158,11131,545,536,2,2.297,3
188.3664,14.701,11132,545,536,2,2.213,3
188.3851,18.615,11133,545,536,2,2.082,3
188.3994,14.333,11134,545,536,2,2.289,3
188.4192,19.807,11135,545,536,2,2.521,3
188.4327,13.448,11136,545,536,2,2.380,3
188.4518,19.130,11137,545,536,2,2.131,3
188.4661,14.357,11138,545,536,2,2.415,3
188.4843,18.194,11139,545,536,2,2.334,3
188.5001,15.755,11140,545,536,2,2.388,3
188.5175,17.389,11141,545,536,2,2.540,3
188.5346,17.083,11142,545,536,2,2.588,3
188.5516,17.044,11143,545,536,2,3.019,3
188.5668,15.157,11144,545,536,2,2.685,3
